Semaine,Date_debut,Mois,Trimestre,Maladie,Total_cas,Total_deces,Taux_letalite_pct
2022-S01,2022-01-05,1,Q1,COQUELUCHE,3.0,0.0,0.0
2022-S01,2022-01-08,1,Q1,COQUELUCHE,48.0,0.0,0.0
2022-S02,2022-01-14,1,Q1,COQUELUCHE,32.0,0.0,0.0
2022-S02,2022-01-16,1,Q1,COQUELUCHE,1.0,0.0,0.0
2022-S03,2022-01-17,1,Q1,COQUELUCHE,85.0,0.0,0.0
2022-S04,2022-01-24,1,Q1,COQUELUCHE,93.0,0.0,0.0
2022-S04,2022-01-30,1,Q1,COQUELUCHE,2.0,0.0,0.0
2022-S05,2022-01-31,1,Q1,COQUELUCHE,59.0,1.0,1.69
2022-S05,2022-02-03,2,Q1,COQUELUCHE,1.0,0.0,0.0
2022-S05,2022-02-05,2,Q1,COQUELUCHE,68.0,1.0,1.47
2022-S07,2022-02-14,2,Q1,COQUELUCHE,39.0,0.0,0.0
2022-S07,2022-02-20,2,Q1,COQUELUCHE,6.0,0.0,0.0
2022-S08,2022-02-21,2,Q1,COQUELUCHE,62.0,0.0,0.0
2022-S08,2022-02-24,2,Q1,COQUELUCHE,1.0,0.0,0.0
2022-S08,2022-02-27,2,Q1,COQUELUCHE,2.0,0.0,0.0
2022-S09,2022-02-28,2,Q1,COQUELUCHE,51.0,0.0,0.0
2022-S09,2022-03-01,3,Q1,COQUELUCHE,56.0,0.0,0.0
2022-S10,2022-03-07,3,Q1,COQUELUCHE,8.0,0.0,0.0
2022-S10,2022-03-10,3,Q1,COQUELUCHE,14.0,0.0,0.0
2022-S11,2022-03-14,3,Q1,COQUELUCHE,85.0,1.0,1.18
2022-S12,2022-03-21,3,Q1,COQUELUCHE,64.0,0.0,0.0
2022-S13,2022-03-28,3,Q1,COQUELUCHE,80.0,0.0,0.0
2022-S14,2022-04-04,4,Q2,COQUELUCHE,82.0,0.0,0.0
2022-S14,2022-04-07,4,Q2,COQUELUCHE,54.0,0.0,0.0
2022-S14,2022-04-09,4,Q2,COQUELUCHE,10.0,0.0,0.0
2022-S15,2022-04-14,4,Q2,COQUELUCHE,1.0,0.0,0.0
2022-S16,2022-04-18,4,Q2,COQUELUCHE,40.0,0.0,0.0
2022-S17,2022-04-25,4,Q2,COQUELUCHE,58.0,0.0,0.0
2022-S19,2022-05-09,5,Q2,COQUELUCHE,35.0,0.0,0.0
2022-S20,2022-05-16,5,Q2,COQUELUCHE,40.0,0.0,0.0
2022-S20,2022-05-22,5,Q2,COQUELUCHE,1.0,0.0,0.0
2022-S21,2022-05-23,5,Q2,COQUELUCHE,21.0,0.0,0.0
2022-S22,2022-05-30,5,Q2,COQUELUCHE,23.0,0.0,0.0
2022-S23,2022-06-06,6,Q2,COQUELUCHE,38.0,0.0,0.0
2022-S24,2022-06-13,6,Q2,COQUELUCHE,41.0,0.0,0.0
2022-S24,2022-06-16,6,Q2,COQUELUCHE,1.0,0.0,0.0
2022-S25,2022-06-20,6,Q2,COQUELUCHE,44.0,0.0,0.0
2022-S26,2022-06-27,6,Q2,COQUELUCHE,28.0,1.0,3.57
2022-S26,2022-07-02,7,Q3,COQUELUCHE,72.0,1.0,1.39
2022-S26,2022-07-03,7,Q3,COQUELUCHE,82.0,0.0,0.0
2022-S27,2022-07-08,7,Q3,COQUELUCHE,15.0,0.0,0.0
2022-S28,2022-07-11,7,Q3,COQUELUCHE,6.0,0.0,0.0
2022-S28,2022-07-17,7,Q3,COQUELUCHE,7.0,0.0,0.0
2022-S29,2022-07-18,7,Q3,COQUELUCHE,39.0,0.0,0.0
2022-S29,2022-07-24,7,Q3,COQUELUCHE,7.0,0.0,0.0
2022-S30,2022-07-25,7,Q3,COQUELUCHE,37.0,0.0,0.0
2022-S30,2022-07-31,7,Q3,COQUELUCHE,5.0,0.0,0.0
2022-S32,2022-08-08,8,Q3,COQUELUCHE,6.0,0.0,0.0
2022-S32,2022-08-14,8,Q3,COQUELUCHE,6.0,0.0,0.0
2022-S33,2022-08-15,8,Q3,COQUELUCHE,4.0,0.0,0.0
2022-S34,2022-08-22,8,Q3,COQUELUCHE,16.0,0.0,0.0
2022-S34,2022-08-28,8,Q3,COQUELUCHE,1.0,0.0,0.0
2022-S35,2022-08-29,8,Q3,COQUELUCHE,31.0,0.0,0.0
2022-S36,2022-09-05,9,Q3,COQUELUCHE,49.0,0.0,0.0
2022-S37,2022-09-18,9,Q3,COQUELUCHE,1.0,0.0,0.0
2022-S38,2022-09-19,9,Q3,COQUELUCHE,16.0,0.0,0.0
2022-S38,2022-09-25,9,Q3,COQUELUCHE,5.0,0.0,0.0
2022-S39,2022-09-26,9,Q3,COQUELUCHE,12.0,1.0,8.33
2022-S39,2022-10-01,10,Q4,COQUELUCHE,28.0,0.0,0.0
2022-S40,2022-10-07,10,Q4,COQUELUCHE,5.0,0.0,0.0
2022-S44,2022-11-04,11,Q4,COQUELUCHE,35.0,0.0,0.0
2022-S45,2022-11-07,11,Q4,COQUELUCHE,6.0,0.0,0.0
2022-S45,2022-11-09,11,Q4,COQUELUCHE,11.0,0.0,0.0
2022-S49,2022-12-05,12,Q4,COQUELUCHE,1.0,0.0,0.0
2022-S49,2022-12-09,12,Q4,COQUELUCHE,7.0,0.0,0.0
2023-S01,2023-01-02,1,Q1,COQUELUCHE,1.0,0.0,0.0
2023-S03,2023-01-16,1,Q1,COQUELUCHE,15.0,0.0,0.0
2023-S04,2023-01-23,1,Q1,COQUELUCHE,29.0,0.0,0.0
2023-S04,2023-01-29,1,Q1,COQUELUCHE,21.5,0.0,0.0
2023-S05,2023-01-30,1,Q1,COQUELUCHE,14.0,0.0,0.0
2023-S05,2023-02-01,2,Q1,COQUELUCHE,15.0,0.0,0.0
2023-S06,2023-02-06,2,Q1,COQUELUCHE,1.0,0.0,0.0
2023-S07,2023-02-13,2,Q1,COQUELUCHE,21.0,0.0,0.0
2023-S08,2023-02-20,2,Q1,COQUELUCHE,20.0,0.0,0.0
2023-S22,2023-06-02,6,Q2,COQUELUCHE,28.0,0.0,0.0
2023-S35,2023-09-01,9,Q3,COQUELUCHE,16.0,0.0,0.0
2022-S01,2022-01-03,1,Q1,COVID-19,41.0,0.0,0.0
2022-S01,2022-01-08,1,Q1,COVID-19,595.0,0.0,0.0
2022-S02,2022-01-13,1,Q1,COVID-19,7.0,0.0,0.0
2022-S03,2022-01-17,1,Q1,COVID-19,796.0,3.0,0.38
2022-S03,2022-01-20,1,Q1,COVID-19,4.0,0.0,0.0
2022-S03,2022-01-23,1,Q1,COVID-19,9.0,0.0,0.0
2022-S04,2022-01-24,1,Q1,COVID-19,702.0,2.0,0.28
2022-S04,2022-01-27,1,Q1,COVID-19,20.0,0.0,0.0
2022-S05,2022-01-31,1,Q1,COVID-19,505.0,4.0,0.79
2022-S05,2022-02-05,2,Q1,COVID-19,429.0,0.0,0.0
2022-S06,2022-02-07,2,Q1,COVID-19,4.0,0.0,0.0
2022-S07,2022-02-14,2,Q1,COVID-19,409.0,0.0,0.0
2022-S07,2022-02-17,2,Q1,COVID-19,1.0,0.0,0.0
2022-S08,2022-02-21,2,Q1,COVID-19,406.0,4.0,0.99
2022-S08,2022-02-27,2,Q1,COVID-19,303.5,0.0,0.0
2022-S09,2022-02-28,2,Q1,COVID-19,201.0,1.0,0.5
2022-S09,2022-03-01,3,Q1,COVID-19,2299.0,18.0,0.78
2022-S09,2022-03-02,3,Q1,COVID-19,16.0,0.0,0.0
2022-S10,2022-03-10,3,Q1,COVID-19,12.0,0.0,0.0
2022-S11,2022-03-14,3,Q1,COVID-19,379.0,4.0,1.06
2022-S11,2022-03-17,3,Q1,COVID-19,2.0,0.0,0.0
2022-S12,2022-03-21,3,Q1,COVID-19,131.0,9.0,6.87
2022-S13,2022-03-28,3,Q1,COVID-19,143.0,0.0,0.0
2022-S14,2022-04-04,4,Q2,COVID-19,15.0,0.0,0.0
2022-S14,2022-04-07,4,Q2,COVID-19,881.0,0.0,0.0
2022-S15,2022-04-11,4,Q2,COVID-19,2.0,0.0,0.0
2022-S15,2022-04-17,4,Q2,COVID-19,32.5,0.0,0.0
2022-S16,2022-04-18,4,Q2,COVID-19,63.0,0.0,0.0
2022-S17,2022-04-25,4,Q2,COVID-19,440.0,0.0,0.0
2022-S18,2022-05-06,5,Q2,COVID-19,1.0,0.0,0.0
2022-S19,2022-05-09,5,Q2,COVID-19,446.0,2.0,0.45
2022-S20,2022-05-16,5,Q2,COVID-19,736.0,0.0,0.0
2022-S21,2022-05-23,5,Q2,COVID-19,946.0,0.0,0.0
2022-S21,2022-05-29,5,Q2,COVID-19,3.0,0.0,0.0
2022-S22,2022-05-30,5,Q2,COVID-19,1395.0,1.0,0.07
2022-S22,2022-05-31,5,Q2,COVID-19,957.5,0.0,0.0
2022-S22,2022-06-05,6,Q2,COVID-19,520.0,0.0,0.0
2022-S23,2022-06-06,6,Q2,COVID-19,60.0,0.0,0.0
2022-S23,2022-06-09,6,Q2,COVID-19,725.5,0.0,0.0
2022-S24,2022-06-13,6,Q2,COVID-19,1391.0,1.0,0.07
2022-S24,2022-06-19,6,Q2,COVID-19,2.0,0.0,0.0
2022-S25,2022-06-20,6,Q2,COVID-19,798.0,2.0,0.25
2022-S26,2022-06-27,6,Q2,COVID-19,311.0,0.0,0.0
2022-S26,2022-07-02,7,Q3,COVID-19,624.0,0.0,0.0
2022-S26,2022-07-03,7,Q3,COVID-19,209.0,0.0,0.0
2022-S29,2022-07-18,7,Q3,COVID-19,811.0,0.0,0.0
2022-S30,2022-07-25,7,Q3,COVID-19,995.0,1.0,0.1
2022-S31,2022-08-01,8,Q3,COVID-19,3.0,0.0,0.0
2022-S32,2022-08-08,8,Q3,COVID-19,700.0,4.0,0.57
2022-S33,2022-08-15,8,Q3,COVID-19,677.0,0.0,0.0
2022-S34,2022-08-22,8,Q3,COVID-19,761.0,2.0,0.26
2022-S35,2022-08-29,8,Q3,COVID-19,326.0,2.0,0.61
2022-S36,2022-09-05,9,Q3,COVID-19,338.0,1.0,0.3
2022-S38,2022-09-19,9,Q3,COVID-19,725.0,0.0,0.0
2022-S39,2022-09-26,9,Q3,COVID-19,1189.0,0.0,0.0
2022-S39,2022-10-01,10,Q4,COVID-19,870.0,2.0,0.23
2022-S39,2022-10-02,10,Q4,COVID-19,2.0,0.0,0.0
2022-S40,2022-10-03,10,Q4,COVID-19,1342.0,0.0,0.0
2022-S44,2022-11-01,11,Q4,COVID-19,18.0,0.0,0.0
2022-S44,2022-11-04,11,Q4,COVID-19,356.0,1.0,0.28
2022-S45,2022-11-07,11,Q4,COVID-19,620.0,0.0,0.0
2022-S49,2022-12-09,12,Q4,COVID-19,749.0,0.0,0.0
2023-S01,2023-01-02,1,Q1,COVID-19,1.0,0.0,0.0
2023-S02,2023-01-09,1,Q1,COVID-19,302.5,0.0,0.0
2023-S03,2023-01-16,1,Q1,COVID-19,604.0,0.0,0.0
2023-S03,2023-01-17,1,Q1,COVID-19,20.0,0.0,0.0
2023-S04,2023-01-23,1,Q1,COVID-19,386.0,0.0,0.0
2023-S04,2023-01-29,1,Q1,COVID-19,462.5,0.0,0.0
2023-S05,2023-01-30,1,Q1,COVID-19,539.0,0.0,0.0
2023-S05,2023-02-01,2,Q1,COVID-19,701.0,1.0,0.14
2023-S06,2023-02-06,2,Q1,COVID-19,2.0,0.0,0.0
2023-S07,2023-02-13,2,Q1,COVID-19,734.0,1.0,0.14
2023-S08,2023-02-20,2,Q1,COVID-19,596.0,0.0,0.0
2023-S08,2023-02-23,2,Q1,COVID-19,26.0,0.0,0.0
2023-S22,2023-06-02,6,Q2,COVID-19,570.0,0.0,0.0
2023-S35,2023-09-01,9,Q3,COVID-19,587.0,0.0,0.0
2022-S01,2022-01-05,1,Q1,Choléra,65.0,0.0,0.0
2022-S01,2022-01-08,1,Q1,Choléra,57.0,0.0,0.0
2022-S01,2022-01-09,1,Q1,Choléra,4.0,0.0,0.0
2022-S03,2022-01-17,1,Q1,Choléra,335.0,8.0,2.39
2022-S03,2022-01-20,1,Q1,Choléra,3.0,0.0,0.0
2022-S04,2022-01-24,1,Q1,Choléra,319.0,6.0,1.88
2022-S04,2022-01-27,1,Q1,Choléra,1.0,0.0,0.0
2022-S05,2022-01-31,1,Q1,Choléra,409.0,3.0,0.73
2022-S05,2022-02-05,2,Q1,Choléra,169.0,0.0,0.0
2022-S07,2022-02-14,2,Q1,Choléra,232.0,0.0,0.0
2022-S08,2022-02-21,2,Q1,Choléra,167.0,4.0,2.4
2022-S08,2022-02-22,2,Q1,Choléra,63.0,0.0,0.0
2022-S09,2022-02-28,2,Q1,Choléra,273.0,1.0,0.37
2022-S09,2022-03-01,3,Q1,Choléra,878.0,5.0,0.57
2022-S09,2022-03-04,3,Q1,Choléra,1.0,0.0,0.0
2022-S09,2022-03-05,3,Q1,Choléra,31.0,1.0,3.23
2022-S10,2022-03-07,3,Q1,Choléra,52.0,0.0,0.0
2022-S10,2022-03-10,3,Q1,Choléra,582.0,11.0,1.89
2022-S11,2022-03-14,3,Q1,Choléra,231.0,2.0,0.87
2022-S12,2022-03-21,3,Q1,Choléra,173.0,2.0,1.16
2022-S13,2022-03-28,3,Q1,Choléra,170.0,4.0,2.35
2022-S14,2022-04-04,4,Q2,Choléra,145.0,7.0,4.83
2022-S14,2022-04-07,4,Q2,Choléra,30.0,0.0,0.0
2022-S14,2022-04-09,4,Q2,Choléra,57.0,5.0,8.77
2022-S15,2022-04-11,4,Q2,Choléra,10.0,1.0,10.0
2022-S16,2022-04-18,4,Q2,Choléra,160.0,1.0,0.62
2022-S16,2022-04-21,4,Q2,Choléra,1.0,0.0,0.0
2022-S17,2022-04-25,4,Q2,Choléra,222.0,4.0,1.8
2022-S19,2022-05-09,5,Q2,Choléra,252.0,9.0,3.57
2022-S19,2022-05-10,5,Q2,Choléra,10.0,2.0,20.0
2022-S20,2022-05-16,5,Q2,Choléra,231.0,1.0,0.43
2022-S21,2022-05-23,5,Q2,Choléra,232.0,3.0,1.29
2022-S22,2022-05-30,5,Q2,Choléra,282.0,9.0,3.19
2022-S23,2022-06-06,6,Q2,Choléra,189.0,2.0,1.06
2022-S24,2022-06-13,6,Q2,Choléra,202.0,2.0,0.99
2022-S24,2022-06-16,6,Q2,Choléra,8.0,1.0,12.5
2022-S25,2022-06-20,6,Q2,Choléra,156.0,1.0,0.64
2022-S25,2022-06-23,6,Q2,Choléra,3.0,1.0,33.33
2022-S26,2022-06-27,6,Q2,Choléra,72.0,3.0,4.17
2022-S26,2022-07-02,7,Q3,Choléra,354.0,8.0,2.26
2022-S26,2022-07-03,7,Q3,Choléra,308.0,1.0,0.32
2022-S27,2022-07-07,7,Q3,Choléra,2.0,0.0,0.0
2022-S27,2022-07-08,7,Q3,Choléra,97.0,0.0,0.0
2022-S27,2022-07-09,7,Q3,Choléra,1.0,0.0,0.0
2022-S28,2022-07-14,7,Q3,Choléra,6.0,1.0,16.67
2022-S28,2022-07-17,7,Q3,Choléra,54.0,0.0,0.0
2022-S29,2022-07-18,7,Q3,Choléra,36.0,3.0,8.33
2022-S29,2022-07-21,7,Q3,Choléra,2.0,0.0,0.0
2022-S29,2022-07-24,7,Q3,Choléra,57.0,0.0,0.0
2022-S30,2022-07-25,7,Q3,Choléra,57.0,3.0,5.26
2022-S30,2022-07-28,7,Q3,Choléra,2.0,0.0,0.0
2022-S30,2022-07-31,7,Q3,Choléra,52.0,0.0,0.0
2022-S32,2022-08-08,8,Q3,Choléra,139.0,13.0,9.35
2022-S32,2022-08-14,8,Q3,Choléra,124.0,0.0,0.0
2022-S33,2022-08-15,8,Q3,Choléra,168.0,12.0,7.14
2022-S33,2022-08-18,8,Q3,Choléra,2.0,0.0,0.0
2022-S33,2022-08-21,8,Q3,Choléra,156.0,6.0,3.85
2022-S34,2022-08-22,8,Q3,Choléra,212.0,0.0,0.0
2022-S34,2022-08-24,8,Q3,Choléra,1.0,0.0,0.0
2022-S34,2022-08-28,8,Q3,Choléra,64.0,1.0,1.56
2022-S35,2022-08-29,8,Q3,Choléra,148.0,7.0,4.73
2022-S36,2022-09-05,9,Q3,Choléra,287.0,4.0,1.39
2022-S36,2022-09-06,9,Q3,Choléra,6.0,0.0,0.0
2022-S36,2022-09-08,9,Q3,Choléra,29.0,1.0,3.45
2022-S37,2022-09-15,9,Q3,Choléra,1.0,0.0,0.0
2022-S37,2022-09-18,9,Q3,Choléra,85.0,0.0,0.0
2022-S38,2022-09-19,9,Q3,Choléra,223.0,7.0,3.14
2022-S38,2022-09-22,9,Q3,Choléra,2.0,0.0,0.0
2022-S38,2022-09-25,9,Q3,Choléra,141.0,0.0,0.0
2022-S39,2022-09-26,9,Q3,Choléra,289.0,6.0,2.08
2022-S39,2022-09-29,9,Q3,Choléra,15.0,1.0,6.67
2022-S39,2022-10-01,10,Q4,Choléra,714.0,6.0,0.84
2022-S39,2022-10-02,10,Q4,Choléra,1.0,1.0,100.0
2022-S40,2022-10-04,10,Q4,Choléra,1.0,0.0,0.0
2022-S40,2022-10-06,10,Q4,Choléra,3.0,0.0,0.0
2022-S40,2022-10-07,10,Q4,Choléra,29.0,0.0,0.0
2022-S41,2022-10-13,10,Q4,Choléra,5.0,0.0,0.0
2022-S44,2022-11-04,11,Q4,Choléra,214.0,1.0,0.47
2022-S45,2022-11-07,11,Q4,Choléra,57.0,2.0,3.51
2022-S45,2022-11-09,11,Q4,Choléra,59.0,3.0,5.08
2022-S49,2022-12-09,12,Q4,Choléra,235.0,6.0,2.55
2023-S01,2023-01-02,1,Q1,Choléra,365.0,20.5,5.62
2023-S02,2023-01-09,1,Q1,Choléra,495.0,16.1,3.25
2023-S03,2023-01-16,1,Q1,Choléra,625.0,11.8,1.89
2023-S04,2023-01-23,1,Q1,Choléra,552.0,5.300000000000001,0.96
2023-S04,2023-01-26,1,Q1,Choléra,1.0,0.0,0.0
2023-S05,2023-01-30,1,Q1,Choléra,905.0,4.0,0.44
2023-S05,2023-02-01,2,Q1,Choléra,905.0,6.0,0.66
2023-S06,2023-02-06,2,Q1,Choléra,255.0,1.0,0.39
2023-S07,2023-02-13,2,Q1,Choléra,595.0,10.5,1.76
2023-S07,2023-02-16,2,Q1,Choléra,12.0,4.0,33.33
2023-S08,2023-02-20,2,Q1,Choléra,271.0,23.5,8.67
2023-S22,2023-06-02,6,Q2,Choléra,186.0,2.0,1.08
2023-S35,2023-09-01,9,Q3,Choléra,688.0,3.0,0.44
2023-S35,2023-09-02,9,Q3,Choléra,1.0,0.0,0.0
2022-S01,2022-01-03,1,Q1,DECES MATERNELS,2.0,0.0,0.0
2022-S01,2022-01-05,1,Q1,DECES MATERNELS,2.0,0.0,0.0
2022-S01,2022-01-08,1,Q1,DECES MATERNELS,30.0,13.0,43.33
2022-S01,2022-01-09,1,Q1,DECES MATERNELS,2.0,2.0,100.0
2022-S02,2022-01-13,1,Q1,DECES MATERNELS,1.0,1.0,100.0
2022-S02,2022-01-14,1,Q1,DECES MATERNELS,2.0,0.0,0.0
2022-S03,2022-01-17,1,Q1,DECES MATERNELS,27.0,10.0,37.04
2022-S03,2022-01-23,1,Q1,DECES MATERNELS,3.0,2.0,66.67
2022-S04,2022-01-24,1,Q1,DECES MATERNELS,31.0,5.0,16.13
2022-S04,2022-01-27,1,Q1,DECES MATERNELS,2.0,2.0,100.0
2022-S05,2022-01-31,1,Q1,DECES MATERNELS,34.0,6.0,17.65
2022-S05,2022-02-05,2,Q1,DECES MATERNELS,24.0,9.0,37.5
2022-S06,2022-02-07,2,Q1,DECES MATERNELS,2.0,2.0,100.0
2022-S06,2022-02-08,2,Q1,DECES MATERNELS,2.0,0.0,0.0
2022-S06,2022-02-13,2,Q1,DECES MATERNELS,1.0,0.0,0.0
2022-S07,2022-02-14,2,Q1,DECES MATERNELS,28.0,9.0,32.14
2022-S08,2022-02-21,2,Q1,DECES MATERNELS,32.0,13.0,40.62
2022-S08,2022-02-22,2,Q1,DECES MATERNELS,2.0,0.0,0.0
2022-S08,2022-02-24,2,Q1,DECES MATERNELS,3.0,3.0,100.0
2022-S09,2022-02-28,2,Q1,DECES MATERNELS,39.0,7.0,17.95
2022-S09,2022-03-01,3,Q1,DECES MATERNELS,32.0,7.0,21.88
2022-S09,2022-03-04,3,Q1,DECES MATERNELS,2.0,0.0,0.0
2022-S09,2022-03-05,3,Q1,DECES MATERNELS,1.0,1.0,100.0
2022-S10,2022-03-07,3,Q1,DECES MATERNELS,5.0,1.0,20.0
2022-S10,2022-03-08,3,Q1,DECES MATERNELS,2.0,2.0,100.0
2022-S10,2022-03-10,3,Q1,DECES MATERNELS,20.0,4.0,20.0
2022-S11,2022-03-14,3,Q1,DECES MATERNELS,28.0,6.0,21.43
2022-S11,2022-03-17,3,Q1,DECES MATERNELS,1.0,1.0,100.0
2022-S12,2022-03-21,3,Q1,DECES MATERNELS,43.0,15.0,34.88
2022-S12,2022-03-24,3,Q1,DECES MATERNELS,3.0,3.0,100.0
2022-S12,2022-03-27,3,Q1,DECES MATERNELS,2.0,0.0,0.0
2022-S13,2022-03-28,3,Q1,DECES MATERNELS,34.0,13.0,38.24
2022-S13,2022-03-30,3,Q1,DECES MATERNELS,2.0,0.0,0.0
2022-S13,2022-03-31,3,Q1,DECES MATERNELS,3.0,3.0,100.0
2022-S13,2022-04-01,4,Q2,DECES MATERNELS,3.0,1.0,33.33
2022-S14,2022-04-04,4,Q2,DECES MATERNELS,35.0,10.0,28.57
2022-S14,2022-04-07,4,Q2,DECES MATERNELS,37.0,15.0,40.54
2022-S14,2022-04-09,4,Q2,DECES MATERNELS,2.0,0.0,0.0
2022-S15,2022-04-11,4,Q2,DECES MATERNELS,1.0,0.0,0.0
2022-S15,2022-04-14,4,Q2,DECES MATERNELS,4.0,1.0,25.0
2022-S15,2022-04-17,4,Q2,DECES MATERNELS,4.0,1.0,25.0
2022-S16,2022-04-18,4,Q2,DECES MATERNELS,28.0,13.0,46.43
2022-S16,2022-04-21,4,Q2,DECES MATERNELS,5.0,5.0,100.0
2022-S16,2022-04-24,4,Q2,DECES MATERNELS,1.0,0.0,0.0
2022-S17,2022-04-25,4,Q2,DECES MATERNELS,36.0,15.0,41.67
2022-S17,2022-04-28,4,Q2,DECES MATERNELS,1.0,1.0,100.0
2022-S18,2022-05-06,5,Q2,DECES MATERNELS,5.0,0.0,0.0
2022-S19,2022-05-09,5,Q2,DECES MATERNELS,29.0,12.0,41.38
2022-S19,2022-05-10,5,Q2,DECES MATERNELS,1.0,1.0,100.0
2022-S20,2022-05-16,5,Q2,DECES MATERNELS,38.0,12.0,31.58
2022-S20,2022-05-22,5,Q2,DECES MATERNELS,2.0,0.0,0.0
2022-S21,2022-05-23,5,Q2,DECES MATERNELS,25.0,7.0,28.0
2022-S21,2022-05-26,5,Q2,DECES MATERNELS,3.0,3.0,100.0
2022-S21,2022-05-29,5,Q2,DECES MATERNELS,2.0,0.0,0.0
2022-S22,2022-05-30,5,Q2,DECES MATERNELS,33.0,13.0,39.39
2022-S22,2022-06-02,6,Q2,DECES MATERNELS,2.0,0.0,0.0
2022-S22,2022-06-03,6,Q2,DECES MATERNELS,2.0,0.0,0.0
2022-S22,2022-06-05,6,Q2,DECES MATERNELS,5.0,5.0,100.0
2022-S23,2022-06-06,6,Q2,DECES MATERNELS,19.0,1.0,5.26
2022-S23,2022-06-09,6,Q2,DECES MATERNELS,7.0,0.0,0.0
2022-S24,2022-06-13,6,Q2,DECES MATERNELS,31.0,5.0,16.13
2022-S24,2022-06-16,6,Q2,DECES MATERNELS,6.0,4.0,66.67
2022-S25,2022-06-20,6,Q2,DECES MATERNELS,42.0,15.0,35.71
2022-S25,2022-06-21,6,Q2,DECES MATERNELS,3.0,3.0,100.0
2022-S25,2022-06-23,6,Q2,DECES MATERNELS,5.0,5.0,100.0
2022-S25,2022-06-26,6,Q2,DECES MATERNELS,5.0,1.0,20.0
2022-S26,2022-06-27,6,Q2,DECES MATERNELS,39.0,18.0,46.15
2022-S26,2022-06-29,6,Q2,DECES MATERNELS,2.0,2.0,100.0
2022-S26,2022-07-02,7,Q3,DECES MATERNELS,46.0,15.0,32.61
2022-S26,2022-07-03,7,Q3,DECES MATERNELS,33.0,8.0,24.24
2022-S27,2022-07-04,7,Q3,DECES MATERNELS,1.0,1.0,100.0
2022-S27,2022-07-08,7,Q3,DECES MATERNELS,1.0,0.0,0.0
2022-S27,2022-07-09,7,Q3,DECES MATERNELS,2.0,2.0,100.0
2022-S28,2022-07-11,7,Q3,DECES MATERNELS,1.0,0.0,0.0
2022-S28,2022-07-14,7,Q3,DECES MATERNELS,3.0,3.0,100.0
2022-S28,2022-07-17,7,Q3,DECES MATERNELS,1.0,0.0,0.0
2022-S29,2022-07-18,7,Q3,DECES MATERNELS,28.0,10.0,35.71
2022-S29,2022-07-21,7,Q3,DECES MATERNELS,3.0,3.0,100.0
2022-S29,2022-07-24,7,Q3,DECES MATERNELS,3.0,0.0,0.0
2022-S30,2022-07-25,7,Q3,DECES MATERNELS,21.0,3.0,14.29
2022-S30,2022-07-28,7,Q3,DECES MATERNELS,2.0,2.0,100.0
2022-S31,2022-08-05,8,Q3,DECES MATERNELS,1.0,1.0,100.0
2022-S32,2022-08-08,8,Q3,DECES MATERNELS,25.0,6.0,24.0
2022-S32,2022-08-14,8,Q3,DECES MATERNELS,3.0,0.0,0.0
2022-S33,2022-08-15,8,Q3,DECES MATERNELS,28.0,8.0,28.57
2022-S33,2022-08-18,8,Q3,DECES MATERNELS,2.0,2.0,100.0
2022-S33,2022-08-21,8,Q3,DECES MATERNELS,3.0,0.0,0.0
2022-S34,2022-08-22,8,Q3,DECES MATERNELS,24.0,8.0,33.33
2022-S34,2022-08-28,8,Q3,DECES MATERNELS,2.0,0.0,0.0
2022-S35,2022-08-29,8,Q3,DECES MATERNELS,31.0,17.0,54.84
2022-S36,2022-09-05,9,Q3,DECES MATERNELS,28.0,8.0,28.57
2022-S36,2022-09-06,9,Q3,DECES MATERNELS,2.0,2.0,100.0
2022-S36,2022-09-08,9,Q3,DECES MATERNELS,6.0,2.0,33.33
2022-S37,2022-09-13,9,Q3,DECES MATERNELS,1.0,1.0,100.0
2022-S37,2022-09-15,9,Q3,DECES MATERNELS,2.0,2.0,100.0
2022-S37,2022-09-18,9,Q3,DECES MATERNELS,2.0,0.0,0.0
2022-S38,2022-09-19,9,Q3,DECES MATERNELS,45.0,12.0,26.67
2022-S38,2022-09-22,9,Q3,DECES MATERNELS,2.0,2.0,100.0
2022-S38,2022-09-25,9,Q3,DECES MATERNELS,3.0,2.0,66.67
2022-S39,2022-09-26,9,Q3,DECES MATERNELS,33.0,13.0,39.39
2022-S39,2022-09-29,9,Q3,DECES MATERNELS,2.0,1.0,50.0
2022-S39,2022-10-01,10,Q4,DECES MATERNELS,28.0,6.0,21.43
2022-S40,2022-10-03,10,Q4,DECES MATERNELS,3.0,3.0,100.0
2022-S40,2022-10-04,10,Q4,DECES MATERNELS,2.0,0.0,0.0
2022-S40,2022-10-06,10,Q4,DECES MATERNELS,3.5,1.0,28.57
2022-S40,2022-10-07,10,Q4,DECES MATERNELS,5.0,0.0,0.0
2022-S41,2022-10-13,10,Q4,DECES MATERNELS,1.0,1.0,100.0
2022-S44,2022-11-01,11,Q4,DECES MATERNELS,1.0,0.0,0.0
2022-S44,2022-11-04,11,Q4,DECES MATERNELS,34.0,12.0,35.29
2022-S45,2022-11-07,11,Q4,DECES MATERNELS,25.0,7.0,28.0
2022-S45,2022-11-09,11,Q4,DECES MATERNELS,5.0,2.0,40.0
2022-S49,2022-12-05,12,Q4,DECES MATERNELS,5.0,5.0,100.0
2022-S49,2022-12-06,12,Q4,DECES MATERNELS,2.0,0.0,0.0
2022-S49,2022-12-09,12,Q4,DECES MATERNELS,31.0,12.0,38.71
2023-S01,2023-01-02,1,Q1,DECES MATERNELS,102.0,2.9,2.84
2023-S02,2023-01-09,1,Q1,DECES MATERNELS,4.0,3.0,75.0
2023-S03,2023-01-16,1,Q1,DECES MATERNELS,106.0,10.0,9.43
2023-S03,2023-01-17,1,Q1,DECES MATERNELS,1.0,0.0,0.0
2023-S04,2023-01-23,1,Q1,DECES MATERNELS,106.0,16.4,15.47
2023-S04,2023-01-26,1,Q1,DECES MATERNELS,1.0,1.0,100.0
2023-S04,2023-01-29,1,Q1,DECES MATERNELS,1.0,1.0,100.0
2023-S05,2023-01-30,1,Q1,DECES MATERNELS,30.0,10.0,33.33
2023-S05,2023-02-01,2,Q1,DECES MATERNELS,24.0,6.0,25.0
2023-S07,2023-02-13,2,Q1,DECES MATERNELS,106.0,12.0,11.32
2023-S07,2023-02-16,2,Q1,DECES MATERNELS,1.0,1.0,100.0
2023-S08,2023-02-20,2,Q1,DECES MATERNELS,106.0,9.3,8.77
2023-S08,2023-02-22,2,Q1,DECES MATERNELS,1.0,1.0,100.0
2023-S22,2023-06-02,6,Q2,DECES MATERNELS,39.0,13.0,33.33
2023-S26,2023-07-01,7,Q3,DECES MATERNELS,31.0,1.0,3.23
2023-S35,2023-09-01,9,Q3,DECES MATERNELS,23.0,7.0,30.43
2023-S48,2023-12-01,12,Q4,DECES MATERNELS,2.0,2.0,100.0
2022-S40,2022-10-06,10,Q4,DIARRHEE,104.0,0.0,0.0
2022-S00,2022-01-01,1,Q1,Diarrhée aqueuse,2.0,0.0,0.0
2022-S01,2022-01-03,1,Q1,Diarrhée aqueuse,912.0,4.0,0.44
2022-S01,2022-01-05,1,Q1,Diarrhée aqueuse,1036.0,0.0,0.0
2022-S01,2022-01-08,1,Q1,Diarrhée aqueuse,6768.0,12.0,0.18
2022-S01,2022-01-09,1,Q1,Diarrhée aqueuse,298.0,0.0,0.0
2022-S02,2022-01-14,1,Q1,Diarrhée aqueuse,224.0,0.0,0.0
2022-S02,2022-01-16,1,Q1,Diarrhée aqueuse,25.0,0.0,0.0
2022-S03,2022-01-17,1,Q1,Diarrhée aqueuse,7145.0,9.0,0.13
2022-S03,2022-01-23,1,Q1,Diarrhée aqueuse,262.0,3.0,1.15
2022-S04,2022-01-24,1,Q1,Diarrhée aqueuse,6472.0,10.0,0.15
2022-S04,2022-01-26,1,Q1,Diarrhée aqueuse,69.0,0.0,0.0
2022-S04,2022-01-30,1,Q1,Diarrhée aqueuse,97.0,0.0,0.0
2022-S05,2022-01-31,1,Q1,Diarrhée aqueuse,7999.0,8.0,0.1
2022-S05,2022-02-02,2,Q1,Diarrhée aqueuse,17.0,0.0,0.0
2022-S05,2022-02-05,2,Q1,Diarrhée aqueuse,7389.0,11.0,0.15
2022-S05,2022-02-06,2,Q1,Diarrhée aqueuse,256.0,0.0,0.0
2022-S06,2022-02-07,2,Q1,Diarrhée aqueuse,170.0,0.0,0.0
2022-S06,2022-02-08,2,Q1,Diarrhée aqueuse,369.0,4.0,1.08
2022-S06,2022-02-10,2,Q1,Diarrhée aqueuse,175.0,0.0,0.0
2022-S06,2022-02-13,2,Q1,Diarrhée aqueuse,115.0,0.0,0.0
2022-S07,2022-02-14,2,Q1,Diarrhée aqueuse,9189.0,10.0,0.11
2022-S07,2022-02-20,2,Q1,Diarrhée aqueuse,160.0,1.0,0.62
2022-S08,2022-02-21,2,Q1,Diarrhée aqueuse,7354.0,22.0,0.3
2022-S08,2022-02-22,2,Q1,Diarrhée aqueuse,1570.0,0.0,0.0
2022-S08,2022-02-27,2,Q1,Diarrhée aqueuse,336.0,1.0,0.3
2022-S09,2022-02-28,2,Q1,Diarrhée aqueuse,7835.0,14.0,0.18
2022-S09,2022-03-01,3,Q1,Diarrhée aqueuse,5117.0,12.0,0.23
2022-S09,2022-03-04,3,Q1,Diarrhée aqueuse,530.0,2.0,0.38
2022-S09,2022-03-05,3,Q1,Diarrhée aqueuse,95.0,0.0,0.0
2022-S10,2022-03-07,3,Q1,Diarrhée aqueuse,2819.0,4.0,0.14
2022-S10,2022-03-08,3,Q1,Diarrhée aqueuse,350.0,1.0,0.29
2022-S10,2022-03-10,3,Q1,Diarrhée aqueuse,7979.0,13.0,0.16
2022-S11,2022-03-14,3,Q1,Diarrhée aqueuse,9732.0,14.0,0.14
2022-S12,2022-03-21,3,Q1,Diarrhée aqueuse,8686.0,16.0,0.18
2022-S12,2022-03-27,3,Q1,Diarrhée aqueuse,163.0,2.0,1.23
2022-S13,2022-03-28,3,Q1,Diarrhée aqueuse,9164.0,9.0,0.1
2022-S13,2022-04-01,4,Q2,Diarrhée aqueuse,308.0,0.0,0.0
2022-S14,2022-04-04,4,Q2,Diarrhée aqueuse,9004.0,20.0,0.22
2022-S14,2022-04-05,4,Q2,Diarrhée aqueuse,325.0,0.0,0.0
2022-S14,2022-04-07,4,Q2,Diarrhée aqueuse,11713.0,12.0,0.1
2022-S14,2022-04-09,4,Q2,Diarrhée aqueuse,1274.0,0.0,0.0
2022-S14,2022-04-10,4,Q2,Diarrhée aqueuse,1050.0,0.0,0.0
2022-S15,2022-04-11,4,Q2,Diarrhée aqueuse,643.0,1.0,0.16
2022-S15,2022-04-14,4,Q2,Diarrhée aqueuse,757.0,1.0,0.13
2022-S15,2022-04-17,4,Q2,Diarrhée aqueuse,1030.0,4.0,0.39
2022-S16,2022-04-18,4,Q2,Diarrhée aqueuse,7994.0,9.0,0.11
2022-S16,2022-04-21,4,Q2,Diarrhée aqueuse,266.0,0.0,0.0
2022-S16,2022-04-24,4,Q2,Diarrhée aqueuse,205.0,2.0,0.98
2022-S17,2022-04-25,4,Q2,Diarrhée aqueuse,9274.0,9.0,0.1
2022-S17,2022-04-28,4,Q2,Diarrhée aqueuse,327.0,1.0,0.31
2022-S18,2022-05-06,5,Q2,Diarrhée aqueuse,425.0,1.0,0.24
2022-S19,2022-05-09,5,Q2,Diarrhée aqueuse,7340.0,19.0,0.26
2022-S19,2022-05-10,5,Q2,Diarrhée aqueuse,400.0,0.0,0.0
2022-S19,2022-05-15,5,Q2,Diarrhée aqueuse,201.0,0.0,0.0
2022-S20,2022-05-16,5,Q2,Diarrhée aqueuse,8914.0,21.0,0.24
2022-S20,2022-05-20,5,Q2,Diarrhée aqueuse,335.0,1.0,0.3
2022-S20,2022-05-22,5,Q2,Diarrhée aqueuse,463.0,1.0,0.22
2022-S21,2022-05-23,5,Q2,Diarrhée aqueuse,8469.0,5.0,0.06
2022-S21,2022-05-26,5,Q2,Diarrhée aqueuse,361.0,0.0,0.0
2022-S21,2022-05-29,5,Q2,Diarrhée aqueuse,472.0,1.0,0.21
2022-S22,2022-05-30,5,Q2,Diarrhée aqueuse,8753.0,12.0,0.14
2022-S22,2022-06-02,6,Q2,Diarrhée aqueuse,48.0,0.0,0.0
2022-S22,2022-06-03,6,Q2,Diarrhée aqueuse,254.0,0.0,0.0
2022-S22,2022-06-05,6,Q2,Diarrhée aqueuse,769.0,0.0,0.0
2022-S23,2022-06-06,6,Q2,Diarrhée aqueuse,8574.0,9.0,0.1
2022-S23,2022-06-09,6,Q2,Diarrhée aqueuse,1333.0,0.0,0.0
2022-S24,2022-06-13,6,Q2,Diarrhée aqueuse,9128.0,20.0,0.22
2022-S24,2022-06-16,6,Q2,Diarrhée aqueuse,401.0,0.0,0.0
2022-S24,2022-06-19,6,Q2,Diarrhée aqueuse,385.0,1.0,0.26
2022-S25,2022-06-20,6,Q2,Diarrhée aqueuse,9309.0,19.0,0.2
2022-S25,2022-06-21,6,Q2,Diarrhée aqueuse,543.0,0.0,0.0
2022-S25,2022-06-23,6,Q2,Diarrhée aqueuse,319.0,1.0,0.31
2022-S25,2022-06-26,6,Q2,Diarrhée aqueuse,601.0,2.0,0.33
2022-S26,2022-06-27,6,Q2,Diarrhée aqueuse,7336.0,9.0,0.12
2022-S26,2022-06-28,6,Q2,Diarrhée aqueuse,583.0,3.0,0.51
2022-S26,2022-06-29,6,Q2,Diarrhée aqueuse,420.0,0.0,0.0
2022-S26,2022-07-02,7,Q3,Diarrhée aqueuse,9119.0,14.0,0.15
2022-S26,2022-07-03,7,Q3,Diarrhée aqueuse,8953.0,17.0,0.19
2022-S27,2022-07-07,7,Q3,Diarrhée aqueuse,289.0,1.0,0.35
2022-S27,2022-07-08,7,Q3,Diarrhée aqueuse,2061.0,5.0,0.24
2022-S27,2022-07-09,7,Q3,Diarrhée aqueuse,209.0,0.0,0.0
2022-S28,2022-07-11,7,Q3,Diarrhée aqueuse,245.0,0.0,0.0
2022-S28,2022-07-14,7,Q3,Diarrhée aqueuse,461.0,1.0,0.22
2022-S28,2022-07-17,7,Q3,Diarrhée aqueuse,1468.0,2.0,0.14
2022-S29,2022-07-18,7,Q3,Diarrhée aqueuse,8991.0,11.0,0.12
2022-S29,2022-07-19,7,Q3,Diarrhée aqueuse,2.0,0.0,0.0
2022-S29,2022-07-20,7,Q3,Diarrhée aqueuse,12.0,0.0,0.0
2022-S29,2022-07-21,7,Q3,Diarrhée aqueuse,349.0,0.0,0.0
2022-S29,2022-07-24,7,Q3,Diarrhée aqueuse,1266.0,1.0,0.08
2022-S30,2022-07-25,7,Q3,Diarrhée aqueuse,8375.0,14.0,0.17
2022-S30,2022-07-26,7,Q3,Diarrhée aqueuse,95.0,0.0,0.0
2022-S30,2022-07-28,7,Q3,Diarrhée aqueuse,476.0,0.0,0.0
2022-S30,2022-07-31,7,Q3,Diarrhée aqueuse,1728.0,4.0,0.23
2022-S31,2022-08-01,8,Q3,Diarrhée aqueuse,415.0,0.0,0.0
2022-S31,2022-08-05,8,Q3,Diarrhée aqueuse,301.0,0.0,0.0
2022-S32,2022-08-08,8,Q3,Diarrhée aqueuse,8614.0,7.0,0.08
2022-S32,2022-08-14,8,Q3,Diarrhée aqueuse,1656.0,8.0,0.48
2022-S33,2022-08-15,8,Q3,Diarrhée aqueuse,8340.0,35.0,0.42
2022-S33,2022-08-16,8,Q3,Diarrhée aqueuse,22.0,0.0,0.0
2022-S33,2022-08-18,8,Q3,Diarrhée aqueuse,339.0,1.0,0.29
2022-S33,2022-08-21,8,Q3,Diarrhée aqueuse,1936.0,5.0,0.26
2022-S34,2022-08-22,8,Q3,Diarrhée aqueuse,8345.0,15.0,0.18
2022-S34,2022-08-24,8,Q3,Diarrhée aqueuse,367.0,0.0,0.0
2022-S34,2022-08-25,8,Q3,Diarrhée aqueuse,22.0,0.0,0.0
2022-S34,2022-08-28,8,Q3,Diarrhée aqueuse,2052.0,2.0,0.1
2022-S35,2022-08-29,8,Q3,Diarrhée aqueuse,8914.0,8.0,0.09
2022-S35,2022-09-01,9,Q3,Diarrhée aqueuse,20.0,0.0,0.0
2022-S36,2022-09-05,9,Q3,Diarrhée aqueuse,9514.0,10.0,0.11
2022-S36,2022-09-06,9,Q3,Diarrhée aqueuse,252.0,2.0,0.79
2022-S36,2022-09-08,9,Q3,Diarrhée aqueuse,731.0,1.0,0.14
2022-S36,2022-09-10,9,Q3,Diarrhée aqueuse,192.0,0.0,0.0
2022-S37,2022-09-13,9,Q3,Diarrhée aqueuse,718.0,1.0,0.14
2022-S37,2022-09-15,9,Q3,Diarrhée aqueuse,262.0,0.0,0.0
2022-S37,2022-09-18,9,Q3,Diarrhée aqueuse,1333.0,0.0,0.0
2022-S38,2022-09-19,9,Q3,Diarrhée aqueuse,9148.0,11.0,0.12
2022-S38,2022-09-22,9,Q3,Diarrhée aqueuse,305.0,1.0,0.33
2022-S38,2022-09-25,9,Q3,Diarrhée aqueuse,2031.0,2.0,0.1
2022-S39,2022-09-26,9,Q3,Diarrhée aqueuse,8732.0,13.0,0.15
2022-S39,2022-09-29,9,Q3,Diarrhée aqueuse,570.0,2.0,0.35
2022-S39,2022-10-01,10,Q4,Diarrhée aqueuse,5667.0,5.0,0.09
2022-S40,2022-10-03,10,Q4,Diarrhée aqueuse,1057.0,1.0,0.09
2022-S40,2022-10-04,10,Q4,Diarrhée aqueuse,528.0,2.0,0.38
2022-S40,2022-10-06,10,Q4,Diarrhée aqueuse,873.0,0.0,0.0
2022-S40,2022-10-07,10,Q4,Diarrhée aqueuse,1465.0,0.0,0.0
2022-S41,2022-10-13,10,Q4,Diarrhée aqueuse,445.0,0.0,0.0
2022-S44,2022-11-01,11,Q4,Diarrhée aqueuse,408.0,1.0,0.25
2022-S44,2022-11-04,11,Q4,Diarrhée aqueuse,7947.0,6.0,0.08
2022-S45,2022-11-07,11,Q4,Diarrhée aqueuse,7736.0,4.0,0.05
2022-S45,2022-11-09,11,Q4,Diarrhée aqueuse,1799.0,3.0,0.17
2022-S49,2022-12-05,12,Q4,Diarrhée aqueuse,137.0,0.0,0.0
2022-S49,2022-12-06,12,Q4,Diarrhée aqueuse,558.0,0.0,0.0
2022-S49,2022-12-09,12,Q4,Diarrhée aqueuse,6986.0,6.0,0.09
2023-S00,2023-01-01,1,Q1,Diarrhée aqueuse,305.0,0.0,0.0
2023-S01,2023-01-02,1,Q1,Diarrhée aqueuse,2126.0,105.5,4.96
2023-S02,2023-01-09,1,Q1,Diarrhée aqueuse,1801.0,145.6,8.08
2023-S03,2023-01-16,1,Q1,Diarrhée aqueuse,11828.0,161.2,1.36
2023-S03,2023-01-17,1,Q1,Diarrhée aqueuse,45.0,0.0,0.0
2023-S03,2023-01-19,1,Q1,Diarrhée aqueuse,296.0,0.0,0.0
2023-S03,2023-01-22,1,Q1,Diarrhée aqueuse,77.0,0.0,0.0
2023-S04,2023-01-23,1,Q1,Diarrhée aqueuse,10721.0,157.9,1.47
2023-S04,2023-01-24,1,Q1,Diarrhée aqueuse,554.0,2.0,0.36
2023-S04,2023-01-26,1,Q1,Diarrhée aqueuse,377.0,0.0,0.0
2023-S04,2023-01-29,1,Q1,Diarrhée aqueuse,298.0,0.0,0.0
2023-S05,2023-01-30,1,Q1,Diarrhée aqueuse,11307.0,23.0,0.2
2023-S05,2023-02-01,2,Q1,Diarrhée aqueuse,9233.0,11.0,0.12
2023-S06,2023-02-06,2,Q1,Diarrhée aqueuse,1510.0,2.0,0.13
2023-S07,2023-02-13,2,Q1,Diarrhée aqueuse,11883.0,165.6,1.39
2023-S07,2023-02-16,2,Q1,Diarrhée aqueuse,314.0,0.0,0.0
2023-S08,2023-02-20,2,Q1,Diarrhée aqueuse,10492.0,144.4,1.38
2023-S08,2023-02-22,2,Q1,Diarrhée aqueuse,339.0,2.0,0.59
2023-S08,2023-02-23,2,Q1,Diarrhée aqueuse,90.0,0.0,0.0
2023-S22,2023-06-02,6,Q2,Diarrhée aqueuse,10103.0,6.0,0.06
2023-S26,2023-07-01,7,Q3,Diarrhée aqueuse,37.0,0.0,0.0
2023-S35,2023-09-01,9,Q3,Diarrhée aqueuse,8392.0,13.0,0.15
2023-S35,2023-09-02,9,Q3,Diarrhée aqueuse,309.0,0.0,0.0
2023-S48,2023-12-01,12,Q4,Diarrhée aqueuse,445.0,0.0,0.0
2023-S48,2023-12-02,12,Q4,Diarrhée aqueuse,3.0,0.0,0.0
2022-S01,2022-01-03,1,Q1,Diarrhée sanglante,17.0,0.0,0.0
2022-S01,2022-01-05,1,Q1,Diarrhée sanglante,548.0,0.0,0.0
2022-S01,2022-01-08,1,Q1,Diarrhée sanglante,144.0,0.0,0.0
2022-S01,2022-01-09,1,Q1,Diarrhée sanglante,8.0,0.0,0.0
2022-S02,2022-01-13,1,Q1,Diarrhée sanglante,2.0,0.0,0.0
2022-S02,2022-01-16,1,Q1,Diarrhée sanglante,2.0,0.0,0.0
2022-S03,2022-01-17,1,Q1,Diarrhée sanglante,687.0,0.0,0.0
2022-S03,2022-01-20,1,Q1,Diarrhée sanglante,4.0,0.0,0.0
2022-S03,2022-01-23,1,Q1,Diarrhée sanglante,6.0,0.0,0.0
2022-S04,2022-01-24,1,Q1,Diarrhée sanglante,744.0,0.0,0.0
2022-S04,2022-01-27,1,Q1,Diarrhée sanglante,6.0,0.0,0.0
2022-S04,2022-01-30,1,Q1,Diarrhée sanglante,14.0,0.0,0.0
2022-S05,2022-01-31,1,Q1,Diarrhée sanglante,751.0,0.0,0.0
2022-S05,2022-02-03,2,Q1,Diarrhée sanglante,5.0,0.0,0.0
2022-S05,2022-02-05,2,Q1,Diarrhée sanglante,152.0,0.0,0.0
2022-S05,2022-02-06,2,Q1,Diarrhée sanglante,10.0,0.0,0.0
2022-S06,2022-02-10,2,Q1,Diarrhée sanglante,22.0,0.0,0.0
2022-S06,2022-02-13,2,Q1,Diarrhée sanglante,9.0,0.0,0.0
2022-S07,2022-02-14,2,Q1,Diarrhée sanglante,671.0,1.0,0.15
2022-S07,2022-02-17,2,Q1,Diarrhée sanglante,7.0,0.0,0.0
2022-S07,2022-02-20,2,Q1,Diarrhée sanglante,23.0,0.0,0.0
2022-S08,2022-02-21,2,Q1,Diarrhée sanglante,350.0,1.0,0.29
2022-S08,2022-02-22,2,Q1,Diarrhée sanglante,184.0,0.0,0.0
2022-S08,2022-02-24,2,Q1,Diarrhée sanglante,13.0,0.0,0.0
2022-S08,2022-02-27,2,Q1,Diarrhée sanglante,2.0,0.0,0.0
2022-S09,2022-02-28,2,Q1,Diarrhée sanglante,746.0,0.0,0.0
2022-S09,2022-03-01,3,Q1,Diarrhée sanglante,629.0,0.0,0.0
2022-S09,2022-03-02,3,Q1,Diarrhée sanglante,4.0,0.0,0.0
2022-S09,2022-03-04,3,Q1,Diarrhée sanglante,23.0,0.0,0.0
2022-S09,2022-03-05,3,Q1,Diarrhée sanglante,18.0,0.0,0.0
2022-S10,2022-03-07,3,Q1,Diarrhée sanglante,499.0,0.0,0.0
2022-S10,2022-03-08,3,Q1,Diarrhée sanglante,32.0,0.0,0.0
2022-S10,2022-03-10,3,Q1,Diarrhée sanglante,691.0,0.0,0.0
2022-S11,2022-03-14,3,Q1,Diarrhée sanglante,864.0,0.0,0.0
2022-S11,2022-03-17,3,Q1,Diarrhée sanglante,1.0,0.0,0.0
2022-S12,2022-03-21,3,Q1,Diarrhée sanglante,464.0,0.0,0.0
2022-S12,2022-03-27,3,Q1,Diarrhée sanglante,13.0,0.0,0.0
2022-S13,2022-03-28,3,Q1,Diarrhée sanglante,736.0,0.0,0.0
2022-S13,2022-03-31,3,Q1,Diarrhée sanglante,1.0,0.0,0.0
2022-S13,2022-04-01,4,Q2,Diarrhée sanglante,6.0,0.0,0.0
2022-S14,2022-04-04,4,Q2,Diarrhée sanglante,1000.0,0.0,0.0
2022-S14,2022-04-05,4,Q2,Diarrhée sanglante,4.0,0.0,0.0
2022-S14,2022-04-07,4,Q2,Diarrhée sanglante,173.0,0.0,0.0
2022-S14,2022-04-09,4,Q2,Diarrhée sanglante,257.0,0.0,0.0
2022-S14,2022-04-10,4,Q2,Diarrhée sanglante,32.0,0.0,0.0
2022-S15,2022-04-11,4,Q2,Diarrhée sanglante,27.0,0.0,0.0
2022-S15,2022-04-14,4,Q2,Diarrhée sanglante,39.0,0.0,0.0
2022-S15,2022-04-17,4,Q2,Diarrhée sanglante,34.0,0.0,0.0
2022-S16,2022-04-18,4,Q2,Diarrhée sanglante,781.0,0.0,0.0
2022-S16,2022-04-21,4,Q2,Diarrhée sanglante,21.0,0.0,0.0
2022-S16,2022-04-24,4,Q2,Diarrhée sanglante,43.0,0.0,0.0
2022-S17,2022-04-25,4,Q2,Diarrhée sanglante,1204.0,3.0,0.25
2022-S17,2022-04-28,4,Q2,Diarrhée sanglante,17.0,0.0,0.0
2022-S18,2022-05-06,5,Q2,Diarrhée sanglante,20.0,0.0,0.0
2022-S19,2022-05-09,5,Q2,Diarrhée sanglante,185.0,0.0,0.0
2022-S19,2022-05-10,5,Q2,Diarrhée sanglante,7.0,0.0,0.0
2022-S19,2022-05-15,5,Q2,Diarrhée sanglante,99.0,0.0,0.0
2022-S20,2022-05-16,5,Q2,Diarrhée sanglante,676.0,1.0,0.15
2022-S20,2022-05-20,5,Q2,Diarrhée sanglante,13.0,1.0,7.69
2022-S20,2022-05-22,5,Q2,Diarrhée sanglante,22.0,0.0,0.0
2022-S21,2022-05-23,5,Q2,Diarrhée sanglante,801.0,0.0,0.0
2022-S21,2022-05-26,5,Q2,Diarrhée sanglante,5.0,0.0,0.0
2022-S21,2022-05-29,5,Q2,Diarrhée sanglante,13.0,0.0,0.0
2022-S22,2022-05-30,5,Q2,Diarrhée sanglante,885.0,0.0,0.0
2022-S22,2022-06-02,6,Q2,Diarrhée sanglante,23.0,0.0,0.0
2022-S22,2022-06-03,6,Q2,Diarrhée sanglante,20.0,0.0,0.0
2022-S23,2022-06-06,6,Q2,Diarrhée sanglante,607.0,0.0,0.0
2022-S23,2022-06-09,6,Q2,Diarrhée sanglante,28.0,0.0,0.0
2022-S24,2022-06-13,6,Q2,Diarrhée sanglante,780.0,1.0,0.13
2022-S24,2022-06-16,6,Q2,Diarrhée sanglante,27.0,0.0,0.0
2022-S25,2022-06-20,6,Q2,Diarrhée sanglante,743.0,2.0,0.27
2022-S25,2022-06-23,6,Q2,Diarrhée sanglante,16.0,0.0,0.0
2022-S25,2022-06-26,6,Q2,Diarrhée sanglante,4.0,1.0,25.0
2022-S26,2022-06-27,6,Q2,Diarrhée sanglante,203.0,0.0,0.0
2022-S26,2022-06-28,6,Q2,Diarrhée sanglante,1.0,0.0,0.0
2022-S26,2022-06-29,6,Q2,Diarrhée sanglante,13.0,0.0,0.0
2022-S26,2022-07-02,7,Q3,Diarrhée sanglante,513.0,0.0,0.0
2022-S26,2022-07-03,7,Q3,Diarrhée sanglante,657.0,0.0,0.0
2022-S27,2022-07-04,7,Q3,Diarrhée sanglante,8.0,0.0,0.0
2022-S27,2022-07-08,7,Q3,Diarrhée sanglante,500.0,0.0,0.0
2022-S27,2022-07-09,7,Q3,Diarrhée sanglante,2.0,0.0,0.0
2022-S28,2022-07-14,7,Q3,Diarrhée sanglante,2.0,1.0,50.0
2022-S28,2022-07-17,7,Q3,Diarrhée sanglante,480.0,0.0,0.0
2022-S29,2022-07-18,7,Q3,Diarrhée sanglante,329.0,0.0,0.0
2022-S29,2022-07-21,7,Q3,Diarrhée sanglante,5.0,0.0,0.0
2022-S29,2022-07-24,7,Q3,Diarrhée sanglante,350.0,0.0,0.0
2022-S30,2022-07-25,7,Q3,Diarrhée sanglante,127.0,0.0,0.0
2022-S30,2022-07-26,7,Q3,Diarrhée sanglante,10.0,0.0,0.0
2022-S30,2022-07-28,7,Q3,Diarrhée sanglante,19.0,0.0,0.0
2022-S30,2022-07-31,7,Q3,Diarrhée sanglante,589.0,0.0,0.0
2022-S31,2022-08-01,8,Q3,Diarrhée sanglante,12.0,0.0,0.0
2022-S31,2022-08-05,8,Q3,Diarrhée sanglante,67.0,0.0,0.0
2022-S32,2022-08-08,8,Q3,Diarrhée sanglante,154.0,0.0,0.0
2022-S32,2022-08-14,8,Q3,Diarrhée sanglante,520.0,0.0,0.0
2022-S33,2022-08-15,8,Q3,Diarrhée sanglante,253.0,0.0,0.0
2022-S33,2022-08-18,8,Q3,Diarrhée sanglante,9.0,0.0,0.0
2022-S33,2022-08-21,8,Q3,Diarrhée sanglante,659.0,0.0,0.0
2022-S34,2022-08-22,8,Q3,Diarrhée sanglante,218.0,0.0,0.0
2022-S34,2022-08-24,8,Q3,Diarrhée sanglante,10.0,0.0,0.0
2022-S34,2022-08-28,8,Q3,Diarrhée sanglante,360.0,0.0,0.0
2022-S35,2022-08-29,8,Q3,Diarrhée sanglante,202.0,0.0,0.0
2022-S35,2022-09-01,9,Q3,Diarrhée sanglante,2.0,0.0,0.0
2022-S36,2022-09-05,9,Q3,Diarrhée sanglante,564.0,2.0,0.35
2022-S36,2022-09-06,9,Q3,Diarrhée sanglante,37.0,0.0,0.0
2022-S36,2022-09-08,9,Q3,Diarrhée sanglante,41.0,0.0,0.0
2022-S36,2022-09-10,9,Q3,Diarrhée sanglante,12.0,0.0,0.0
2022-S37,2022-09-13,9,Q3,Diarrhée sanglante,2.0,0.0,0.0
2022-S37,2022-09-15,9,Q3,Diarrhée sanglante,2.0,0.0,0.0
2022-S37,2022-09-18,9,Q3,Diarrhée sanglante,592.0,0.0,0.0
2022-S38,2022-09-19,9,Q3,Diarrhée sanglante,194.0,0.0,0.0
2022-S38,2022-09-22,9,Q3,Diarrhée sanglante,7.0,0.0,0.0
2022-S38,2022-09-25,9,Q3,Diarrhée sanglante,461.0,0.0,0.0
2022-S39,2022-09-26,9,Q3,Diarrhée sanglante,212.0,0.0,0.0
2022-S39,2022-09-29,9,Q3,Diarrhée sanglante,31.0,0.0,0.0
2022-S39,2022-10-01,10,Q4,Diarrhée sanglante,412.0,1.0,0.24
2022-S40,2022-10-03,10,Q4,Diarrhée sanglante,1.0,0.0,0.0
2022-S40,2022-10-04,10,Q4,Diarrhée sanglante,24.0,0.0,0.0
2022-S40,2022-10-07,10,Q4,Diarrhée sanglante,342.0,0.0,0.0
2022-S41,2022-10-13,10,Q4,Diarrhée sanglante,12.0,0.0,0.0
2022-S44,2022-11-04,11,Q4,Diarrhée sanglante,844.0,1.0,0.12
2022-S45,2022-11-07,11,Q4,Diarrhée sanglante,152.0,0.0,0.0
2022-S45,2022-11-09,11,Q4,Diarrhée sanglante,607.0,1.0,0.16
2022-S49,2022-12-05,12,Q4,Diarrhée sanglante,12.0,0.0,0.0
2022-S49,2022-12-06,12,Q4,Diarrhée sanglante,9.0,0.0,0.0
2022-S49,2022-12-09,12,Q4,Diarrhée sanglante,274.0,0.0,0.0
2023-S00,2023-01-01,1,Q1,Diarrhée sanglante,16.0,0.0,0.0
2023-S01,2023-01-02,1,Q1,Diarrhée sanglante,222.33333333333334,7.1,3.19
2023-S02,2023-01-09,1,Q1,Diarrhée sanglante,428.6666666666667,12.0,2.8
2023-S03,2023-01-16,1,Q1,Diarrhée sanglante,635.0,9.7,1.53
2023-S03,2023-01-17,1,Q1,Diarrhée sanglante,1.0,0.0,0.0
2023-S03,2023-01-19,1,Q1,Diarrhée sanglante,2.0,0.0,0.0
2023-S04,2023-01-23,1,Q1,Diarrhée sanglante,643.0,8.1,1.26
2023-S04,2023-01-26,1,Q1,Diarrhée sanglante,7.0,0.0,0.0
2023-S04,2023-01-29,1,Q1,Diarrhée sanglante,14.0,0.0,0.0
2023-S05,2023-01-30,1,Q1,Diarrhée sanglante,791.0,0.0,0.0
2023-S05,2023-02-01,2,Q1,Diarrhée sanglante,580.0,0.0,0.0
2023-S06,2023-02-06,2,Q1,Diarrhée sanglante,10.0,0.0,0.0
2023-S07,2023-02-13,2,Q1,Diarrhée sanglante,657.0,4.6,0.7
2023-S07,2023-02-16,2,Q1,Diarrhée sanglante,8.0,0.0,0.0
2023-S08,2023-02-20,2,Q1,Diarrhée sanglante,795.0,14.200000000000001,1.79
2023-S08,2023-02-22,2,Q1,Diarrhée sanglante,4.0,0.0,0.0
2023-S22,2023-06-02,6,Q2,Diarrhée sanglante,644.0,1.0,0.16
2023-S26,2023-07-01,7,Q3,Diarrhée sanglante,8.0,0.0,0.0
2023-S35,2023-09-01,9,Q3,Diarrhée sanglante,587.0,0.0,0.0
2023-S48,2023-12-01,12,Q4,Diarrhée sanglante,13.0,0.0,0.0
2022-S01,2022-01-08,1,Q1,FHA,0.0,0.0,0.0
2022-S03,2022-01-17,1,Q1,FHA,1.0,0.0,0.0
2022-S05,2022-02-05,2,Q1,FHA,2.0,1.0,50.0
2022-S10,2022-03-10,3,Q1,FHA,2.0,0.0,0.0
2022-S14,2022-04-04,4,Q2,FHA,2.0,0.0,0.0
2022-S16,2022-04-18,4,Q2,FHA,2.0,2.0,100.0
2022-S17,2022-04-25,4,Q2,FHA,3.0,2.0,66.67
2022-S19,2022-05-09,5,Q2,FHA,2.5,0.0,0.0
2022-S20,2022-05-16,5,Q2,FHA,2.0,2.0,100.0
2022-S21,2022-05-23,5,Q2,FHA,1.0,1.0,100.0
2022-S22,2022-05-30,5,Q2,FHA,1.0,1.0,100.0
2022-S29,2022-07-18,7,Q3,FHA,1.0,0.0,0.0
2022-S30,2022-07-25,7,Q3,FHA,1.0,0.0,0.0
2022-S32,2022-08-08,8,Q3,FHA,1.0,0.0,0.0
2022-S33,2022-08-15,8,Q3,FHA,1.0,1.0,100.0
2022-S34,2022-08-22,8,Q3,FHA,1.0,0.0,0.0
2022-S35,2022-08-29,8,Q3,FHA,1.0,0.0,0.0
2022-S36,2022-09-05,9,Q3,FHA,2.0,0.0,0.0
2022-S38,2022-09-19,9,Q3,FHA,2.3333333333333335,0.0,0.0
2022-S39,2022-09-26,9,Q3,FHA,2.6666666666666665,0.0,0.0
2022-S39,2022-10-01,10,Q4,FHA,3.0,0.0,0.0
2022-S45,2022-11-07,11,Q4,FHA,2.5,0.0,0.0
2022-S49,2022-12-09,12,Q4,FHA,2.0,0.0,0.0
2023-S03,2023-01-16,1,Q1,FHA,0.0,0.0,0.0
2023-S04,2023-01-23,1,Q1,FHA,1.0,1.0,100.0
2023-S05,2023-01-30,1,Q1,FHA,1.0,0.0,0.0
2023-S05,2023-02-01,2,Q1,FHA,1.0,0.0,0.0
2023-S07,2023-02-13,2,Q1,FHA,1.0,0.0,0.0
2023-S08,2023-02-20,2,Q1,FHA,1.0,0.0,0.0
2023-S22,2023-06-02,6,Q2,FHA,1.0,0.0,0.0
2023-S35,2023-09-01,9,Q3,FHA,0.0,0.0,0.0
2022-S01,2022-01-03,1,Q1,FIEVRE JAUNE,3.0,0.0,0.0
2022-S01,2022-01-08,1,Q1,FIEVRE JAUNE,11.0,0.0,0.0
2022-S03,2022-01-17,1,Q1,FIEVRE JAUNE,16.0,1.0,6.25
2022-S04,2022-01-24,1,Q1,FIEVRE JAUNE,15.0,1.0,6.67
2022-S05,2022-01-31,1,Q1,FIEVRE JAUNE,16.0,0.0,0.0
2022-S05,2022-02-05,2,Q1,FIEVRE JAUNE,21.0,2.0,9.52
2022-S05,2022-02-06,2,Q1,FIEVRE JAUNE,1.0,0.0,0.0
2022-S06,2022-02-13,2,Q1,FIEVRE JAUNE,3.0,0.0,0.0
2022-S07,2022-02-14,2,Q1,FIEVRE JAUNE,10.0,0.0,0.0
2022-S07,2022-02-20,2,Q1,FIEVRE JAUNE,1.0,0.0,0.0
2022-S08,2022-02-21,2,Q1,FIEVRE JAUNE,14.0,0.0,0.0
2022-S08,2022-02-22,2,Q1,FIEVRE JAUNE,1.0,0.0,0.0
2022-S08,2022-02-27,2,Q1,FIEVRE JAUNE,5.0,0.0,0.0
2022-S09,2022-02-28,2,Q1,FIEVRE JAUNE,17.0,1.0,5.88
2022-S09,2022-03-01,3,Q1,FIEVRE JAUNE,14.0,0.0,0.0
2022-S09,2022-03-03,3,Q1,FIEVRE JAUNE,1.0,0.0,0.0
2022-S09,2022-03-04,3,Q1,FIEVRE JAUNE,2.0,0.0,0.0
2022-S10,2022-03-07,3,Q1,FIEVRE JAUNE,2.0,0.0,0.0
2022-S10,2022-03-08,3,Q1,FIEVRE JAUNE,1.0,0.0,0.0
2022-S10,2022-03-10,3,Q1,FIEVRE JAUNE,14.0,1.0,7.14
2022-S11,2022-03-14,3,Q1,FIEVRE JAUNE,17.0,0.0,0.0
2022-S12,2022-03-21,3,Q1,FIEVRE JAUNE,12.0,0.0,0.0
2022-S12,2022-03-24,3,Q1,FIEVRE JAUNE,2.0,0.0,0.0
2022-S13,2022-03-28,3,Q1,FIEVRE JAUNE,10.0,0.0,0.0
2022-S14,2022-04-04,4,Q2,FIEVRE JAUNE,12.0,1.0,8.33
2022-S14,2022-04-05,4,Q2,FIEVRE JAUNE,10.0,0.0,0.0
2022-S14,2022-04-07,4,Q2,FIEVRE JAUNE,12.0,0.0,0.0
2022-S15,2022-04-14,4,Q2,FIEVRE JAUNE,1.0,1.0,100.0
2022-S15,2022-04-17,4,Q2,FIEVRE JAUNE,1.0,0.0,0.0
2022-S16,2022-04-18,4,Q2,FIEVRE JAUNE,19.0,1.0,5.26
2022-S16,2022-04-21,4,Q2,FIEVRE JAUNE,4.0,0.0,0.0
2022-S16,2022-04-24,4,Q2,FIEVRE JAUNE,1.0,0.0,0.0
2022-S17,2022-04-25,4,Q2,FIEVRE JAUNE,24.0,0.0,0.0
2022-S18,2022-05-06,5,Q2,FIEVRE JAUNE,3.0,0.0,0.0
2022-S19,2022-05-09,5,Q2,FIEVRE JAUNE,23.0,0.0,0.0
2022-S19,2022-05-15,5,Q2,FIEVRE JAUNE,2.0,0.0,0.0
2022-S20,2022-05-16,5,Q2,FIEVRE JAUNE,6.0,0.0,0.0
2022-S20,2022-05-20,5,Q2,FIEVRE JAUNE,1.0,0.0,0.0
2022-S20,2022-05-22,5,Q2,FIEVRE JAUNE,3.0,0.0,0.0
2022-S21,2022-05-23,5,Q2,FIEVRE JAUNE,13.0,1.0,7.69
2022-S21,2022-05-29,5,Q2,FIEVRE JAUNE,1.0,0.0,0.0
2022-S22,2022-05-30,5,Q2,FIEVRE JAUNE,20.0,1.0,5.0
2022-S22,2022-06-02,6,Q2,FIEVRE JAUNE,1.0,0.0,0.0
2022-S23,2022-06-06,6,Q2,FIEVRE JAUNE,24.0,1.0,4.17
2022-S24,2022-06-13,6,Q2,FIEVRE JAUNE,15.0,1.0,6.67
2022-S24,2022-06-19,6,Q2,FIEVRE JAUNE,2.0,0.0,0.0
2022-S25,2022-06-20,6,Q2,FIEVRE JAUNE,19.0,0.0,0.0
2022-S25,2022-06-23,6,Q2,FIEVRE JAUNE,1.0,0.0,0.0
2022-S25,2022-06-26,6,Q2,FIEVRE JAUNE,2.0,0.0,0.0
2022-S26,2022-06-27,6,Q2,FIEVRE JAUNE,13.0,1.0,7.69
2022-S26,2022-07-02,7,Q3,FIEVRE JAUNE,17.0,0.0,0.0
2022-S26,2022-07-03,7,Q3,FIEVRE JAUNE,8.0,0.0,0.0
2022-S27,2022-07-08,7,Q3,FIEVRE JAUNE,1.0,0.0,0.0
2022-S27,2022-07-09,7,Q3,FIEVRE JAUNE,1.0,0.0,0.0
2022-S28,2022-07-11,7,Q3,FIEVRE JAUNE,3.0,0.0,0.0
2022-S29,2022-07-18,7,Q3,FIEVRE JAUNE,24.0,1.0,4.17
2022-S29,2022-07-24,7,Q3,FIEVRE JAUNE,1.0,0.0,0.0
2022-S30,2022-07-25,7,Q3,FIEVRE JAUNE,16.0,0.0,0.0
2022-S30,2022-07-28,7,Q3,FIEVRE JAUNE,2.0,0.0,0.0
2022-S31,2022-08-05,8,Q3,FIEVRE JAUNE,1.0,0.0,0.0
2022-S32,2022-08-08,8,Q3,FIEVRE JAUNE,15.0,1.0,6.67
2022-S33,2022-08-15,8,Q3,FIEVRE JAUNE,13.0,1.0,7.69
2022-S33,2022-08-21,8,Q3,FIEVRE JAUNE,1.0,0.0,0.0
2022-S34,2022-08-22,8,Q3,FIEVRE JAUNE,11.0,0.0,0.0
2022-S34,2022-08-28,8,Q3,FIEVRE JAUNE,5.0,0.0,0.0
2022-S35,2022-08-29,8,Q3,FIEVRE JAUNE,20.0,1.0,5.0
2022-S36,2022-09-05,9,Q3,FIEVRE JAUNE,17.0,2.0,11.76
2022-S36,2022-09-10,9,Q3,FIEVRE JAUNE,3.0,0.0,0.0
2022-S37,2022-09-15,9,Q3,FIEVRE JAUNE,2.0,0.0,0.0
2022-S37,2022-09-18,9,Q3,FIEVRE JAUNE,2.0,0.0,0.0
2022-S38,2022-09-19,9,Q3,FIEVRE JAUNE,14.0,0.0,0.0
2022-S38,2022-09-22,9,Q3,FIEVRE JAUNE,1.0,0.0,0.0
2022-S39,2022-09-26,9,Q3,FIEVRE JAUNE,9.0,0.0,0.0
2022-S39,2022-09-29,9,Q3,FIEVRE JAUNE,1.0,0.0,0.0
2022-S39,2022-10-01,10,Q4,FIEVRE JAUNE,13.0,0.0,0.0
2022-S39,2022-10-02,10,Q4,FIEVRE JAUNE,7.0,0.0,0.0
2022-S40,2022-10-03,10,Q4,FIEVRE JAUNE,1.0,0.0,0.0
2022-S40,2022-10-04,10,Q4,FIEVRE JAUNE,2.0,0.0,0.0
2022-S40,2022-10-06,10,Q4,FIEVRE JAUNE,1.0,0.0,0.0
2022-S40,2022-10-07,10,Q4,FIEVRE JAUNE,1.0,0.0,0.0
2022-S44,2022-11-04,11,Q4,FIEVRE JAUNE,13.0,0.0,0.0
2022-S45,2022-11-07,11,Q4,FIEVRE JAUNE,10.0,0.0,0.0
2022-S45,2022-11-09,11,Q4,FIEVRE JAUNE,4.0,0.0,0.0
2022-S49,2022-12-05,12,Q4,FIEVRE JAUNE,1.0,0.0,0.0
2022-S49,2022-12-06,12,Q4,FIEVRE JAUNE,8.0,0.0,0.0
2022-S49,2022-12-09,12,Q4,FIEVRE JAUNE,25.0,1.0,4.0
2023-S01,2023-01-02,1,Q1,FIEVRE JAUNE,1.0,0.0,0.0
2023-S02,2023-01-09,1,Q1,FIEVRE JAUNE,3.0,0.0,0.0
2023-S03,2023-01-16,1,Q1,FIEVRE JAUNE,16.0,0.9,5.62
2023-S03,2023-01-17,1,Q1,FIEVRE JAUNE,1.0,0.0,0.0
2023-S03,2023-01-22,1,Q1,FIEVRE JAUNE,1.0,0.0,0.0
2023-S04,2023-01-23,1,Q1,FIEVRE JAUNE,15.0,1.0,6.67
2023-S04,2023-01-24,1,Q1,FIEVRE JAUNE,1.0,0.0,0.0
2023-S04,2023-01-29,1,Q1,FIEVRE JAUNE,9.0,0.0,0.0
2023-S05,2023-01-30,1,Q1,FIEVRE JAUNE,17.0,0.0,0.0
2023-S05,2023-02-01,2,Q1,FIEVRE JAUNE,7.0,0.0,0.0
2023-S07,2023-02-13,2,Q1,FIEVRE JAUNE,15.0,2.4,16.0
2023-S08,2023-02-20,2,Q1,FIEVRE JAUNE,16.0,0.0,0.0
2023-S22,2023-06-02,6,Q2,FIEVRE JAUNE,13.0,0.0,0.0
2023-S35,2023-09-01,9,Q3,FIEVRE JAUNE,8.0,0.0,0.0
2022-S01,2022-01-03,1,Q1,Fièvre typhoïde,1629.0,0.0,0.0
2022-S01,2022-01-05,1,Q1,Fièvre typhoïde,1840.0,0.0,0.0
2022-S01,2022-01-08,1,Q1,Fièvre typhoïde,23818.0,7.0,0.03
2022-S01,2022-01-09,1,Q1,Fièvre typhoïde,950.0,4.0,0.42
2022-S02,2022-01-13,1,Q1,Fièvre typhoïde,448.0,0.0,0.0
2022-S02,2022-01-14,1,Q1,Fièvre typhoïde,660.0,4.0,0.61
2022-S02,2022-01-16,1,Q1,Fièvre typhoïde,136.0,0.0,0.0
2022-S03,2022-01-17,1,Q1,Fièvre typhoïde,34462.0,19.0,0.06
2022-S03,2022-01-20,1,Q1,Fièvre typhoïde,635.0,0.0,0.0
2022-S03,2022-01-23,1,Q1,Fièvre typhoïde,616.0,0.0,0.0
2022-S04,2022-01-24,1,Q1,Fièvre typhoïde,34737.0,13.0,0.04
2022-S04,2022-01-26,1,Q1,Fièvre typhoïde,241.0,0.0,0.0
2022-S04,2022-01-27,1,Q1,Fièvre typhoïde,600.0,0.0,0.0
2022-S04,2022-01-30,1,Q1,Fièvre typhoïde,143.0,0.0,0.0
2022-S05,2022-01-31,1,Q1,Fièvre typhoïde,34712.0,8.0,0.02
2022-S05,2022-02-02,2,Q1,Fièvre typhoïde,1063.0,3.0,0.28
2022-S05,2022-02-03,2,Q1,Fièvre typhoïde,889.0,0.0,0.0
2022-S05,2022-02-05,2,Q1,Fièvre typhoïde,33068.0,38.0,0.11
2022-S05,2022-02-06,2,Q1,Fièvre typhoïde,768.0,1.0,0.13
2022-S06,2022-02-07,2,Q1,Fièvre typhoïde,1825.0,0.0,0.0
2022-S06,2022-02-08,2,Q1,Fièvre typhoïde,79.0,1.0,1.27
2022-S06,2022-02-10,2,Q1,Fièvre typhoïde,270.0,0.0,0.0
2022-S06,2022-02-13,2,Q1,Fièvre typhoïde,197.0,0.0,0.0
2022-S07,2022-02-14,2,Q1,Fièvre typhoïde,34042.0,9.0,0.03
2022-S07,2022-02-17,2,Q1,Fièvre typhoïde,768.0,0.0,0.0
2022-S07,2022-02-20,2,Q1,Fièvre typhoïde,237.0,0.0,0.0
2022-S08,2022-02-21,2,Q1,Fièvre typhoïde,32399.0,20.0,0.06
2022-S08,2022-02-22,2,Q1,Fièvre typhoïde,1759.0,0.0,0.0
2022-S08,2022-02-24,2,Q1,Fièvre typhoïde,860.0,0.0,0.0
2022-S08,2022-02-27,2,Q1,Fièvre typhoïde,858.0,0.0,0.0
2022-S09,2022-02-28,2,Q1,Fièvre typhoïde,33645.0,10.0,0.03
2022-S09,2022-03-01,3,Q1,Fièvre typhoïde,33922.0,6.0,0.02
2022-S09,2022-03-02,3,Q1,Fièvre typhoïde,655.0,1.0,0.15
2022-S09,2022-03-04,3,Q1,Fièvre typhoïde,266.0,0.0,0.0
2022-S09,2022-03-05,3,Q1,Fièvre typhoïde,270.0,0.0,0.0
2022-S10,2022-03-07,3,Q1,Fièvre typhoïde,3177.0,1.0,0.03
2022-S10,2022-03-08,3,Q1,Fièvre typhoïde,893.0,0.0,0.0
2022-S10,2022-03-10,3,Q1,Fièvre typhoïde,20493.0,7.0,0.03
2022-S11,2022-03-14,3,Q1,Fièvre typhoïde,37342.0,15.0,0.04
2022-S11,2022-03-17,3,Q1,Fièvre typhoïde,775.0,0.0,0.0
2022-S12,2022-03-21,3,Q1,Fièvre typhoïde,37899.0,23.0,0.06
2022-S12,2022-03-24,3,Q1,Fièvre typhoïde,795.0,0.0,0.0
2022-S12,2022-03-27,3,Q1,Fièvre typhoïde,161.0,0.0,0.0
2022-S13,2022-03-28,3,Q1,Fièvre typhoïde,35124.0,16.0,0.05
2022-S13,2022-03-31,3,Q1,Fièvre typhoïde,860.0,0.0,0.0
2022-S13,2022-04-01,4,Q2,Fièvre typhoïde,883.0,0.0,0.0
2022-S14,2022-04-04,4,Q2,Fièvre typhoïde,35467.0,26.0,0.07
2022-S14,2022-04-05,4,Q2,Fièvre typhoïde,803.0,0.0,0.0
2022-S14,2022-04-07,4,Q2,Fièvre typhoïde,32367.0,22.0,0.07
2022-S14,2022-04-09,4,Q2,Fièvre typhoïde,2232.0,1.0,0.04
2022-S14,2022-04-10,4,Q2,Fièvre typhoïde,2067.0,0.0,0.0
2022-S15,2022-04-11,4,Q2,Fièvre typhoïde,1770.0,0.0,0.0
2022-S15,2022-04-14,4,Q2,Fièvre typhoïde,2311.0,1.0,0.04
2022-S15,2022-04-17,4,Q2,Fièvre typhoïde,1323.0,2.0,0.15
2022-S16,2022-04-18,4,Q2,Fièvre typhoïde,33773.0,25.0,0.07
2022-S16,2022-04-21,4,Q2,Fièvre typhoïde,865.0,0.0,0.0
2022-S16,2022-04-24,4,Q2,Fièvre typhoïde,332.0,0.0,0.0
2022-S17,2022-04-25,4,Q2,Fièvre typhoïde,35925.0,8.0,0.02
2022-S17,2022-04-28,4,Q2,Fièvre typhoïde,594.0,0.0,0.0
2022-S18,2022-05-06,5,Q2,Fièvre typhoïde,369.0,1.0,0.27
2022-S19,2022-05-09,5,Q2,Fièvre typhoïde,27043.0,6.0,0.02
2022-S19,2022-05-10,5,Q2,Fièvre typhoïde,806.0,0.0,0.0
2022-S19,2022-05-15,5,Q2,Fièvre typhoïde,212.0,0.0,0.0
2022-S20,2022-05-16,5,Q2,Fièvre typhoïde,33831.0,7.0,0.02
2022-S20,2022-05-20,5,Q2,Fièvre typhoïde,624.0,0.0,0.0
2022-S20,2022-05-22,5,Q2,Fièvre typhoïde,420.0,1.0,0.24
2022-S21,2022-05-23,5,Q2,Fièvre typhoïde,31570.0,20.0,0.06
2022-S21,2022-05-26,5,Q2,Fièvre typhoïde,815.0,0.0,0.0
2022-S21,2022-05-29,5,Q2,Fièvre typhoïde,477.0,0.0,0.0
2022-S22,2022-05-30,5,Q2,Fièvre typhoïde,31203.0,7.0,0.02
2022-S22,2022-06-02,6,Q2,Fièvre typhoïde,178.0,1.0,0.56
2022-S22,2022-06-03,6,Q2,Fièvre typhoïde,115.0,0.0,0.0
2022-S22,2022-06-05,6,Q2,Fièvre typhoïde,9995.0,0.0,0.0
2022-S23,2022-06-06,6,Q2,Fièvre typhoïde,18687.0,5.0,0.03
2022-S23,2022-06-09,6,Q2,Fièvre typhoïde,2725.0,1.0,0.04
2022-S24,2022-06-13,6,Q2,Fièvre typhoïde,35362.0,13.0,0.04
2022-S24,2022-06-16,6,Q2,Fièvre typhoïde,1107.0,0.0,0.0
2022-S24,2022-06-19,6,Q2,Fièvre typhoïde,114.0,0.0,0.0
2022-S25,2022-06-20,6,Q2,Fièvre typhoïde,32697.0,5.0,0.02
2022-S25,2022-06-21,6,Q2,Fièvre typhoïde,859.0,0.0,0.0
2022-S25,2022-06-23,6,Q2,Fièvre typhoïde,855.0,0.0,0.0
2022-S25,2022-06-26,6,Q2,Fièvre typhoïde,308.0,1.0,0.32
2022-S26,2022-06-27,6,Q2,Fièvre typhoïde,30643.0,15.0,0.05
2022-S26,2022-06-28,6,Q2,Fièvre typhoïde,746.0,0.0,0.0
2022-S26,2022-06-29,6,Q2,Fièvre typhoïde,808.0,0.0,0.0
2022-S26,2022-07-02,7,Q3,Fièvre typhoïde,33475.0,10.0,0.03
2022-S26,2022-07-03,7,Q3,Fièvre typhoïde,35407.0,8.0,0.02
2022-S27,2022-07-04,7,Q3,Fièvre typhoïde,684.0,0.0,0.0
2022-S27,2022-07-07,7,Q3,Fièvre typhoïde,730.0,0.0,0.0
2022-S27,2022-07-08,7,Q3,Fièvre typhoïde,3437.0,0.0,0.0
2022-S27,2022-07-09,7,Q3,Fièvre typhoïde,404.0,0.0,0.0
2022-S28,2022-07-11,7,Q3,Fièvre typhoïde,362.0,0.0,0.0
2022-S28,2022-07-14,7,Q3,Fièvre typhoïde,964.0,1.0,0.1
2022-S28,2022-07-17,7,Q3,Fièvre typhoïde,2446.0,0.0,0.0
2022-S29,2022-07-18,7,Q3,Fièvre typhoïde,31961.0,8.0,0.03
2022-S29,2022-07-19,7,Q3,Fièvre typhoïde,95.0,0.0,0.0
2022-S29,2022-07-20,7,Q3,Fièvre typhoïde,9.0,0.0,0.0
2022-S29,2022-07-21,7,Q3,Fièvre typhoïde,644.0,4.0,0.62
2022-S29,2022-07-24,7,Q3,Fièvre typhoïde,2048.0,0.0,0.0
2022-S30,2022-07-25,7,Q3,Fièvre typhoïde,28749.0,6.0,0.02
2022-S30,2022-07-26,7,Q3,Fièvre typhoïde,75.0,0.0,0.0
2022-S30,2022-07-28,7,Q3,Fièvre typhoïde,833.0,0.0,0.0
2022-S30,2022-07-31,7,Q3,Fièvre typhoïde,1846.0,0.0,0.0
2022-S31,2022-08-01,8,Q3,Fièvre typhoïde,5020.0,0.0,0.0
2022-S31,2022-08-05,8,Q3,Fièvre typhoïde,487.0,0.0,0.0
2022-S32,2022-08-08,8,Q3,Fièvre typhoïde,30909.0,3.0,0.01
2022-S32,2022-08-14,8,Q3,Fièvre typhoïde,2514.0,0.0,0.0
2022-S33,2022-08-15,8,Q3,Fièvre typhoïde,30487.0,12.0,0.04
2022-S33,2022-08-18,8,Q3,Fièvre typhoïde,749.0,0.0,0.0
2022-S33,2022-08-21,8,Q3,Fièvre typhoïde,2197.0,0.0,0.0
2022-S34,2022-08-22,8,Q3,Fièvre typhoïde,28555.0,13.0,0.05
2022-S34,2022-08-24,8,Q3,Fièvre typhoïde,884.0,0.0,0.0
2022-S34,2022-08-25,8,Q3,Fièvre typhoïde,29.0,0.0,0.0
2022-S34,2022-08-28,8,Q3,Fièvre typhoïde,1778.0,1.0,0.06
2022-S35,2022-08-29,8,Q3,Fièvre typhoïde,30276.0,14.0,0.05
2022-S35,2022-09-01,9,Q3,Fièvre typhoïde,80.0,0.0,0.0
2022-S36,2022-09-05,9,Q3,Fièvre typhoïde,35397.0,10.0,0.03
2022-S36,2022-09-06,9,Q3,Fièvre typhoïde,880.0,0.0,0.0
2022-S36,2022-09-08,9,Q3,Fièvre typhoïde,1037.0,0.0,0.0
2022-S36,2022-09-10,9,Q3,Fièvre typhoïde,282.0,0.0,0.0
2022-S37,2022-09-13,9,Q3,Fièvre typhoïde,883.0,2.0,0.23
2022-S37,2022-09-15,9,Q3,Fièvre typhoïde,901.0,0.0,0.0
2022-S37,2022-09-18,9,Q3,Fièvre typhoïde,1917.0,0.0,0.0
2022-S38,2022-09-19,9,Q3,Fièvre typhoïde,30234.0,6.0,0.02
2022-S38,2022-09-22,9,Q3,Fièvre typhoïde,965.0,3.0,0.31
2022-S38,2022-09-25,9,Q3,Fièvre typhoïde,2806.0,0.0,0.0
2022-S39,2022-09-26,9,Q3,Fièvre typhoïde,30197.0,23.0,0.08
2022-S39,2022-09-29,9,Q3,Fièvre typhoïde,2628.0,1.0,0.04
2022-S39,2022-10-01,10,Q4,Fièvre typhoïde,30386.0,4.0,0.01
2022-S39,2022-10-02,10,Q4,Fièvre typhoïde,959.0,0.0,0.0
2022-S40,2022-10-03,10,Q4,Fièvre typhoïde,9864.0,0.0,0.0
2022-S40,2022-10-04,10,Q4,Fièvre typhoïde,734.0,2.0,0.27
2022-S40,2022-10-06,10,Q4,Fièvre typhoïde,1181.0,3.0,0.25
2022-S40,2022-10-07,10,Q4,Fièvre typhoïde,2361.0,0.0,0.0
2022-S41,2022-10-13,10,Q4,Fièvre typhoïde,650.0,0.0,0.0
2022-S44,2022-11-01,11,Q4,Fièvre typhoïde,987.0,1.0,0.1
2022-S44,2022-11-04,11,Q4,Fièvre typhoïde,30625.0,6.0,0.02
2022-S45,2022-11-07,11,Q4,Fièvre typhoïde,31380.0,8.0,0.03
2022-S45,2022-11-09,11,Q4,Fièvre typhoïde,2364.0,2.0,0.08
2022-S49,2022-12-05,12,Q4,Fièvre typhoïde,713.0,0.0,0.0
2022-S49,2022-12-06,12,Q4,Fièvre typhoïde,352.0,0.0,0.0
2022-S49,2022-12-09,12,Q4,Fièvre typhoïde,28686.0,1.0,0.0
2023-S00,2023-01-01,1,Q1,Fièvre typhoïde,854.0,0.0,0.0
2023-S01,2023-01-02,1,Q1,Fièvre typhoïde,2411.0,205.8,8.54
2023-S02,2023-01-09,1,Q1,Fièvre typhoïde,2018.0,167.1,8.28
2023-S03,2023-01-16,1,Q1,Fièvre typhoïde,38830.0,219.6,0.57
2023-S03,2023-01-17,1,Q1,Fièvre typhoïde,1523.0,0.0,0.0
2023-S03,2023-01-19,1,Q1,Fièvre typhoïde,568.0,0.0,0.0
2023-S03,2023-01-22,1,Q1,Fièvre typhoïde,1510.0,1.0,0.07
2023-S04,2023-01-23,1,Q1,Fièvre typhoïde,38918.0,127.4,0.33
2023-S04,2023-01-24,1,Q1,Fièvre typhoïde,141.0,0.0,0.0
2023-S04,2023-01-26,1,Q1,Fièvre typhoïde,920.0,0.0,0.0
2023-S05,2023-01-30,1,Q1,Fièvre typhoïde,40276.0,8.0,0.02
2023-S05,2023-02-01,2,Q1,Fièvre typhoïde,38584.0,2.0,0.01
2023-S06,2023-02-06,2,Q1,Fièvre typhoïde,1464.0,1.0,0.07
2023-S07,2023-02-13,2,Q1,Fièvre typhoïde,41233.0,218.29999999999998,0.53
2023-S07,2023-02-16,2,Q1,Fièvre typhoïde,897.0,0.0,0.0
2023-S08,2023-02-20,2,Q1,Fièvre typhoïde,35038.0,161.5,0.46
2023-S08,2023-02-22,2,Q1,Fièvre typhoïde,854.0,0.0,0.0
2023-S08,2023-02-23,2,Q1,Fièvre typhoïde,1766.0,1.0,0.06
2023-S22,2023-06-02,6,Q2,Fièvre typhoïde,37860.0,9.0,0.02
2023-S26,2023-07-01,7,Q3,Fièvre typhoïde,933.0,0.0,0.0
2023-S35,2023-09-01,9,Q3,Fièvre typhoïde,35007.0,5.0,0.01
2023-S35,2023-09-02,9,Q3,Fièvre typhoïde,797.0,0.0,0.0
2023-S48,2023-12-01,12,Q4,Fièvre typhoïde,624.0,0.0,0.0
2023-S48,2023-12-02,12,Q4,Fièvre typhoïde,1.0,0.0,0.0
2022-S01,2022-01-03,1,Q1,Grippe,3962.0,0.0,0.0
2022-S01,2022-01-04,1,Q1,Grippe,26.0,0.0,0.0
2022-S01,2022-01-05,1,Q1,Grippe,2360.0,0.0,0.0
2022-S01,2022-01-08,1,Q1,Grippe,32201.0,1.0,0.0
2022-S01,2022-01-09,1,Q1,Grippe,1112.0,0.0,0.0
2022-S02,2022-01-13,1,Q1,Grippe,978.0,0.0,0.0
2022-S02,2022-01-14,1,Q1,Grippe,1591.0,0.0,0.0
2022-S02,2022-01-16,1,Q1,Grippe,69.0,0.0,0.0
2022-S03,2022-01-17,1,Q1,Grippe,37648.0,4.0,0.01
2022-S03,2022-01-20,1,Q1,Grippe,1122.0,0.0,0.0
2022-S03,2022-01-23,1,Q1,Grippe,976.0,0.0,0.0
2022-S04,2022-01-24,1,Q1,Grippe,32735.0,2.0,0.01
2022-S04,2022-01-26,1,Q1,Grippe,245.0,0.0,0.0
2022-S04,2022-01-27,1,Q1,Grippe,1220.0,0.0,0.0
2022-S04,2022-01-30,1,Q1,Grippe,142.0,0.0,0.0
2022-S05,2022-01-31,1,Q1,Grippe,36615.0,2.0,0.01
2022-S05,2022-02-02,2,Q1,Grippe,1710.0,0.0,0.0
2022-S05,2022-02-03,2,Q1,Grippe,1048.0,0.0,0.0
2022-S05,2022-02-05,2,Q1,Grippe,36204.0,10.0,0.03
2022-S05,2022-02-06,2,Q1,Grippe,744.0,0.0,0.0
2022-S06,2022-02-07,2,Q1,Grippe,87.0,0.0,0.0
2022-S06,2022-02-08,2,Q1,Grippe,1108.0,0.0,0.0
2022-S06,2022-02-10,2,Q1,Grippe,392.0,0.0,0.0
2022-S06,2022-02-13,2,Q1,Grippe,386.0,0.0,0.0
2022-S07,2022-02-14,2,Q1,Grippe,35635.0,2.0,0.01
2022-S07,2022-02-17,2,Q1,Grippe,1020.0,0.0,0.0
2022-S07,2022-02-20,2,Q1,Grippe,394.0,0.0,0.0
2022-S08,2022-02-21,2,Q1,Grippe,30697.0,0.0,0.0
2022-S08,2022-02-22,2,Q1,Grippe,1686.0,0.0,0.0
2022-S08,2022-02-24,2,Q1,Grippe,1029.0,0.0,0.0
2022-S08,2022-02-27,2,Q1,Grippe,1100.0,0.0,0.0
2022-S09,2022-02-28,2,Q1,Grippe,32041.0,0.0,0.0
2022-S09,2022-03-01,3,Q1,Grippe,38252.0,5.0,0.01
2022-S09,2022-03-02,3,Q1,Grippe,1193.0,0.0,0.0
2022-S09,2022-03-04,3,Q1,Grippe,1503.0,0.0,0.0
2022-S09,2022-03-05,3,Q1,Grippe,175.0,0.0,0.0
2022-S10,2022-03-07,3,Q1,Grippe,5133.0,1.0,0.02
2022-S10,2022-03-08,3,Q1,Grippe,1095.0,0.0,0.0
2022-S10,2022-03-10,3,Q1,Grippe,23512.0,0.0,0.0
2022-S11,2022-03-14,3,Q1,Grippe,36618.0,9.0,0.02
2022-S11,2022-03-17,3,Q1,Grippe,687.0,0.0,0.0
2022-S12,2022-03-21,3,Q1,Grippe,33741.0,10.0,0.03
2022-S12,2022-03-24,3,Q1,Grippe,822.0,0.0,0.0
2022-S12,2022-03-27,3,Q1,Grippe,366.0,0.0,0.0
2022-S13,2022-03-28,3,Q1,Grippe,34255.0,0.0,0.0
2022-S13,2022-03-31,3,Q1,Grippe,1033.0,0.0,0.0
2022-S13,2022-04-01,4,Q2,Grippe,1297.0,0.0,0.0
2022-S14,2022-04-04,4,Q2,Grippe,32891.0,2.0,0.01
2022-S14,2022-04-05,4,Q2,Grippe,1185.0,0.0,0.0
2022-S14,2022-04-07,4,Q2,Grippe,40275.0,3.0,0.01
2022-S14,2022-04-09,4,Q2,Grippe,2171.0,0.0,0.0
2022-S14,2022-04-10,4,Q2,Grippe,2031.0,0.0,0.0
2022-S15,2022-04-11,4,Q2,Grippe,793.0,1.0,0.13
2022-S15,2022-04-14,4,Q2,Grippe,2932.0,0.0,0.0
2022-S15,2022-04-17,4,Q2,Grippe,2856.0,4.0,0.14
2022-S16,2022-04-18,4,Q2,Grippe,29772.0,0.0,0.0
2022-S16,2022-04-21,4,Q2,Grippe,939.0,0.0,0.0
2022-S16,2022-04-24,4,Q2,Grippe,367.0,0.0,0.0
2022-S17,2022-04-25,4,Q2,Grippe,35955.0,2.0,0.01
2022-S17,2022-04-28,4,Q2,Grippe,843.0,0.0,0.0
2022-S18,2022-05-06,5,Q2,Grippe,1671.0,9.0,0.54
2022-S19,2022-05-09,5,Q2,Grippe,27022.0,3.0,0.01
2022-S19,2022-05-10,5,Q2,Grippe,525.0,0.0,0.0
2022-S19,2022-05-15,5,Q2,Grippe,286.0,1.0,0.35
2022-S20,2022-05-16,5,Q2,Grippe,36790.0,2.0,0.01
2022-S20,2022-05-20,5,Q2,Grippe,1045.0,0.0,0.0
2022-S20,2022-05-22,5,Q2,Grippe,1829.0,0.0,0.0
2022-S21,2022-05-23,5,Q2,Grippe,37489.0,2.0,0.01
2022-S21,2022-05-26,5,Q2,Grippe,730.0,0.0,0.0
2022-S21,2022-05-29,5,Q2,Grippe,1702.0,0.0,0.0
2022-S22,2022-05-30,5,Q2,Grippe,40997.0,0.0,0.0
2022-S22,2022-06-02,6,Q2,Grippe,293.0,0.0,0.0
2022-S22,2022-06-03,6,Q2,Grippe,249.0,0.0,0.0
2022-S22,2022-06-05,6,Q2,Grippe,9573.0,0.0,0.0
2022-S23,2022-06-06,6,Q2,Grippe,32081.0,2.0,0.01
2022-S23,2022-06-09,6,Q2,Grippe,3292.0,0.0,0.0
2022-S24,2022-06-13,6,Q2,Grippe,42698.0,1.0,0.0
2022-S24,2022-06-16,6,Q2,Grippe,1507.0,0.0,0.0
2022-S24,2022-06-19,6,Q2,Grippe,963.0,0.0,0.0
2022-S25,2022-06-20,6,Q2,Grippe,37988.0,7.0,0.02
2022-S25,2022-06-21,6,Q2,Grippe,1518.0,0.0,0.0
2022-S25,2022-06-23,6,Q2,Grippe,1089.0,0.0,0.0
2022-S25,2022-06-26,6,Q2,Grippe,1862.0,0.0,0.0
2022-S26,2022-06-27,6,Q2,Grippe,36006.0,4.0,0.01
2022-S26,2022-06-28,6,Q2,Grippe,1397.0,0.0,0.0
2022-S26,2022-06-29,6,Q2,Grippe,1219.0,0.0,0.0
2022-S26,2022-07-02,7,Q3,Grippe,36678.0,0.0,0.0
2022-S26,2022-07-03,7,Q3,Grippe,34387.0,1.0,0.0
2022-S27,2022-07-04,7,Q3,Grippe,739.0,0.0,0.0
2022-S27,2022-07-07,7,Q3,Grippe,1116.0,0.0,0.0
2022-S27,2022-07-08,7,Q3,Grippe,2236.0,0.0,0.0
2022-S27,2022-07-09,7,Q3,Grippe,1234.0,0.0,0.0
2022-S28,2022-07-11,7,Q3,Grippe,825.0,0.0,0.0
2022-S28,2022-07-14,7,Q3,Grippe,1248.0,0.0,0.0
2022-S28,2022-07-17,7,Q3,Grippe,2539.0,0.0,0.0
2022-S29,2022-07-18,7,Q3,Grippe,38049.0,17.0,0.04
2022-S29,2022-07-19,7,Q3,Grippe,140.0,0.0,0.0
2022-S29,2022-07-21,7,Q3,Grippe,1112.0,0.0,0.0
2022-S29,2022-07-24,7,Q3,Grippe,2325.0,0.0,0.0
2022-S30,2022-07-25,7,Q3,Grippe,35979.0,3.0,0.01
2022-S30,2022-07-26,7,Q3,Grippe,7.0,0.0,0.0
2022-S30,2022-07-28,7,Q3,Grippe,891.0,0.0,0.0
2022-S30,2022-07-31,7,Q3,Grippe,1958.0,0.0,0.0
2022-S31,2022-08-01,8,Q3,Grippe,1030.0,0.0,0.0
2022-S31,2022-08-05,8,Q3,Grippe,483.0,0.0,0.0
2022-S32,2022-08-08,8,Q3,Grippe,35260.0,5.0,0.01
2022-S32,2022-08-09,8,Q3,Grippe,110.0,0.0,0.0
2022-S32,2022-08-14,8,Q3,Grippe,2009.0,0.0,0.0
2022-S33,2022-08-15,8,Q3,Grippe,31990.0,7.0,0.02
2022-S33,2022-08-16,8,Q3,Grippe,37.0,0.0,0.0
2022-S33,2022-08-18,8,Q3,Grippe,1013.0,0.0,0.0
2022-S33,2022-08-21,8,Q3,Grippe,2301.0,0.0,0.0
2022-S34,2022-08-22,8,Q3,Grippe,30586.0,0.0,0.0
2022-S34,2022-08-24,8,Q3,Grippe,1245.0,0.0,0.0
2022-S34,2022-08-25,8,Q3,Grippe,11.0,0.0,0.0
2022-S34,2022-08-28,8,Q3,Grippe,3559.0,0.0,0.0
2022-S35,2022-08-29,8,Q3,Grippe,34525.0,2.0,0.01
2022-S35,2022-09-01,9,Q3,Grippe,45.0,0.0,0.0
2022-S36,2022-09-05,9,Q3,Grippe,38321.0,1.0,0.0
2022-S36,2022-09-06,9,Q3,Grippe,1144.0,0.0,0.0
2022-S36,2022-09-08,9,Q3,Grippe,3046.0,0.0,0.0
2022-S36,2022-09-10,9,Q3,Grippe,384.0,0.0,0.0
2022-S37,2022-09-13,9,Q3,Grippe,1031.0,0.0,0.0
2022-S37,2022-09-15,9,Q3,Grippe,1733.0,0.0,0.0
2022-S37,2022-09-18,9,Q3,Grippe,1999.0,0.0,0.0
2022-S38,2022-09-19,9,Q3,Grippe,31255.0,1.0,0.0
2022-S38,2022-09-22,9,Q3,Grippe,828.0,0.0,0.0
2022-S38,2022-09-25,9,Q3,Grippe,3074.0,0.0,0.0
2022-S39,2022-09-26,9,Q3,Grippe,33019.0,0.0,0.0
2022-S39,2022-09-29,9,Q3,Grippe,2305.0,0.0,0.0
2022-S39,2022-10-01,10,Q4,Grippe,28376.0,6.0,0.02
2022-S39,2022-10-02,10,Q4,Grippe,867.0,0.0,0.0
2022-S40,2022-10-03,10,Q4,Grippe,8470.0,1.0,0.01
2022-S40,2022-10-04,10,Q4,Grippe,1381.0,1.0,0.07
2022-S40,2022-10-06,10,Q4,Grippe,2623.0,0.0,0.0
2022-S40,2022-10-07,10,Q4,Grippe,2401.0,0.0,0.0
2022-S41,2022-10-13,10,Q4,Grippe,937.0,0.0,0.0
2022-S44,2022-11-01,11,Q4,Grippe,1207.0,0.0,0.0
2022-S44,2022-11-04,11,Q4,Grippe,31862.0,8.0,0.03
2022-S45,2022-11-07,11,Q4,Grippe,38477.0,1.0,0.0
2022-S45,2022-11-09,11,Q4,Grippe,2082.0,0.0,0.0
2022-S49,2022-12-05,12,Q4,Grippe,811.0,0.0,0.0
2022-S49,2022-12-06,12,Q4,Grippe,1555.0,0.0,0.0
2022-S49,2022-12-09,12,Q4,Grippe,31980.0,0.0,0.0
2023-S00,2023-01-01,1,Q1,Grippe,1238.0,1.0,0.08
2023-S01,2023-01-02,1,Q1,Grippe,6236.0,127.5,2.04
2023-S02,2023-01-09,1,Q1,Grippe,5980.0,135.0,2.26
2023-S03,2023-01-16,1,Q1,Grippe,46331.0,103.6,0.22
2023-S03,2023-01-17,1,Q1,Grippe,4274.0,0.0,0.0
2023-S03,2023-01-19,1,Q1,Grippe,910.0,0.0,0.0
2023-S03,2023-01-22,1,Q1,Grippe,4495.0,0.0,0.0
2023-S04,2023-01-23,1,Q1,Grippe,46194.0,139.6,0.3
2023-S04,2023-01-24,1,Q1,Grippe,30.0,0.0,0.0
2023-S04,2023-01-26,1,Q1,Grippe,1231.0,0.0,0.0
2023-S04,2023-01-29,1,Q1,Grippe,137.0,0.0,0.0
2023-S05,2023-01-30,1,Q1,Grippe,48723.0,1.0,0.0
2023-S05,2023-02-01,2,Q1,Grippe,42003.0,3.0,0.01
2023-S06,2023-02-06,2,Q1,Grippe,5891.0,0.0,0.0
2023-S07,2023-02-13,2,Q1,Grippe,51180.0,144.5,0.28
2023-S07,2023-02-16,2,Q1,Grippe,1489.0,0.0,0.0
2023-S08,2023-02-20,2,Q1,Grippe,41398.0,137.6,0.33
2023-S08,2023-02-22,2,Q1,Grippe,1121.0,0.0,0.0
2023-S08,2023-02-23,2,Q1,Grippe,3462.0,0.0,0.0
2023-S22,2023-06-02,6,Q2,Grippe,43902.0,2.0,0.0
2023-S26,2023-07-01,7,Q3,Grippe,306.0,0.0,0.0
2023-S35,2023-09-01,9,Q3,Grippe,40776.0,2.0,0.0
2023-S35,2023-09-02,9,Q3,Grippe,967.0,0.0,0.0
2023-S48,2023-12-01,12,Q4,Grippe,1098.0,0.0,0.0
2021-S02,2021-01-14,1,Q1,Infection respiratoire aiguë,148.0,0.0,0.0
2022-S01,2022-01-03,1,Q1,Infection respiratoire aiguë,11377.0,1.0,0.01
2022-S01,2022-01-05,1,Q1,Infection respiratoire aiguë,8980.0,1.0,0.01
2022-S01,2022-01-08,1,Q1,Infection respiratoire aiguë,61737.0,8.0,0.01
2022-S01,2022-01-09,1,Q1,Infection respiratoire aiguë,5509.0,9.0,0.16
2022-S02,2022-01-13,1,Q1,Infection respiratoire aiguë,5246.0,0.0,0.0
2022-S02,2022-01-14,1,Q1,Infection respiratoire aiguë,1515.0,3.0,0.2
2022-S02,2022-01-16,1,Q1,Infection respiratoire aiguë,515.0,0.0,0.0
2022-S03,2022-01-17,1,Q1,Infection respiratoire aiguë,84992.0,28.0,0.03
2022-S03,2022-01-20,1,Q1,Infection respiratoire aiguë,4129.0,1.0,0.02
2022-S03,2022-01-23,1,Q1,Infection respiratoire aiguë,7838.0,4.0,0.05
2022-S04,2022-01-24,1,Q1,Infection respiratoire aiguë,83710.0,22.0,0.03
2022-S04,2022-01-26,1,Q1,Infection respiratoire aiguë,818.0,0.0,0.0
2022-S04,2022-01-27,1,Q1,Infection respiratoire aiguë,4881.0,0.0,0.0
2022-S04,2022-01-30,1,Q1,Infection respiratoire aiguë,1142.0,0.0,0.0
2022-S05,2022-01-31,1,Q1,Infection respiratoire aiguë,94381.0,13.0,0.01
2022-S05,2022-02-02,2,Q1,Infection respiratoire aiguë,2920.0,4.0,0.14
2022-S05,2022-02-03,2,Q1,Infection respiratoire aiguë,6937.0,0.0,0.0
2022-S05,2022-02-05,2,Q1,Infection respiratoire aiguë,75595.0,16.0,0.02
2022-S05,2022-02-06,2,Q1,Infection respiratoire aiguë,4865.0,0.0,0.0
2022-S06,2022-02-07,2,Q1,Infection respiratoire aiguë,4037.0,0.0,0.0
2022-S06,2022-02-08,2,Q1,Infection respiratoire aiguë,5399.0,3.0,0.06
2022-S06,2022-02-10,2,Q1,Infection respiratoire aiguë,1521.0,1.0,0.07
2022-S06,2022-02-13,2,Q1,Infection respiratoire aiguë,1649.0,1.0,0.06
2022-S07,2022-02-14,2,Q1,Infection respiratoire aiguë,90355.0,11.0,0.01
2022-S07,2022-02-17,2,Q1,Infection respiratoire aiguë,5805.0,0.0,0.0
2022-S07,2022-02-20,2,Q1,Infection respiratoire aiguë,1438.0,0.0,0.0
2022-S08,2022-02-21,2,Q1,Infection respiratoire aiguë,73555.0,25.0,0.03
2022-S08,2022-02-22,2,Q1,Infection respiratoire aiguë,9535.0,4.0,0.04
2022-S08,2022-02-24,2,Q1,Infection respiratoire aiguë,5136.0,0.0,0.0
2022-S08,2022-02-27,2,Q1,Infection respiratoire aiguë,2900.0,3.0,0.1
2022-S09,2022-02-28,2,Q1,Infection respiratoire aiguë,87541.0,46.0,0.05
2022-S09,2022-03-01,3,Q1,Infection respiratoire aiguë,88097.0,28.0,0.03
2022-S09,2022-03-02,3,Q1,Infection respiratoire aiguë,5581.0,0.0,0.0
2022-S09,2022-03-04,3,Q1,Infection respiratoire aiguë,6878.0,4.0,0.06
2022-S09,2022-03-05,3,Q1,Infection respiratoire aiguë,5957.0,1.0,0.02
2022-S10,2022-03-07,3,Q1,Infection respiratoire aiguë,22035.0,3.0,0.01
2022-S10,2022-03-08,3,Q1,Infection respiratoire aiguë,4768.0,0.0,0.0
2022-S10,2022-03-10,3,Q1,Infection respiratoire aiguë,76284.0,36.0,0.05
2022-S11,2022-03-14,3,Q1,Infection respiratoire aiguë,92754.0,20.0,0.02
2022-S11,2022-03-17,3,Q1,Infection respiratoire aiguë,4417.0,0.0,0.0
2022-S12,2022-03-21,3,Q1,Infection respiratoire aiguë,85221.0,19.0,0.02
2022-S12,2022-03-24,3,Q1,Infection respiratoire aiguë,5710.0,2.0,0.04
2022-S12,2022-03-27,3,Q1,Infection respiratoire aiguë,1875.0,1.0,0.05
2022-S13,2022-03-28,3,Q1,Infection respiratoire aiguë,86280.0,32.0,0.04
2022-S13,2022-03-29,3,Q1,Infection respiratoire aiguë,293.0,0.0,0.0
2022-S13,2022-03-31,3,Q1,Infection respiratoire aiguë,3871.0,0.0,0.0
2022-S13,2022-04-01,4,Q2,Infection respiratoire aiguë,9124.0,0.0,0.0
2022-S14,2022-04-04,4,Q2,Infection respiratoire aiguë,72987.0,19.0,0.03
2022-S14,2022-04-05,4,Q2,Infection respiratoire aiguë,4998.0,0.0,0.0
2022-S14,2022-04-07,4,Q2,Infection respiratoire aiguë,85891.0,19.0,0.02
2022-S14,2022-04-09,4,Q2,Infection respiratoire aiguë,9366.0,4.0,0.04
2022-S14,2022-04-10,4,Q2,Infection respiratoire aiguë,9648.0,2.0,0.02
2022-S15,2022-04-11,4,Q2,Infection respiratoire aiguë,4067.0,0.0,0.0
2022-S15,2022-04-14,4,Q2,Infection respiratoire aiguë,9093.0,2.0,0.02
2022-S15,2022-04-17,4,Q2,Infection respiratoire aiguë,15108.0,7.0,0.05
2022-S16,2022-04-18,4,Q2,Infection respiratoire aiguë,72487.0,16.0,0.02
2022-S16,2022-04-21,4,Q2,Infection respiratoire aiguë,6135.0,0.0,0.0
2022-S16,2022-04-24,4,Q2,Infection respiratoire aiguë,1518.0,0.0,0.0
2022-S17,2022-04-25,4,Q2,Infection respiratoire aiguë,93302.0,27.0,0.03
2022-S17,2022-04-28,4,Q2,Infection respiratoire aiguë,4680.0,1.0,0.02
2022-S18,2022-05-06,5,Q2,Infection respiratoire aiguë,7977.0,1.0,0.01
2022-S19,2022-05-09,5,Q2,Infection respiratoire aiguë,58467.0,7.0,0.01
2022-S19,2022-05-10,5,Q2,Infection respiratoire aiguë,4891.0,0.0,0.0
2022-S19,2022-05-15,5,Q2,Infection respiratoire aiguë,1464.0,2.0,0.14
2022-S20,2022-05-16,5,Q2,Infection respiratoire aiguë,89272.0,29.0,0.03
2022-S20,2022-05-20,5,Q2,Infection respiratoire aiguë,4739.0,0.0,0.0
2022-S20,2022-05-22,5,Q2,Infection respiratoire aiguë,7825.0,1.0,0.01
2022-S21,2022-05-23,5,Q2,Infection respiratoire aiguë,83720.0,23.0,0.03
2022-S21,2022-05-26,5,Q2,Infection respiratoire aiguë,4250.0,0.0,0.0
2022-S21,2022-05-29,5,Q2,Infection respiratoire aiguë,7561.0,3.0,0.04
2022-S22,2022-05-30,5,Q2,Infection respiratoire aiguë,86597.0,15.0,0.02
2022-S22,2022-05-31,5,Q2,Infection respiratoire aiguë,368.0,0.0,0.0
2022-S22,2022-06-02,6,Q2,Infection respiratoire aiguë,1458.0,0.0,0.0
2022-S22,2022-06-03,6,Q2,Infection respiratoire aiguë,1118.0,1.0,0.09
2022-S22,2022-06-05,6,Q2,Infection respiratoire aiguë,2329.0,2.0,0.09
2022-S23,2022-06-06,6,Q2,Infection respiratoire aiguë,85040.0,13.0,0.02
2022-S23,2022-06-09,6,Q2,Infection respiratoire aiguë,14248.0,4.0,0.03
2022-S24,2022-06-13,6,Q2,Infection respiratoire aiguë,93646.0,26.0,0.03
2022-S24,2022-06-16,6,Q2,Infection respiratoire aiguë,6797.0,1.0,0.01
2022-S24,2022-06-19,6,Q2,Infection respiratoire aiguë,6442.0,7.0,0.11
2022-S25,2022-06-20,6,Q2,Infection respiratoire aiguë,80979.0,21.0,0.03
2022-S25,2022-06-21,6,Q2,Infection respiratoire aiguë,8965.0,2.0,0.02
2022-S25,2022-06-23,6,Q2,Infection respiratoire aiguë,6552.0,0.0,0.0
2022-S25,2022-06-26,6,Q2,Infection respiratoire aiguë,6899.0,4.0,0.06
2022-S26,2022-06-27,6,Q2,Infection respiratoire aiguë,70587.0,15.0,0.02
2022-S26,2022-06-28,6,Q2,Infection respiratoire aiguë,9003.0,1.0,0.01
2022-S26,2022-06-29,6,Q2,Infection respiratoire aiguë,4978.0,0.0,0.0
2022-S26,2022-07-02,7,Q3,Infection respiratoire aiguë,93532.0,13.0,0.01
2022-S26,2022-07-03,7,Q3,Infection respiratoire aiguë,86851.0,22.0,0.03
2022-S27,2022-07-04,7,Q3,Infection respiratoire aiguë,5579.0,0.0,0.0
2022-S27,2022-07-07,7,Q3,Infection respiratoire aiguë,4587.0,0.0,0.0
2022-S27,2022-07-08,7,Q3,Infection respiratoire aiguë,10390.0,4.0,0.04
2022-S27,2022-07-09,7,Q3,Infection respiratoire aiguë,3693.0,0.0,0.0
2022-S28,2022-07-11,7,Q3,Infection respiratoire aiguë,1158.0,0.0,0.0
2022-S28,2022-07-14,7,Q3,Infection respiratoire aiguë,4863.0,0.0,0.0
2022-S28,2022-07-17,7,Q3,Infection respiratoire aiguë,12433.0,7.0,0.06
2022-S29,2022-07-18,7,Q3,Infection respiratoire aiguë,88008.0,21.0,0.02
2022-S29,2022-07-19,7,Q3,Infection respiratoire aiguë,163.0,0.0,0.0
2022-S29,2022-07-20,7,Q3,Infection respiratoire aiguë,92.0,0.0,0.0
2022-S29,2022-07-21,7,Q3,Infection respiratoire aiguë,3139.0,1.0,0.03
2022-S29,2022-07-24,7,Q3,Infection respiratoire aiguë,7931.0,4.0,0.05
2022-S30,2022-07-25,7,Q3,Infection respiratoire aiguë,82229.0,36.0,0.04
2022-S30,2022-07-26,7,Q3,Infection respiratoire aiguë,807.0,0.0,0.0
2022-S30,2022-07-28,7,Q3,Infection respiratoire aiguë,5488.0,0.0,0.0
2022-S30,2022-07-31,7,Q3,Infection respiratoire aiguë,9171.0,6.0,0.07
2022-S31,2022-08-01,8,Q3,Infection respiratoire aiguë,9437.0,1.0,0.01
2022-S31,2022-08-05,8,Q3,Infection respiratoire aiguë,1336.0,0.0,0.0
2022-S32,2022-08-08,8,Q3,Infection respiratoire aiguë,72161.0,15.0,0.02
2022-S32,2022-08-14,8,Q3,Infection respiratoire aiguë,10716.0,11.0,0.1
2022-S33,2022-08-15,8,Q3,Infection respiratoire aiguë,80597.0,18.0,0.02
2022-S33,2022-08-16,8,Q3,Infection respiratoire aiguë,178.0,0.0,0.0
2022-S33,2022-08-18,8,Q3,Infection respiratoire aiguë,4410.0,3.0,0.07
2022-S33,2022-08-21,8,Q3,Infection respiratoire aiguë,12174.0,6.0,0.05
2022-S34,2022-08-22,8,Q3,Infection respiratoire aiguë,71919.0,20.0,0.03
2022-S34,2022-08-24,8,Q3,Infection respiratoire aiguë,4481.0,1.0,0.02
2022-S34,2022-08-25,8,Q3,Infection respiratoire aiguë,265.0,0.0,0.0
2022-S34,2022-08-28,8,Q3,Infection respiratoire aiguë,12346.0,6.0,0.05
2022-S35,2022-08-29,8,Q3,Infection respiratoire aiguë,80648.0,9.0,0.01
2022-S35,2022-09-01,9,Q3,Infection respiratoire aiguë,500.0,0.0,0.0
2022-S36,2022-09-05,9,Q3,Infection respiratoire aiguë,96812.0,25.0,0.03
2022-S36,2022-09-06,9,Q3,Infection respiratoire aiguë,5850.0,0.0,0.0
2022-S36,2022-09-08,9,Q3,Infection respiratoire aiguë,14111.0,7.0,0.05
2022-S36,2022-09-10,9,Q3,Infection respiratoire aiguë,1268.0,1.0,0.08
2022-S37,2022-09-13,9,Q3,Infection respiratoire aiguë,7756.0,1.0,0.01
2022-S37,2022-09-15,9,Q3,Infection respiratoire aiguë,4092.0,0.0,0.0
2022-S37,2022-09-18,9,Q3,Infection respiratoire aiguë,9132.0,2.0,0.02
2022-S38,2022-09-19,9,Q3,Infection respiratoire aiguë,78461.0,73.0,0.09
2022-S38,2022-09-22,9,Q3,Infection respiratoire aiguë,5547.0,0.0,0.0
2022-S38,2022-09-25,9,Q3,Infection respiratoire aiguë,16882.0,2.0,0.01
2022-S39,2022-09-26,9,Q3,Infection respiratoire aiguë,68450.0,23.0,0.03
2022-S39,2022-09-29,9,Q3,Infection respiratoire aiguë,9422.0,9.0,0.1
2022-S39,2022-10-01,10,Q4,Infection respiratoire aiguë,70861.0,9.0,0.01
2022-S39,2022-10-02,10,Q4,Infection respiratoire aiguë,7000.0,1.0,0.01
2022-S40,2022-10-03,10,Q4,Infection respiratoire aiguë,6887.0,0.0,0.0
2022-S40,2022-10-04,10,Q4,Infection respiratoire aiguë,9574.0,7.0,0.07
2022-S40,2022-10-06,10,Q4,Infection respiratoire aiguë,6702.0,0.0,0.0
2022-S40,2022-10-07,10,Q4,Infection respiratoire aiguë,10349.0,2.0,0.02
2022-S41,2022-10-13,10,Q4,Infection respiratoire aiguë,5305.0,0.0,0.0
2022-S44,2022-11-01,11,Q4,Infection respiratoire aiguë,8994.0,0.0,0.0
2022-S44,2022-11-04,11,Q4,Infection respiratoire aiguë,74142.0,15.0,0.02
2022-S45,2022-11-07,11,Q4,Infection respiratoire aiguë,81593.0,19.0,0.02
2022-S45,2022-11-09,11,Q4,Infection respiratoire aiguë,14929.0,7.0,0.05
2022-S49,2022-12-05,12,Q4,Infection respiratoire aiguë,5746.0,0.0,0.0
2022-S49,2022-12-06,12,Q4,Infection respiratoire aiguë,7837.0,6.0,0.08
2022-S49,2022-12-09,12,Q4,Infection respiratoire aiguë,64953.0,14.0,0.02
2023-S00,2023-01-01,1,Q1,Infection respiratoire aiguë,4596.0,0.0,0.0
2023-S01,2023-01-02,1,Q1,Infection respiratoire aiguë,17287.0,3239.2000000000003,18.74
2023-S02,2023-01-09,1,Q1,Infection respiratoire aiguë,17587.0,3459.8,19.67
2023-S03,2023-01-16,1,Q1,Infection respiratoire aiguë,100074.0,3502.8,3.5
2023-S03,2023-01-17,1,Q1,Infection respiratoire aiguë,3153.0,2.0,0.06
2023-S03,2023-01-19,1,Q1,Infection respiratoire aiguë,5143.0,0.0,0.0
2023-S03,2023-01-22,1,Q1,Infection respiratoire aiguë,2701.0,1.0,0.04
2023-S04,2023-01-23,1,Q1,Infection respiratoire aiguë,91744.0,3586.2000000000003,3.91
2023-S04,2023-01-24,1,Q1,Infection respiratoire aiguë,4528.0,1.0,0.02
2023-S04,2023-01-26,1,Q1,Infection respiratoire aiguë,4686.0,0.0,0.0
2023-S04,2023-01-29,1,Q1,Infection respiratoire aiguë,1854.0,0.0,0.0
2023-S05,2023-01-30,1,Q1,Infection respiratoire aiguë,94795.0,30.0,0.03
2023-S05,2023-02-01,2,Q1,Infection respiratoire aiguë,87814.0,20.0,0.02
2023-S06,2023-02-06,2,Q1,Infection respiratoire aiguë,13408.0,1.0,0.01
2023-S07,2023-02-13,2,Q1,Infection respiratoire aiguë,100448.0,3332.0,3.32
2023-S07,2023-02-16,2,Q1,Infection respiratoire aiguë,5285.0,0.0,0.0
2023-S08,2023-02-20,2,Q1,Infection respiratoire aiguë,85740.0,3056.0,3.56
2023-S08,2023-02-22,2,Q1,Infection respiratoire aiguë,5843.0,1.0,0.02
2023-S08,2023-02-23,2,Q1,Infection respiratoire aiguë,3650.0,1.0,0.03
2023-S22,2023-06-02,6,Q2,Infection respiratoire aiguë,87649.0,17.0,0.02
2023-S26,2023-07-01,7,Q3,Infection respiratoire aiguë,3267.0,3.0,0.09
2023-S35,2023-09-01,9,Q3,Infection respiratoire aiguë,85135.0,18.0,0.02
2023-S35,2023-09-02,9,Q3,Infection respiratoire aiguë,5529.0,0.0,0.0
2023-S48,2023-12-01,12,Q4,Infection respiratoire aiguë,4640.0,0.0,0.0
2023-S48,2023-12-02,12,Q4,Infection respiratoire aiguë,131.0,0.0,0.0
2022-S01,2022-01-08,1,Q1,MAPI GRAVES,1.0,0.0,0.0
2022-S04,2022-01-24,1,Q1,MAPI GRAVES,2.0,1.0,50.0
2022-S05,2022-02-05,2,Q1,MAPI GRAVES,3.0,0.0,0.0
2022-S10,2022-03-10,3,Q1,MAPI GRAVES,2.0,0.0,0.0
2022-S12,2022-03-21,3,Q1,MAPI GRAVES,1.0,0.0,0.0
2022-S15,2022-04-14,4,Q2,MAPI GRAVES,1.0,0.0,0.0
2022-S19,2022-05-09,5,Q2,MAPI GRAVES,2.0,0.0,0.0
2022-S21,2022-05-23,5,Q2,MAPI GRAVES,3.0,0.0,0.0
2022-S26,2022-06-27,6,Q2,MAPI GRAVES,1.0,0.0,0.0
2022-S26,2022-07-03,7,Q3,MAPI GRAVES,7.0,0.0,0.0
2022-S29,2022-07-18,7,Q3,MAPI GRAVES,5.0,0.0,0.0
2022-S30,2022-07-25,7,Q3,MAPI GRAVES,3.0,0.0,0.0
2022-S32,2022-08-08,8,Q3,MAPI GRAVES,1.0,0.0,0.0
2022-S33,2022-08-15,8,Q3,MAPI GRAVES,8.0,0.0,0.0
2022-S34,2022-08-22,8,Q3,MAPI GRAVES,3.0,0.0,0.0
2022-S35,2022-08-29,8,Q3,MAPI GRAVES,2.0,0.0,0.0
2022-S36,2022-09-05,9,Q3,MAPI GRAVES,1.0,0.0,0.0
2022-S38,2022-09-19,9,Q3,MAPI GRAVES,1.1666666666666667,0.0,0.0
2022-S39,2022-09-26,9,Q3,MAPI GRAVES,1.3333333333333333,0.0,0.0
2022-S45,2022-11-07,11,Q4,MAPI GRAVES,0.0,0.0,0.0
2022-S49,2022-12-09,12,Q4,MAPI GRAVES,0.0,0.0,0.0
2023-S03,2023-01-16,1,Q1,MAPI GRAVES,0.0,0.0,0.0
2023-S04,2023-01-23,1,Q1,MAPI GRAVES,2.0,0.0,0.0
2023-S05,2023-01-30,1,Q1,MAPI GRAVES,1.0,0.0,0.0
2023-S05,2023-02-01,2,Q1,MAPI GRAVES,1.5,0.0,0.0
2023-S07,2023-02-13,2,Q1,MAPI GRAVES,2.0,2.0,100.0
2023-S08,2023-02-20,2,Q1,MAPI GRAVES,2.0,0.0,0.0
2023-S22,2023-06-02,6,Q2,MAPI GRAVES,2.0,0.0,0.0
2023-S35,2023-09-01,9,Q3,MAPI GRAVES,0.0,0.0,0.0
2022-S01,2022-01-03,1,Q1,MAPI LEGERES,34.0,0.0,0.0
2022-S01,2022-01-08,1,Q1,MAPI LEGERES,62.0,0.0,0.0
2022-S02,2022-01-13,1,Q1,MAPI LEGERES,15.0,0.0,0.0
2022-S03,2022-01-17,1,Q1,MAPI LEGERES,60.0,0.0,0.0
2022-S03,2022-01-23,1,Q1,MAPI LEGERES,2.0,0.0,0.0
2022-S04,2022-01-24,1,Q1,MAPI LEGERES,107.0,0.0,0.0
2022-S05,2022-01-31,1,Q1,MAPI LEGERES,194.0,0.0,0.0
2022-S05,2022-02-02,2,Q1,MAPI LEGERES,1.0,0.0,0.0
2022-S05,2022-02-03,2,Q1,MAPI LEGERES,20.0,0.0,0.0
2022-S05,2022-02-05,2,Q1,MAPI LEGERES,189.0,0.0,0.0
2022-S07,2022-02-14,2,Q1,MAPI LEGERES,105.0,0.0,0.0
2022-S08,2022-02-21,2,Q1,MAPI LEGERES,126.0,0.0,0.0
2022-S08,2022-02-24,2,Q1,MAPI LEGERES,3.0,0.0,0.0
2022-S09,2022-02-28,2,Q1,MAPI LEGERES,171.0,0.0,0.0
2022-S09,2022-03-01,3,Q1,MAPI LEGERES,119.0,0.0,0.0
2022-S09,2022-03-02,3,Q1,MAPI LEGERES,17.0,0.0,0.0
2022-S10,2022-03-10,3,Q1,MAPI LEGERES,19.0,0.0,0.0
2022-S11,2022-03-14,3,Q1,MAPI LEGERES,163.0,0.0,0.0
2022-S12,2022-03-21,3,Q1,MAPI LEGERES,156.0,0.0,0.0
2022-S13,2022-03-28,3,Q1,MAPI LEGERES,150.0,0.0,0.0
2022-S14,2022-04-04,4,Q2,MAPI LEGERES,135.0,0.0,0.0
2022-S14,2022-04-07,4,Q2,MAPI LEGERES,109.0,0.0,0.0
2022-S14,2022-04-10,4,Q2,MAPI LEGERES,41.0,0.0,0.0
2022-S15,2022-04-14,4,Q2,MAPI LEGERES,6.0,0.0,0.0
2022-S16,2022-04-18,4,Q2,MAPI LEGERES,136.0,0.0,0.0
2022-S17,2022-04-25,4,Q2,MAPI LEGERES,78.0,0.0,0.0
2022-S19,2022-05-09,5,Q2,MAPI LEGERES,57.0,0.0,0.0
2022-S20,2022-05-16,5,Q2,MAPI LEGERES,69.0,0.0,0.0
2022-S20,2022-05-22,5,Q2,MAPI LEGERES,3.0,0.0,0.0
2022-S21,2022-05-23,5,Q2,MAPI LEGERES,42.0,0.0,0.0
2022-S21,2022-05-29,5,Q2,MAPI LEGERES,7.0,0.0,0.0
2022-S22,2022-05-30,5,Q2,MAPI LEGERES,35.0,0.0,0.0
2022-S23,2022-06-06,6,Q2,MAPI LEGERES,59.0,0.0,0.0
2022-S24,2022-06-13,6,Q2,MAPI LEGERES,67.0,0.0,0.0
2022-S25,2022-06-20,6,Q2,MAPI LEGERES,36.0,1.0,2.78
2022-S25,2022-06-26,6,Q2,MAPI LEGERES,2.0,0.0,0.0
2022-S26,2022-06-27,6,Q2,MAPI LEGERES,47.0,0.0,0.0
2022-S26,2022-06-28,6,Q2,MAPI LEGERES,12.0,0.0,0.0
2022-S26,2022-07-02,7,Q3,MAPI LEGERES,117.0,0.0,0.0
2022-S26,2022-07-03,7,Q3,MAPI LEGERES,160.0,0.0,0.0
2022-S29,2022-07-18,7,Q3,MAPI LEGERES,60.0,0.0,0.0
2022-S30,2022-07-25,7,Q3,MAPI LEGERES,129.0,0.0,0.0
2022-S32,2022-08-08,8,Q3,MAPI LEGERES,124.0,0.0,0.0
2022-S33,2022-08-15,8,Q3,MAPI LEGERES,23.0,0.0,0.0
2022-S33,2022-08-21,8,Q3,MAPI LEGERES,4.0,0.0,0.0
2022-S34,2022-08-22,8,Q3,MAPI LEGERES,42.0,0.0,0.0
2022-S34,2022-08-28,8,Q3,MAPI LEGERES,46.0,0.0,0.0
2022-S35,2022-08-29,8,Q3,MAPI LEGERES,67.0,0.0,0.0
2022-S36,2022-09-05,9,Q3,MAPI LEGERES,99.0,0.0,0.0
2022-S38,2022-09-19,9,Q3,MAPI LEGERES,90.0,0.0,0.0
2022-S38,2022-09-25,9,Q3,MAPI LEGERES,3.0,0.0,0.0
2022-S39,2022-09-26,9,Q3,MAPI LEGERES,94.0,0.0,0.0
2022-S39,2022-10-01,10,Q4,MAPI LEGERES,14.0,0.0,0.0
2022-S39,2022-10-02,10,Q4,MAPI LEGERES,4.0,0.0,0.0
2022-S40,2022-10-03,10,Q4,MAPI LEGERES,4.0,0.0,0.0
2022-S44,2022-11-01,11,Q4,MAPI LEGERES,2.0,0.0,0.0
2022-S44,2022-11-04,11,Q4,MAPI LEGERES,85.0,0.0,0.0
2022-S45,2022-11-07,11,Q4,MAPI LEGERES,95.0,0.0,0.0
2022-S49,2022-12-06,12,Q4,MAPI LEGERES,2.0,0.0,0.0
2022-S49,2022-12-09,12,Q4,MAPI LEGERES,82.0,0.0,0.0
2023-S01,2023-01-02,1,Q1,MAPI LEGERES,5.0,0.0,0.0
2023-S02,2023-01-09,1,Q1,MAPI LEGERES,18.0,0.0,0.0
2023-S03,2023-01-16,1,Q1,MAPI LEGERES,158.0,0.0,0.0
2023-S03,2023-01-22,1,Q1,MAPI LEGERES,2.0,0.0,0.0
2023-S04,2023-01-23,1,Q1,MAPI LEGERES,112.0,0.0,0.0
2023-S04,2023-01-24,1,Q1,MAPI LEGERES,3.0,0.0,0.0
2023-S05,2023-01-30,1,Q1,MAPI LEGERES,174.0,0.0,0.0
2023-S05,2023-02-01,2,Q1,MAPI LEGERES,33.0,0.0,0.0
2023-S06,2023-02-06,2,Q1,MAPI LEGERES,2.0,0.0,0.0
2023-S07,2023-02-13,2,Q1,MAPI LEGERES,189.0,0.0,0.0
2023-S08,2023-02-20,2,Q1,MAPI LEGERES,187.0,0.0,0.0
2023-S22,2023-06-02,6,Q2,MAPI LEGERES,166.0,0.0,0.0
2023-S35,2023-09-01,9,Q3,MAPI LEGERES,117.0,0.0,0.0
2022-S01,2022-01-03,1,Q1,Monkeypox,19.0,4.0,21.05
2022-S01,2022-01-08,1,Q1,Monkeypox,133.0,3.0,2.26
2022-S02,2022-01-14,1,Q1,Monkeypox,26.0,1.0,3.85
2022-S02,2022-01-16,1,Q1,Monkeypox,2.0,0.0,0.0
2022-S03,2022-01-17,1,Q1,Monkeypox,104.0,11.0,10.58
2022-S03,2022-01-23,1,Q1,Monkeypox,1.0,0.0,0.0
2022-S04,2022-01-24,1,Q1,Monkeypox,65.0,0.0,0.0
2022-S04,2022-01-30,1,Q1,Monkeypox,1.0,0.0,0.0
2022-S05,2022-01-31,1,Q1,Monkeypox,118.0,3.0,2.54
2022-S05,2022-02-05,2,Q1,Monkeypox,38.0,1.0,2.63
2022-S06,2022-02-13,2,Q1,Monkeypox,2.0,1.0,50.0
2022-S07,2022-02-14,2,Q1,Monkeypox,26.0,1.0,3.85
2022-S07,2022-02-17,2,Q1,Monkeypox,1.0,0.0,0.0
2022-S08,2022-02-21,2,Q1,Monkeypox,78.0,5.0,6.41
2022-S08,2022-02-24,2,Q1,Monkeypox,1.0,0.0,0.0
2022-S08,2022-02-27,2,Q1,Monkeypox,2.0,0.0,0.0
2022-S09,2022-02-28,2,Q1,Monkeypox,64.0,2.0,3.12
2022-S09,2022-03-01,3,Q1,Monkeypox,45.0,1.0,2.22
2022-S09,2022-03-04,3,Q1,Monkeypox,13.0,0.0,0.0
2022-S10,2022-03-07,3,Q1,Monkeypox,21.0,0.0,0.0
2022-S10,2022-03-10,3,Q1,Monkeypox,120.0,5.0,4.17
2022-S11,2022-03-14,3,Q1,Monkeypox,59.0,3.0,5.08
2022-S12,2022-03-21,3,Q1,Monkeypox,64.0,4.0,6.25
2022-S12,2022-03-27,3,Q1,Monkeypox,6.0,0.0,0.0
2022-S13,2022-03-28,3,Q1,Monkeypox,70.0,4.0,5.71
2022-S14,2022-04-04,4,Q2,Monkeypox,48.0,1.0,2.08
2022-S14,2022-04-07,4,Q2,Monkeypox,114.0,9.0,7.89
2022-S14,2022-04-09,4,Q2,Monkeypox,1.0,0.0,0.0
2022-S15,2022-04-17,4,Q2,Monkeypox,2.0,0.0,0.0
2022-S16,2022-04-18,4,Q2,Monkeypox,26.0,0.0,0.0
2022-S16,2022-04-24,4,Q2,Monkeypox,29.0,0.0,0.0
2022-S17,2022-04-25,4,Q2,Monkeypox,32.0,2.0,6.25
2022-S18,2022-05-06,5,Q2,Monkeypox,2.0,0.0,0.0
2022-S19,2022-05-09,5,Q2,Monkeypox,182.0,4.0,2.2
2022-S20,2022-05-16,5,Q2,Monkeypox,26.0,1.0,3.85
2022-S20,2022-05-22,5,Q2,Monkeypox,3.0,0.0,0.0
2022-S21,2022-05-23,5,Q2,Monkeypox,29.0,0.0,0.0
2022-S21,2022-05-29,5,Q2,Monkeypox,3.0,0.0,0.0
2022-S22,2022-05-30,5,Q2,Monkeypox,44.0,1.0,2.27
2022-S22,2022-06-03,6,Q2,Monkeypox,10.0,0.0,0.0
2022-S23,2022-06-06,6,Q2,Monkeypox,77.0,3.0,3.9
2022-S23,2022-06-09,6,Q2,Monkeypox,1.0,0.0,0.0
2022-S24,2022-06-13,6,Q2,Monkeypox,81.0,2.0,2.47
2022-S25,2022-06-20,6,Q2,Monkeypox,119.0,0.0,0.0
2022-S25,2022-06-26,6,Q2,Monkeypox,4.0,0.0,0.0
2022-S26,2022-06-27,6,Q2,Monkeypox,166.0,6.0,3.61
2022-S26,2022-07-02,7,Q3,Monkeypox,81.0,2.0,2.47
2022-S26,2022-07-03,7,Q3,Monkeypox,57.0,2.0,3.51
2022-S27,2022-07-08,7,Q3,Monkeypox,2.0,0.0,0.0
2022-S28,2022-07-11,7,Q3,Monkeypox,6.0,0.0,0.0
2022-S28,2022-07-17,7,Q3,Monkeypox,1.0,0.0,0.0
2022-S29,2022-07-18,7,Q3,Monkeypox,178.0,5.0,2.81
2022-S29,2022-07-24,7,Q3,Monkeypox,1.0,0.0,0.0
2022-S30,2022-07-25,7,Q3,Monkeypox,90.0,6.0,6.67
2022-S31,2022-08-05,8,Q3,Monkeypox,8.0,0.0,0.0
2022-S32,2022-08-08,8,Q3,Monkeypox,129.0,3.0,2.33
2022-S32,2022-08-14,8,Q3,Monkeypox,2.0,0.0,0.0
2022-S33,2022-08-15,8,Q3,Monkeypox,88.0,3.0,3.41
2022-S33,2022-08-21,8,Q3,Monkeypox,17.0,0.0,0.0
2022-S34,2022-08-22,8,Q3,Monkeypox,115.0,4.0,3.48
2022-S34,2022-08-28,8,Q3,Monkeypox,40.0,1.0,2.5
2022-S35,2022-08-29,8,Q3,Monkeypox,156.0,4.0,2.56
2022-S35,2022-09-01,9,Q3,Monkeypox,87.0,0.0,0.0
2022-S36,2022-09-05,9,Q3,Monkeypox,18.0,0.0,0.0
2022-S36,2022-09-08,9,Q3,Monkeypox,1.0,0.0,0.0
2022-S36,2022-09-10,9,Q3,Monkeypox,1.0,0.0,0.0
2022-S37,2022-09-18,9,Q3,Monkeypox,4.0,0.0,0.0
2022-S38,2022-09-19,9,Q3,Monkeypox,150.0,4.0,2.67
2022-S38,2022-09-25,9,Q3,Monkeypox,4.0,0.0,0.0
2022-S39,2022-09-26,9,Q3,Monkeypox,162.0,10.0,6.17
2022-S39,2022-10-01,10,Q4,Monkeypox,57.0,1.0,1.75
2022-S40,2022-10-06,10,Q4,Monkeypox,15.0,0.0,0.0
2022-S40,2022-10-07,10,Q4,Monkeypox,1.0,0.0,0.0
2022-S44,2022-11-04,11,Q4,Monkeypox,31.0,1.0,3.23
2022-S45,2022-11-07,11,Q4,Monkeypox,132.0,5.0,3.79
2022-S45,2022-11-09,11,Q4,Monkeypox,1.0,0.0,0.0
2022-S49,2022-12-06,12,Q4,Monkeypox,2.0,0.0,0.0
2022-S49,2022-12-09,12,Q4,Monkeypox,144.0,1.0,0.69
2023-S01,2023-01-02,1,Q1,Monkeypox,23.0,1.0,4.35
2023-S02,2023-01-09,1,Q1,Monkeypox,27.0,1.0,3.7
2023-S03,2023-01-16,1,Q1,Monkeypox,110.0,4.0,3.64
2023-S04,2023-01-23,1,Q1,Monkeypox,132.0,8.0,6.06
2023-S04,2023-01-24,1,Q1,Monkeypox,4.0,1.0,25.0
2023-S04,2023-01-29,1,Q1,Monkeypox,2.0,0.0,0.0
2023-S05,2023-01-30,1,Q1,Monkeypox,120.0,5.0,4.17
2023-S05,2023-02-01,2,Q1,Monkeypox,126.0,6.0,4.76
2023-S06,2023-02-06,2,Q1,Monkeypox,5.0,0.0,0.0
2023-S07,2023-02-13,2,Q1,Monkeypox,126.0,6.0,4.76
2023-S08,2023-02-20,2,Q1,Monkeypox,103.0,7.0,6.8
2023-S22,2023-06-02,6,Q2,Monkeypox,146.0,7.0,4.79
2023-S35,2023-09-01,9,Q3,Monkeypox,115.0,2.0,1.74
2022-S01,2022-01-03,1,Q1,Méningite,1.0,1.0,100.0
2022-S01,2022-01-05,1,Q1,Méningite,4.0,0.0,0.0
2022-S01,2022-01-08,1,Q1,Méningite,96.0,8.0,8.33
2022-S01,2022-01-09,1,Q1,Méningite,19.0,1.0,5.26
2022-S02,2022-01-13,1,Q1,Méningite,14.0,0.0,0.0
2022-S02,2022-01-14,1,Q1,Méningite,3.0,0.0,0.0
2022-S03,2022-01-17,1,Q1,Méningite,120.0,11.0,9.17
2022-S03,2022-01-20,1,Q1,Méningite,2.0,0.0,0.0
2022-S03,2022-01-23,1,Q1,Méningite,18.0,0.0,0.0
2022-S04,2022-01-24,1,Q1,Méningite,115.0,8.0,6.96
2022-S04,2022-01-26,1,Q1,Méningite,1.0,0.0,0.0
2022-S04,2022-01-27,1,Q1,Méningite,6.0,2.0,33.33
2022-S05,2022-01-31,1,Q1,Méningite,125.0,11.0,8.8
2022-S05,2022-02-03,2,Q1,Méningite,8.0,0.0,0.0
2022-S05,2022-02-05,2,Q1,Méningite,111.0,14.0,12.61
2022-S05,2022-02-06,2,Q1,Méningite,3.0,0.0,0.0
2022-S06,2022-02-07,2,Q1,Méningite,2.0,0.0,0.0
2022-S06,2022-02-08,2,Q1,Méningite,3.0,1.0,33.33
2022-S06,2022-02-13,2,Q1,Méningite,2.0,0.0,0.0
2022-S07,2022-02-14,2,Q1,Méningite,106.0,10.0,9.43
2022-S07,2022-02-17,2,Q1,Méningite,5.0,1.0,20.0
2022-S07,2022-02-20,2,Q1,Méningite,2.0,0.0,0.0
2022-S08,2022-02-21,2,Q1,Méningite,92.0,12.0,13.04
2022-S08,2022-02-22,2,Q1,Méningite,10.0,0.0,0.0
2022-S08,2022-02-24,2,Q1,Méningite,7.0,0.0,0.0
2022-S08,2022-02-27,2,Q1,Méningite,30.0,1.0,3.33
2022-S09,2022-02-28,2,Q1,Méningite,106.0,10.0,9.43
2022-S09,2022-03-01,3,Q1,Méningite,90.0,7.0,7.78
2022-S09,2022-03-02,3,Q1,Méningite,5.0,0.0,0.0
2022-S09,2022-03-04,3,Q1,Méningite,4.0,1.0,25.0
2022-S09,2022-03-05,3,Q1,Méningite,10.0,1.0,10.0
2022-S10,2022-03-07,3,Q1,Méningite,23.0,0.0,0.0
2022-S10,2022-03-08,3,Q1,Méningite,5.0,0.0,0.0
2022-S10,2022-03-10,3,Q1,Méningite,83.0,4.0,4.82
2022-S11,2022-03-14,3,Q1,Méningite,154.0,11.0,7.14
2022-S11,2022-03-17,3,Q1,Méningite,23.0,0.0,0.0
2022-S12,2022-03-21,3,Q1,Méningite,124.0,7.0,5.65
2022-S12,2022-03-24,3,Q1,Méningite,5.0,2.0,40.0
2022-S12,2022-03-27,3,Q1,Méningite,2.0,0.0,0.0
2022-S13,2022-03-28,3,Q1,Méningite,128.0,4.0,3.12
2022-S13,2022-03-31,3,Q1,Méningite,24.0,5.0,20.83
2022-S13,2022-04-01,4,Q2,Méningite,7.0,1.0,14.29
2022-S14,2022-04-04,4,Q2,Méningite,155.0,10.0,6.45
2022-S14,2022-04-05,4,Q2,Méningite,12.0,2.0,16.67
2022-S14,2022-04-07,4,Q2,Méningite,148.0,8.0,5.41
2022-S14,2022-04-09,4,Q2,Méningite,9.0,0.0,0.0
2022-S14,2022-04-10,4,Q2,Méningite,2.0,1.0,50.0
2022-S15,2022-04-11,4,Q2,Méningite,10.0,0.0,0.0
2022-S15,2022-04-14,4,Q2,Méningite,30.0,2.0,6.67
2022-S15,2022-04-17,4,Q2,Méningite,11.0,2.0,18.18
2022-S16,2022-04-18,4,Q2,Méningite,111.0,3.0,2.7
2022-S16,2022-04-21,4,Q2,Méningite,7.0,0.0,0.0
2022-S16,2022-04-24,4,Q2,Méningite,3.0,0.0,0.0
2022-S17,2022-04-25,4,Q2,Méningite,144.0,11.0,7.64
2022-S17,2022-04-28,4,Q2,Méningite,9.0,1.0,11.11
2022-S18,2022-05-06,5,Q2,Méningite,5.0,0.0,0.0
2022-S19,2022-05-09,5,Q2,Méningite,85.0,5.0,5.88
2022-S19,2022-05-10,5,Q2,Méningite,10.0,1.0,10.0
2022-S19,2022-05-15,5,Q2,Méningite,2.0,0.0,0.0
2022-S20,2022-05-16,5,Q2,Méningite,86.0,4.0,4.65
2022-S20,2022-05-20,5,Q2,Méningite,1.0,0.0,0.0
2022-S20,2022-05-22,5,Q2,Méningite,2.0,0.0,0.0
2022-S21,2022-05-23,5,Q2,Méningite,131.0,21.0,16.03
2022-S21,2022-05-26,5,Q2,Méningite,9.0,0.0,0.0
2022-S21,2022-05-29,5,Q2,Méningite,2.0,1.0,50.0
2022-S22,2022-05-30,5,Q2,Méningite,95.0,13.0,13.68
2022-S22,2022-06-03,6,Q2,Méningite,2.0,0.0,0.0
2022-S22,2022-06-05,6,Q2,Méningite,1.0,0.0,0.0
2022-S23,2022-06-06,6,Q2,Méningite,128.0,6.0,4.69
2022-S23,2022-06-09,6,Q2,Méningite,11.0,0.0,0.0
2022-S24,2022-06-13,6,Q2,Méningite,115.0,8.0,6.96
2022-S24,2022-06-16,6,Q2,Méningite,4.0,0.0,0.0
2022-S25,2022-06-20,6,Q2,Méningite,149.0,10.0,6.71
2022-S25,2022-06-21,6,Q2,Méningite,6.0,1.0,16.67
2022-S25,2022-06-23,6,Q2,Méningite,7.0,0.0,0.0
2022-S25,2022-06-26,6,Q2,Méningite,12.0,1.0,8.33
2022-S26,2022-06-27,6,Q2,Méningite,97.0,7.0,7.22
2022-S26,2022-06-28,6,Q2,Méningite,10.0,0.0,0.0
2022-S26,2022-06-29,6,Q2,Méningite,11.0,0.0,0.0
2022-S26,2022-07-02,7,Q3,Méningite,144.0,8.0,5.56
2022-S26,2022-07-03,7,Q3,Méningite,106.0,7.0,6.6
2022-S27,2022-07-04,7,Q3,Méningite,6.0,0.0,0.0
2022-S27,2022-07-07,7,Q3,Méningite,6.0,1.0,16.67
2022-S27,2022-07-08,7,Q3,Méningite,11.0,0.0,0.0
2022-S27,2022-07-09,7,Q3,Méningite,18.0,0.0,0.0
2022-S28,2022-07-11,7,Q3,Méningite,11.0,1.0,9.09
2022-S28,2022-07-14,7,Q3,Méningite,19.0,1.0,5.26
2022-S28,2022-07-17,7,Q3,Méningite,7.0,1.0,14.29
2022-S29,2022-07-18,7,Q3,Méningite,78.0,7.0,8.97
2022-S29,2022-07-21,7,Q3,Méningite,12.0,3.0,25.0
2022-S29,2022-07-24,7,Q3,Méningite,8.0,0.0,0.0
2022-S30,2022-07-25,7,Q3,Méningite,90.0,4.0,4.44
2022-S30,2022-07-28,7,Q3,Méningite,1.0,0.0,0.0
2022-S30,2022-07-31,7,Q3,Méningite,9.0,0.0,0.0
2022-S31,2022-08-01,8,Q3,Méningite,1.0,0.0,0.0
2022-S31,2022-08-05,8,Q3,Méningite,3.0,1.0,33.33
2022-S32,2022-08-08,8,Q3,Méningite,115.0,8.0,6.96
2022-S32,2022-08-14,8,Q3,Méningite,10.0,0.0,0.0
2022-S33,2022-08-15,8,Q3,Méningite,108.0,11.0,10.19
2022-S33,2022-08-18,8,Q3,Méningite,7.0,0.0,0.0
2022-S33,2022-08-21,8,Q3,Méningite,3.0,1.0,33.33
2022-S34,2022-08-22,8,Q3,Méningite,88.0,10.0,11.36
2022-S34,2022-08-24,8,Q3,Méningite,9.0,0.0,0.0
2022-S34,2022-08-25,8,Q3,Méningite,3.0,0.0,0.0
2022-S34,2022-08-28,8,Q3,Méningite,11.0,1.0,9.09
2022-S35,2022-08-29,8,Q3,Méningite,101.0,11.0,10.89
2022-S35,2022-09-01,9,Q3,Méningite,2.0,0.0,0.0
2022-S36,2022-09-05,9,Q3,Méningite,126.0,11.0,8.73
2022-S36,2022-09-06,9,Q3,Méningite,3.0,0.0,0.0
2022-S36,2022-09-08,9,Q3,Méningite,20.0,0.0,0.0
2022-S36,2022-09-10,9,Q3,Méningite,2.0,1.0,50.0
2022-S37,2022-09-13,9,Q3,Méningite,8.0,0.0,0.0
2022-S37,2022-09-15,9,Q3,Méningite,11.0,4.0,36.36
2022-S37,2022-09-18,9,Q3,Méningite,10.0,0.0,0.0
2022-S38,2022-09-19,9,Q3,Méningite,103.0,7.0,6.8
2022-S38,2022-09-22,9,Q3,Méningite,13.0,0.0,0.0
2022-S38,2022-09-25,9,Q3,Méningite,17.0,4.0,23.53
2022-S39,2022-09-26,9,Q3,Méningite,104.0,7.0,6.73
2022-S39,2022-09-29,9,Q3,Méningite,17.0,3.0,17.65
2022-S39,2022-10-01,10,Q4,Méningite,62.0,3.0,4.84
2022-S39,2022-10-02,10,Q4,Méningite,12.0,0.0,0.0
2022-S40,2022-10-03,10,Q4,Méningite,5.0,0.0,0.0
2022-S40,2022-10-04,10,Q4,Méningite,3.0,0.0,0.0
2022-S40,2022-10-06,10,Q4,Méningite,3.0,0.0,0.0
2022-S40,2022-10-07,10,Q4,Méningite,5.0,0.0,0.0
2022-S41,2022-10-13,10,Q4,Méningite,5.0,1.0,20.0
2022-S44,2022-11-01,11,Q4,Méningite,14.0,0.0,0.0
2022-S44,2022-11-04,11,Q4,Méningite,162.0,10.0,6.17
2022-S45,2022-11-07,11,Q4,Méningite,67.0,5.0,7.46
2022-S45,2022-11-09,11,Q4,Méningite,18.0,2.0,11.11
2022-S49,2022-12-05,12,Q4,Méningite,15.0,1.0,6.67
2022-S49,2022-12-06,12,Q4,Méningite,3.0,0.0,0.0
2022-S49,2022-12-09,12,Q4,Méningite,102.0,8.0,7.84
2023-S00,2023-01-01,1,Q1,Méningite,8.0,2.0,25.0
2023-S01,2023-01-02,1,Q1,Méningite,30.0,8.3,27.67
2023-S02,2023-01-09,1,Q1,Méningite,21.0,5.9,28.1
2023-S03,2023-01-16,1,Q1,Méningite,185.0,33.9,18.32
2023-S03,2023-01-17,1,Q1,Méningite,3.0,0.0,0.0
2023-S03,2023-01-19,1,Q1,Méningite,2.0,0.0,0.0
2023-S03,2023-01-22,1,Q1,Méningite,2.0,0.0,0.0
2023-S04,2023-01-23,1,Q1,Méningite,120.0,17.7,14.75
2023-S04,2023-01-24,1,Q1,Méningite,8.0,0.0,0.0
2023-S04,2023-01-26,1,Q1,Méningite,2.0,0.0,0.0
2023-S04,2023-01-29,1,Q1,Méningite,1.0,0.0,0.0
2023-S05,2023-01-30,1,Q1,Méningite,273.0,14.0,5.13
2023-S05,2023-02-01,2,Q1,Méningite,99.0,5.0,5.05
2023-S06,2023-02-06,2,Q1,Méningite,19.0,2.0,10.53
2023-S07,2023-02-13,2,Q1,Méningite,89.0,21.4,24.04
2023-S07,2023-02-16,2,Q1,Méningite,20.0,0.0,0.0
2023-S08,2023-02-20,2,Q1,Méningite,101.0,12.8,12.67
2023-S08,2023-02-22,2,Q1,Méningite,1.0,0.0,0.0
2023-S22,2023-06-02,6,Q2,Méningite,102.0,9.0,8.82
2023-S26,2023-07-01,7,Q3,Méningite,3.0,0.0,0.0
2023-S35,2023-09-01,9,Q3,Méningite,53.0,7.0,13.21
2023-S35,2023-09-02,9,Q3,Méningite,5.0,0.0,0.0
2023-S48,2023-12-01,12,Q4,Méningite,10.0,0.0,0.0
2022-S01,2022-01-08,1,Q1,PESTE,22.0,0.0,0.0
2022-S05,2022-02-05,2,Q1,PESTE,13.0,1.0,7.69
2022-S08,2022-02-27,2,Q1,PESTE,7.0,0.0,0.0
2022-S09,2022-03-01,3,Q1,PESTE,1.0,0.0,0.0
2022-S10,2022-03-10,3,Q1,PESTE,12.5,0.0,0.0
2022-S13,2022-03-28,3,Q1,PESTE,24.0,2.0,8.33
2022-S14,2022-04-04,4,Q2,PESTE,17.0,0.0,0.0
2022-S14,2022-04-07,4,Q2,PESTE,46.0,0.0,0.0
2022-S15,2022-04-14,4,Q2,PESTE,26.0,0.0,0.0
2022-S16,2022-04-18,4,Q2,PESTE,20.0,0.0,0.0
2022-S17,2022-04-25,4,Q2,PESTE,10.0,0.0,0.0
2022-S19,2022-05-09,5,Q2,PESTE,19.0,0.0,0.0
2022-S20,2022-05-16,5,Q2,PESTE,28.0,2.0,7.14
2022-S21,2022-05-23,5,Q2,PESTE,49.0,0.0,0.0
2022-S22,2022-05-30,5,Q2,PESTE,34.0,0.0,0.0
2022-S23,2022-06-06,6,Q2,PESTE,40.0,0.0,0.0
2022-S23,2022-06-09,6,Q2,PESTE,5.0,0.0,0.0
2022-S24,2022-06-13,6,Q2,PESTE,53.0,0.0,0.0
2022-S25,2022-06-20,6,Q2,PESTE,37.0,0.0,0.0
2022-S26,2022-06-27,6,Q2,PESTE,46.0,1.0,2.17
2022-S29,2022-07-18,7,Q3,PESTE,15.0,0.0,0.0
2022-S30,2022-07-25,7,Q3,PESTE,24.0,0.0,0.0
2022-S32,2022-08-08,8,Q3,PESTE,12.0,0.0,0.0
2022-S33,2022-08-15,8,Q3,PESTE,11.0,0.0,0.0
2022-S34,2022-08-22,8,Q3,PESTE,14.0,0.0,0.0
2022-S35,2022-08-29,8,Q3,PESTE,10.0,0.0,0.0
2022-S36,2022-09-05,9,Q3,PESTE,18.0,1.0,5.56
2022-S38,2022-09-19,9,Q3,PESTE,2.0,0.0,0.0
2022-S39,2022-09-26,9,Q3,PESTE,5.0,0.0,0.0
2022-S45,2022-11-07,11,Q4,PESTE,32.0,0.0,0.0
2022-S49,2022-12-09,12,Q4,PESTE,8.0,0.0,0.0
2023-S01,2023-01-02,1,Q1,PESTE,1.0,0.0,0.0
2023-S03,2023-01-16,1,Q1,PESTE,2.0,0.0,0.0
2023-S04,2023-01-23,1,Q1,PESTE,1.0,1.0,100.0
2023-S05,2023-01-30,1,Q1,PESTE,1.0,0.0,0.0
2023-S05,2023-02-01,2,Q1,PESTE,1.0,0.0,0.0
2023-S07,2023-02-13,2,Q1,PESTE,1.0,0.0,0.0
2023-S08,2023-02-20,2,Q1,PESTE,1.0,0.0,0.0
2023-S22,2023-06-02,6,Q2,PESTE,1.0,0.0,0.0
2023-S35,2023-09-01,9,Q3,PESTE,1.0,0.0,0.0
2022-S01,2022-01-03,1,Q1,PFA,13.0,0.0,0.0
2022-S01,2022-01-08,1,Q1,PFA,71.0,0.0,0.0
2022-S02,2022-01-13,1,Q1,PFA,4.0,0.0,0.0
2022-S02,2022-01-14,1,Q1,PFA,1.0,0.0,0.0
2022-S03,2022-01-17,1,Q1,PFA,24.0,0.0,0.0
2022-S03,2022-01-20,1,Q1,PFA,1.0,0.0,0.0
2022-S03,2022-01-23,1,Q1,PFA,1.0,0.0,0.0
2022-S04,2022-01-24,1,Q1,PFA,38.0,0.0,0.0
2022-S04,2022-01-27,1,Q1,PFA,3.0,0.0,0.0
2022-S05,2022-01-31,1,Q1,PFA,52.0,0.0,0.0
2022-S05,2022-02-03,2,Q1,PFA,2.0,0.0,0.0
2022-S05,2022-02-05,2,Q1,PFA,63.0,2.0,3.17
2022-S05,2022-02-06,2,Q1,PFA,8.0,0.0,0.0
2022-S06,2022-02-07,2,Q1,PFA,1.0,1.0,100.0
2022-S07,2022-02-14,2,Q1,PFA,59.0,0.0,0.0
2022-S07,2022-02-17,2,Q1,PFA,1.0,0.0,0.0
2022-S07,2022-02-20,2,Q1,PFA,1.0,0.0,0.0
2022-S08,2022-02-21,2,Q1,PFA,82.0,0.0,0.0
2022-S08,2022-02-22,2,Q1,PFA,1.0,0.0,0.0
2022-S08,2022-02-27,2,Q1,PFA,3.0,0.0,0.0
2022-S09,2022-02-28,2,Q1,PFA,64.0,0.0,0.0
2022-S09,2022-03-01,3,Q1,PFA,19.0,0.0,0.0
2022-S09,2022-03-02,3,Q1,PFA,3.0,0.0,0.0
2022-S09,2022-03-04,3,Q1,PFA,7.0,0.0,0.0
2022-S09,2022-03-05,3,Q1,PFA,6.0,0.0,0.0
2022-S10,2022-03-07,3,Q1,PFA,17.0,0.0,0.0
2022-S10,2022-03-08,3,Q1,PFA,4.0,0.0,0.0
2022-S10,2022-03-10,3,Q1,PFA,90.0,4.0,4.44
2022-S11,2022-03-14,3,Q1,PFA,73.0,1.0,1.37
2022-S11,2022-03-17,3,Q1,PFA,2.0,0.0,0.0
2022-S12,2022-03-21,3,Q1,PFA,71.0,0.0,0.0
2022-S12,2022-03-24,3,Q1,PFA,3.0,0.0,0.0
2022-S12,2022-03-27,3,Q1,PFA,2.0,0.0,0.0
2022-S13,2022-03-28,3,Q1,PFA,66.0,0.0,0.0
2022-S13,2022-03-31,3,Q1,PFA,3.0,0.0,0.0
2022-S13,2022-04-01,4,Q2,PFA,2.0,0.0,0.0
2022-S14,2022-04-04,4,Q2,PFA,78.0,0.0,0.0
2022-S14,2022-04-05,4,Q2,PFA,1.0,0.0,0.0
2022-S14,2022-04-07,4,Q2,PFA,59.0,0.0,0.0
2022-S14,2022-04-09,4,Q2,PFA,2.0,0.0,0.0
2022-S14,2022-04-10,4,Q2,PFA,2.0,0.0,0.0
2022-S15,2022-04-17,4,Q2,PFA,2.0,0.0,0.0
2022-S16,2022-04-18,4,Q2,PFA,46.0,0.0,0.0
2022-S16,2022-04-21,4,Q2,PFA,4.0,0.0,0.0
2022-S16,2022-04-24,4,Q2,PFA,2.0,0.0,0.0
2022-S17,2022-04-25,4,Q2,PFA,73.0,0.0,0.0
2022-S17,2022-04-28,4,Q2,PFA,2.0,0.0,0.0
2022-S18,2022-05-06,5,Q2,PFA,5.0,0.0,0.0
2022-S19,2022-05-09,5,Q2,PFA,54.0,0.0,0.0
2022-S19,2022-05-10,5,Q2,PFA,1.0,0.0,0.0
2022-S20,2022-05-16,5,Q2,PFA,39.0,0.0,0.0
2022-S20,2022-05-20,5,Q2,PFA,1.0,0.0,0.0
2022-S20,2022-05-22,5,Q2,PFA,3.0,0.0,0.0
2022-S21,2022-05-23,5,Q2,PFA,107.0,0.0,0.0
2022-S21,2022-05-29,5,Q2,PFA,5.0,0.0,0.0
2022-S22,2022-05-30,5,Q2,PFA,70.0,0.0,0.0
2022-S22,2022-06-05,6,Q2,PFA,3.0,0.0,0.0
2022-S23,2022-06-06,6,Q2,PFA,82.0,0.0,0.0
2022-S23,2022-06-09,6,Q2,PFA,6.0,0.0,0.0
2022-S24,2022-06-13,6,Q2,PFA,69.0,0.0,0.0
2022-S24,2022-06-16,6,Q2,PFA,1.0,0.0,0.0
2022-S24,2022-06-19,6,Q2,PFA,3.0,0.0,0.0
2022-S25,2022-06-20,6,Q2,PFA,58.0,1.0,1.72
2022-S25,2022-06-21,6,Q2,PFA,29.5,0.0,0.0
2022-S25,2022-06-23,6,Q2,PFA,1.0,0.0,0.0
2022-S25,2022-06-26,6,Q2,PFA,3.0,0.0,0.0
2022-S26,2022-06-27,6,Q2,PFA,42.0,0.0,0.0
2022-S26,2022-06-29,6,Q2,PFA,2.0,0.0,0.0
2022-S26,2022-07-02,7,Q3,PFA,58.0,1.0,1.72
2022-S26,2022-07-03,7,Q3,PFA,49.0,1.0,2.04
2022-S27,2022-07-04,7,Q3,PFA,3.0,0.0,0.0
2022-S27,2022-07-07,7,Q3,PFA,2.0,0.0,0.0
2022-S27,2022-07-08,7,Q3,PFA,1.0,0.0,0.0
2022-S28,2022-07-11,7,Q3,PFA,3.0,0.0,0.0
2022-S28,2022-07-14,7,Q3,PFA,1.0,0.0,0.0
2022-S28,2022-07-17,7,Q3,PFA,1.0,0.0,0.0
2022-S29,2022-07-18,7,Q3,PFA,67.0,1.0,1.49
2022-S29,2022-07-21,7,Q3,PFA,2.0,0.0,0.0
2022-S29,2022-07-24,7,Q3,PFA,9.0,0.0,0.0
2022-S30,2022-07-25,7,Q3,PFA,100.0,0.0,0.0
2022-S30,2022-07-28,7,Q3,PFA,6.0,0.0,0.0
2022-S30,2022-07-31,7,Q3,PFA,5.0,0.0,0.0
2022-S31,2022-08-01,8,Q3,PFA,2.0,0.0,0.0
2022-S31,2022-08-05,8,Q3,PFA,1.0,0.0,0.0
2022-S32,2022-08-08,8,Q3,PFA,26.0,0.0,0.0
2022-S32,2022-08-14,8,Q3,PFA,1.0,0.0,0.0
2022-S33,2022-08-15,8,Q3,PFA,51.0,0.0,0.0
2022-S33,2022-08-21,8,Q3,PFA,2.0,0.0,0.0
2022-S34,2022-08-22,8,Q3,PFA,54.0,2.0,3.7
2022-S34,2022-08-28,8,Q3,PFA,9.0,0.0,0.0
2022-S35,2022-08-29,8,Q3,PFA,59.0,0.0,0.0
2022-S36,2022-09-05,9,Q3,PFA,42.0,0.0,0.0
2022-S36,2022-09-06,9,Q3,PFA,6.0,0.0,0.0
2022-S36,2022-09-08,9,Q3,PFA,6.0,0.0,0.0
2022-S37,2022-09-13,9,Q3,PFA,8.0,0.0,0.0
2022-S37,2022-09-18,9,Q3,PFA,2.0,0.0,0.0
2022-S38,2022-09-19,9,Q3,PFA,64.0,1.0,1.56
2022-S38,2022-09-25,9,Q3,PFA,2.0,0.0,0.0
2022-S39,2022-09-26,9,Q3,PFA,78.0,2.0,2.56
2022-S39,2022-09-29,9,Q3,PFA,3.0,0.0,0.0
2022-S39,2022-10-01,10,Q4,PFA,14.0,0.0,0.0
2022-S39,2022-10-02,10,Q4,PFA,1.0,0.0,0.0
2022-S40,2022-10-03,10,Q4,PFA,2.0,0.0,0.0
2022-S40,2022-10-07,10,Q4,PFA,2.0,0.0,0.0
2022-S44,2022-11-04,11,Q4,PFA,49.0,0.0,0.0
2022-S45,2022-11-07,11,Q4,PFA,46.0,0.0,0.0
2022-S49,2022-12-05,12,Q4,PFA,1.0,0.0,0.0
2022-S49,2022-12-06,12,Q4,PFA,7.0,0.0,0.0
2022-S49,2022-12-09,12,Q4,PFA,67.0,10.0,14.93
2023-S00,2023-01-01,1,Q1,PFA,28.0,0.0,0.0
2023-S01,2023-01-02,1,Q1,PFA,1.0,6.7,670.0
2023-S02,2023-01-09,1,Q1,PFA,5.0,3.7,74.0
2023-S03,2023-01-16,1,Q1,PFA,35.0,10.700000000000001,30.57
2023-S03,2023-01-22,1,Q1,PFA,2.0,0.0,0.0
2023-S04,2023-01-23,1,Q1,PFA,41.0,3.1,7.56
2023-S04,2023-01-26,1,Q1,PFA,1.0,0.0,0.0
2023-S04,2023-01-29,1,Q1,PFA,18.0,0.0,0.0
2023-S05,2023-01-30,1,Q1,PFA,35.0,0.0,0.0
2023-S05,2023-02-01,2,Q1,PFA,29.0,0.0,0.0
2023-S06,2023-02-06,2,Q1,PFA,1.0,0.0,0.0
2023-S07,2023-02-13,2,Q1,PFA,25.0,5.4,21.6
2023-S07,2023-02-16,2,Q1,PFA,2.0,0.0,0.0
2023-S08,2023-02-20,2,Q1,PFA,35.0,6.4,18.29
2023-S08,2023-02-22,2,Q1,PFA,1.0,0.0,0.0
2023-S08,2023-02-23,2,Q1,PFA,2.0,0.0,0.0
2023-S22,2023-06-02,6,Q2,PFA,21.0,1.0,4.76
2023-S35,2023-09-01,9,Q3,PFA,30.0,0.0,0.0
2023-S48,2023-12-01,12,Q4,PFA,1.0,0.0,0.0
2022-S01,2022-01-03,1,Q1,PNEUMONIE,1802.0,4.0,0.22
2022-S01,2022-01-05,1,Q1,PNEUMONIE,2555.0,7.0,0.27
2022-S01,2022-01-08,1,Q1,PNEUMONIE,9828.0,11.0,0.11
2022-S01,2022-01-09,1,Q1,PNEUMONIE,1416.0,0.0,0.0
2022-S02,2022-01-13,1,Q1,PNEUMONIE,1244.0,1.0,0.08
2022-S02,2022-01-14,1,Q1,PNEUMONIE,257.0,2.0,0.78
2022-S03,2022-01-17,1,Q1,PNEUMONIE,8228.0,4.0,0.05
2022-S03,2022-01-20,1,Q1,PNEUMONIE,1209.0,0.0,0.0
2022-S03,2022-01-23,1,Q1,PNEUMONIE,1216.0,1.0,0.08
2022-S04,2022-01-24,1,Q1,PNEUMONIE,7723.0,3.0,0.04
2022-S04,2022-01-26,1,Q1,PNEUMONIE,288.0,0.0,0.0
2022-S04,2022-01-27,1,Q1,PNEUMONIE,823.0,0.0,0.0
2022-S05,2022-01-31,1,Q1,PNEUMONIE,10473.0,12.0,0.11
2022-S05,2022-02-02,2,Q1,PNEUMONIE,20.0,0.0,0.0
2022-S05,2022-02-03,2,Q1,PNEUMONIE,1152.0,2.0,0.17
2022-S05,2022-02-05,2,Q1,PNEUMONIE,10247.0,6.0,0.06
2022-S05,2022-02-06,2,Q1,PNEUMONIE,726.0,1.0,0.14
2022-S06,2022-02-08,2,Q1,PNEUMONIE,111.0,0.0,0.0
2022-S07,2022-02-14,2,Q1,PNEUMONIE,10306.0,8.0,0.08
2022-S07,2022-02-17,2,Q1,PNEUMONIE,1147.0,0.0,0.0
2022-S08,2022-02-21,2,Q1,PNEUMONIE,7194.0,3.0,0.04
2022-S08,2022-02-22,2,Q1,PNEUMONIE,3061.0,2.0,0.07
2022-S08,2022-02-24,2,Q1,PNEUMONIE,885.0,0.0,0.0
2022-S08,2022-02-27,2,Q1,PNEUMONIE,500.0,0.0,0.0
2022-S09,2022-02-28,2,Q1,PNEUMONIE,8873.0,13.0,0.15
2022-S09,2022-03-01,3,Q1,PNEUMONIE,7621.0,2.0,0.03
2022-S09,2022-03-02,3,Q1,PNEUMONIE,1027.0,1.0,0.1
2022-S09,2022-03-05,3,Q1,PNEUMONIE,701.0,3.0,0.43
2022-S10,2022-03-07,3,Q1,PNEUMONIE,3698.0,2.0,0.05
2022-S10,2022-03-08,3,Q1,PNEUMONIE,614.0,0.0,0.0
2022-S10,2022-03-10,3,Q1,PNEUMONIE,12852.0,7.0,0.05
2022-S11,2022-03-14,3,Q1,PNEUMONIE,13086.0,10.0,0.08
2022-S11,2022-03-17,3,Q1,PNEUMONIE,754.0,0.0,0.0
2022-S12,2022-03-21,3,Q1,PNEUMONIE,9853.0,7.0,0.07
2022-S12,2022-03-24,3,Q1,PNEUMONIE,1172.0,1.0,0.09
2022-S13,2022-03-28,3,Q1,PNEUMONIE,10430.0,5.0,0.05
2022-S13,2022-03-31,3,Q1,PNEUMONIE,1117.0,0.0,0.0
2022-S13,2022-04-01,4,Q2,PNEUMONIE,1501.0,0.0,0.0
2022-S14,2022-04-04,4,Q2,PNEUMONIE,10776.0,12.0,0.11
2022-S14,2022-04-05,4,Q2,PNEUMONIE,1188.0,3.0,0.25
2022-S14,2022-04-07,4,Q2,PNEUMONIE,12107.0,12.0,0.1
2022-S14,2022-04-09,4,Q2,PNEUMONIE,2082.0,0.0,0.0
2022-S14,2022-04-10,4,Q2,PNEUMONIE,1263.0,1.0,0.08
2022-S15,2022-04-11,4,Q2,PNEUMONIE,524.0,1.0,0.19
2022-S15,2022-04-14,4,Q2,PNEUMONIE,1980.0,2.0,0.1
2022-S15,2022-04-17,4,Q2,PNEUMONIE,1762.0,0.0,0.0
2022-S16,2022-04-18,4,Q2,PNEUMONIE,11250.0,12.0,0.11
2022-S16,2022-04-21,4,Q2,PNEUMONIE,1265.0,2.0,0.16
2022-S17,2022-04-25,4,Q2,PNEUMONIE,12481.0,13.0,0.1
2022-S17,2022-04-28,4,Q2,PNEUMONIE,823.0,5.0,0.61
2022-S18,2022-05-06,5,Q2,PNEUMONIE,280.0,0.0,0.0
2022-S19,2022-05-09,5,Q2,PNEUMONIE,7362.0,11.0,0.15
2022-S19,2022-05-10,5,Q2,PNEUMONIE,1353.0,1.0,0.07
2022-S20,2022-05-16,5,Q2,PNEUMONIE,11373.0,9.0,0.08
2022-S20,2022-05-20,5,Q2,PNEUMONIE,1133.0,2.0,0.18
2022-S21,2022-05-23,5,Q2,PNEUMONIE,11752.0,7.0,0.06
2022-S21,2022-05-26,5,Q2,PNEUMONIE,798.0,0.0,0.0
2022-S22,2022-05-30,5,Q2,PNEUMONIE,10771.0,14.0,0.13
2022-S22,2022-06-05,6,Q2,PNEUMONIE,625.0,3.0,0.48
2022-S23,2022-06-06,6,Q2,PNEUMONIE,11903.0,9.0,0.08
2022-S23,2022-06-09,6,Q2,PNEUMONIE,3640.0,0.0,0.0
2022-S24,2022-06-13,6,Q2,PNEUMONIE,15164.0,19.0,0.13
2022-S24,2022-06-16,6,Q2,PNEUMONIE,1224.0,0.0,0.0
2022-S24,2022-06-19,6,Q2,PNEUMONIE,144.0,0.0,0.0
2022-S25,2022-06-20,6,Q2,PNEUMONIE,10267.0,10.0,0.1
2022-S25,2022-06-21,6,Q2,PNEUMONIE,2198.0,1.0,0.05
2022-S25,2022-06-23,6,Q2,PNEUMONIE,1096.0,1.0,0.09
2022-S25,2022-06-26,6,Q2,PNEUMONIE,266.0,0.0,0.0
2022-S26,2022-06-27,6,Q2,PNEUMONIE,7284.0,8.0,0.11
2022-S26,2022-06-28,6,Q2,PNEUMONIE,2010.0,1.0,0.05
2022-S26,2022-06-29,6,Q2,PNEUMONIE,1300.0,2.0,0.15
2022-S26,2022-07-02,7,Q3,PNEUMONIE,12020.0,7.0,0.06
2022-S26,2022-07-03,7,Q3,PNEUMONIE,12493.0,7.0,0.06
2022-S27,2022-07-04,7,Q3,PNEUMONIE,861.0,0.0,0.0
2022-S27,2022-07-07,7,Q3,PNEUMONIE,1282.0,0.0,0.0
2022-S27,2022-07-08,7,Q3,PNEUMONIE,2595.0,3.0,0.12
2022-S27,2022-07-09,7,Q3,PNEUMONIE,1103.0,0.0,0.0
2022-S28,2022-07-11,7,Q3,PNEUMONIE,593.0,1.0,0.17
2022-S28,2022-07-14,7,Q3,PNEUMONIE,1443.0,0.0,0.0
2022-S28,2022-07-17,7,Q3,PNEUMONIE,2401.0,6.0,0.25
2022-S29,2022-07-18,7,Q3,PNEUMONIE,13273.0,12.0,0.09
2022-S29,2022-07-21,7,Q3,PNEUMONIE,921.0,1.0,0.11
2022-S29,2022-07-24,7,Q3,PNEUMONIE,3102.0,2.0,0.06
2022-S30,2022-07-25,7,Q3,PNEUMONIE,12844.0,10.0,0.08
2022-S30,2022-07-26,7,Q3,PNEUMONIE,3.0,0.0,0.0
2022-S30,2022-07-28,7,Q3,PNEUMONIE,1197.0,1.0,0.08
2022-S30,2022-07-31,7,Q3,PNEUMONIE,2540.0,1.0,0.04
2022-S31,2022-08-01,8,Q3,PNEUMONIE,805.0,0.0,0.0
2022-S31,2022-08-05,8,Q3,PNEUMONIE,12.0,0.0,0.0
2022-S32,2022-08-08,8,Q3,PNEUMONIE,13058.0,14.0,0.11
2022-S32,2022-08-14,8,Q3,PNEUMONIE,1921.0,2.0,0.1
2022-S33,2022-08-15,8,Q3,PNEUMONIE,10610.0,13.0,0.12
2022-S33,2022-08-18,8,Q3,PNEUMONIE,963.0,0.0,0.0
2022-S33,2022-08-21,8,Q3,PNEUMONIE,3040.0,2.0,0.07
2022-S34,2022-08-22,8,Q3,PNEUMONIE,9714.0,4.0,0.04
2022-S34,2022-08-24,8,Q3,PNEUMONIE,1430.0,1.0,0.07
2022-S34,2022-08-25,8,Q3,PNEUMONIE,44.0,0.0,0.0
2022-S34,2022-08-28,8,Q3,PNEUMONIE,3416.0,2.0,0.06
2022-S35,2022-08-29,8,Q3,PNEUMONIE,10167.0,7.0,0.07
2022-S36,2022-09-05,9,Q3,PNEUMONIE,11488.0,12.0,0.1
2022-S36,2022-09-06,9,Q3,PNEUMONIE,998.0,1.0,0.1
2022-S36,2022-09-08,9,Q3,PNEUMONIE,1634.0,0.0,0.0
2022-S37,2022-09-13,9,Q3,PNEUMONIE,2217.0,0.0,0.0
2022-S37,2022-09-15,9,Q3,PNEUMONIE,1329.0,0.0,0.0
2022-S37,2022-09-18,9,Q3,PNEUMONIE,2998.0,15.0,0.5
2022-S38,2022-09-19,9,Q3,PNEUMONIE,11849.0,8.0,0.07
2022-S38,2022-09-22,9,Q3,PNEUMONIE,1490.0,1.0,0.07
2022-S38,2022-09-25,9,Q3,PNEUMONIE,4537.0,2.0,0.04
2022-S39,2022-09-26,9,Q3,PNEUMONIE,9410.0,5.0,0.05
2022-S39,2022-09-29,9,Q3,PNEUMONIE,1648.0,0.0,0.0
2022-S39,2022-10-01,10,Q4,PNEUMONIE,6886.0,8.0,0.12
2022-S39,2022-10-02,10,Q4,PNEUMONIE,766.0,1.0,0.13
2022-S40,2022-10-03,10,Q4,PNEUMONIE,1380.0,2.0,0.14
2022-S40,2022-10-04,10,Q4,PNEUMONIE,133.0,0.0,0.0
2022-S40,2022-10-07,10,Q4,PNEUMONIE,2703.0,0.0,0.0
2022-S41,2022-10-13,10,Q4,PNEUMONIE,1342.0,0.0,0.0
2022-S44,2022-11-01,11,Q4,PNEUMONIE,1841.0,2.0,0.11
2022-S44,2022-11-04,11,Q4,PNEUMONIE,11076.0,8.0,0.07
2022-S45,2022-11-07,11,Q4,PNEUMONIE,12240.0,7.0,0.06
2022-S45,2022-11-09,11,Q4,PNEUMONIE,3610.0,5.0,0.14
2022-S49,2022-12-05,12,Q4,PNEUMONIE,1387.0,1.0,0.07
2022-S49,2022-12-06,12,Q4,PNEUMONIE,482.0,0.0,0.0
2022-S49,2022-12-09,12,Q4,PNEUMONIE,7719.0,19.0,0.25
2023-S00,2023-01-01,1,Q1,PNEUMONIE,1117.0,0.0,0.0
2023-S01,2023-01-02,1,Q1,PNEUMONIE,2976.0,431.3,14.49
2023-S02,2023-01-09,1,Q1,PNEUMONIE,4958.0,349.6,7.05
2023-S03,2023-01-16,1,Q1,PNEUMONIE,16428.0,361.8,2.2
2023-S03,2023-01-17,1,Q1,PNEUMONIE,90.0,1.0,1.11
2023-S03,2023-01-19,1,Q1,PNEUMONIE,1408.0,0.0,0.0
2023-S03,2023-01-22,1,Q1,PNEUMONIE,182.0,0.0,0.0
2023-S04,2023-01-23,1,Q1,PNEUMONIE,15883.0,231.0,1.45
2023-S04,2023-01-24,1,Q1,PNEUMONIE,493.0,1.0,0.2
2023-S04,2023-01-26,1,Q1,PNEUMONIE,1389.0,1.0,0.07
2023-S04,2023-01-29,1,Q1,PNEUMONIE,720.0,0.0,0.0
2023-S05,2023-01-30,1,Q1,PNEUMONIE,14128.0,11.0,0.08
2023-S05,2023-02-01,2,Q1,PNEUMONIE,13669.0,18.0,0.13
2023-S06,2023-02-06,2,Q1,PNEUMONIE,1719.0,0.0,0.0
2023-S07,2023-02-13,2,Q1,PNEUMONIE,15712.0,326.6,2.08
2023-S07,2023-02-16,2,Q1,PNEUMONIE,1879.0,2.0,0.11
2023-S08,2023-02-20,2,Q1,PNEUMONIE,12284.0,352.5,2.87
2023-S08,2023-02-22,2,Q1,PNEUMONIE,1552.0,1.0,0.06
2023-S08,2023-02-23,2,Q1,PNEUMONIE,268.0,2.0,0.75
2023-S22,2023-06-02,6,Q2,PNEUMONIE,12908.0,18.0,0.14
2023-S26,2023-07-01,7,Q3,PNEUMONIE,95.0,0.0,0.0
2023-S35,2023-09-01,9,Q3,PNEUMONIE,11982.0,8.0,0.07
2023-S35,2023-09-02,9,Q3,PNEUMONIE,1192.0,1.0,0.08
2023-S48,2023-12-01,12,Q4,PNEUMONIE,1115.0,2.0,0.18
2023-S48,2023-12-02,12,Q4,PNEUMONIE,10.0,0.0,0.0
2021-S02,2021-01-14,1,Q1,Paludisme (confirmé),681.0,0.0,0.0
2022-S01,2022-01-03,1,Q1,Paludisme (confirmé),15616.0,26.0,0.17
2022-S01,2022-01-05,1,Q1,Paludisme (confirmé),4689.0,2.0,0.04
2022-S01,2022-01-08,1,Q1,Paludisme (confirmé),205018.0,192.0,0.09
2022-S01,2022-01-09,1,Q1,Paludisme (confirmé),1927.0,9.0,0.47
2022-S02,2022-01-13,1,Q1,Paludisme (confirmé),3266.0,6.0,0.18
2022-S02,2022-01-14,1,Q1,Paludisme (confirmé),2073.0,2.0,0.1
2022-S02,2022-01-16,1,Q1,Paludisme (confirmé),1155.0,6.0,0.52
2022-S03,2022-01-17,1,Q1,Paludisme (confirmé),169492.0,146.0,0.09
2022-S03,2022-01-20,1,Q1,Paludisme (confirmé),2447.0,5.0,0.2
2022-S03,2022-01-23,1,Q1,Paludisme (confirmé),13209.0,12.0,0.09
2022-S04,2022-01-24,1,Q1,Paludisme (confirmé),175141.0,134.0,0.08
2022-S04,2022-01-26,1,Q1,Paludisme (confirmé),862.0,2.0,0.23
2022-S04,2022-01-27,1,Q1,Paludisme (confirmé),2024.0,11.0,0.54
2022-S04,2022-01-30,1,Q1,Paludisme (confirmé),2539.0,7.0,0.28
2022-S05,2022-01-31,1,Q1,Paludisme (confirmé),198470.0,172.0,0.09
2022-S05,2022-02-02,2,Q1,Paludisme (confirmé),2630.0,2.0,0.08
2022-S05,2022-02-03,2,Q1,Paludisme (confirmé),4564.0,9.0,0.2
2022-S05,2022-02-05,2,Q1,Paludisme (confirmé),240919.0,210.0,0.09
2022-S05,2022-02-06,2,Q1,Paludisme (confirmé),2493.0,11.0,0.44
2022-S06,2022-02-07,2,Q1,Paludisme (confirmé),7366.0,6.0,0.08
2022-S06,2022-02-08,2,Q1,Paludisme (confirmé),8805.0,7.0,0.08
2022-S06,2022-02-10,2,Q1,Paludisme (confirmé),3586.0,2.0,0.06
2022-S06,2022-02-13,2,Q1,Paludisme (confirmé),3802.0,10.0,0.26
2022-S07,2022-02-14,2,Q1,Paludisme (confirmé),212780.0,156.0,0.07
2022-S07,2022-02-17,2,Q1,Paludisme (confirmé),3912.0,15.0,0.38
2022-S07,2022-02-20,2,Q1,Paludisme (confirmé),3969.0,8.0,0.2
2022-S08,2022-02-21,2,Q1,Paludisme (confirmé),196462.0,148.0,0.08
2022-S08,2022-02-22,2,Q1,Paludisme (confirmé),2056.0,4.0,0.19
2022-S08,2022-02-24,2,Q1,Paludisme (confirmé),4715.0,11.0,0.23
2022-S08,2022-02-27,2,Q1,Paludisme (confirmé),11313.0,17.0,0.15
2022-S09,2022-02-28,2,Q1,Paludisme (confirmé),200474.0,146.0,0.07
2022-S09,2022-03-01,3,Q1,Paludisme (confirmé),158068.0,127.0,0.08
2022-S09,2022-03-02,3,Q1,Paludisme (confirmé),2215.0,13.0,0.59
2022-S09,2022-03-04,3,Q1,Paludisme (confirmé),13107.0,31.0,0.24
2022-S09,2022-03-05,3,Q1,Paludisme (confirmé),8452.0,10.0,0.12
2022-S10,2022-03-07,3,Q1,Paludisme (confirmé),28289.0,46.0,0.16
2022-S10,2022-03-08,3,Q1,Paludisme (confirmé),6915.0,3.0,0.04
2022-S10,2022-03-10,3,Q1,Paludisme (confirmé),189928.0,177.0,0.09
2022-S11,2022-03-14,3,Q1,Paludisme (confirmé),220324.0,199.0,0.09
2022-S11,2022-03-17,3,Q1,Paludisme (confirmé),3270.0,11.0,0.34
2022-S12,2022-03-21,3,Q1,Paludisme (confirmé),207773.0,143.0,0.07
2022-S12,2022-03-24,3,Q1,Paludisme (confirmé),4821.0,11.0,0.23
2022-S12,2022-03-27,3,Q1,Paludisme (confirmé),3700.0,10.0,0.27
2022-S13,2022-03-28,3,Q1,Paludisme (confirmé),206350.0,152.0,0.07
2022-S13,2022-03-31,3,Q1,Paludisme (confirmé),3055.0,13.0,0.43
2022-S13,2022-04-01,4,Q2,Paludisme (confirmé),12623.0,4.0,0.03
2022-S14,2022-04-04,4,Q2,Paludisme (confirmé),199590.0,148.0,0.07
2022-S14,2022-04-05,4,Q2,Paludisme (confirmé),6672.0,12.0,0.18
2022-S14,2022-04-07,4,Q2,Paludisme (confirmé),229941.0,183.0,0.08
2022-S14,2022-04-09,4,Q2,Paludisme (confirmé),9517.0,4.0,0.04
2022-S14,2022-04-10,4,Q2,Paludisme (confirmé),13060.0,9.0,0.07
2022-S15,2022-04-11,4,Q2,Paludisme (confirmé),8982.0,1.0,0.01
2022-S15,2022-04-14,4,Q2,Paludisme (confirmé),19550.0,18.0,0.09
2022-S15,2022-04-17,4,Q2,Paludisme (confirmé),31955.0,40.0,0.13
2022-S16,2022-04-18,4,Q2,Paludisme (confirmé),203360.0,199.0,0.1
2022-S16,2022-04-21,4,Q2,Paludisme (confirmé),5552.0,16.0,0.29
2022-S16,2022-04-24,4,Q2,Paludisme (confirmé),4380.0,13.0,0.3
2022-S17,2022-04-25,4,Q2,Paludisme (confirmé),240438.0,213.0,0.09
2022-S17,2022-04-28,4,Q2,Paludisme (confirmé),4687.0,7.0,0.15
2022-S18,2022-05-06,5,Q2,Paludisme (confirmé),16379.0,25.0,0.15
2022-S19,2022-05-09,5,Q2,Paludisme (confirmé),198568.0,158.0,0.08
2022-S19,2022-05-10,5,Q2,Paludisme (confirmé),7412.0,7.0,0.09
2022-S19,2022-05-15,5,Q2,Paludisme (confirmé),4223.0,17.0,0.4
2022-S20,2022-05-16,5,Q2,Paludisme (confirmé),244953.0,228.0,0.09
2022-S20,2022-05-20,5,Q2,Paludisme (confirmé),7221.0,2.0,0.03
2022-S20,2022-05-22,5,Q2,Paludisme (confirmé),16366.0,20.0,0.12
2022-S21,2022-05-23,5,Q2,Paludisme (confirmé),226808.0,182.0,0.08
2022-S21,2022-05-26,5,Q2,Paludisme (confirmé),5586.0,4.0,0.07
2022-S21,2022-05-29,5,Q2,Paludisme (confirmé),18192.0,13.0,0.07
2022-S22,2022-05-30,5,Q2,Paludisme (confirmé),231407.0,222.0,0.1
2022-S22,2022-05-31,5,Q2,Paludisme (confirmé),793.0,0.0,0.0
2022-S22,2022-06-02,6,Q2,Paludisme (confirmé),3578.0,7.0,0.2
2022-S22,2022-06-03,6,Q2,Paludisme (confirmé),3061.0,6.0,0.2
2022-S22,2022-06-05,6,Q2,Paludisme (confirmé),37227.0,5.0,0.01
2022-S23,2022-06-06,6,Q2,Paludisme (confirmé),203360.0,227.0,0.11
2022-S23,2022-06-09,6,Q2,Paludisme (confirmé),32879.0,19.0,0.06
2022-S24,2022-06-13,6,Q2,Paludisme (confirmé),243342.0,237.0,0.1
2022-S24,2022-06-16,6,Q2,Paludisme (confirmé),8966.0,15.0,0.17
2022-S24,2022-06-19,6,Q2,Paludisme (confirmé),10777.0,10.0,0.09
2022-S25,2022-06-20,6,Q2,Paludisme (confirmé),223250.0,189.0,0.08
2022-S25,2022-06-21,6,Q2,Paludisme (confirmé),18137.0,7.0,0.04
2022-S25,2022-06-23,6,Q2,Paludisme (confirmé),5075.0,8.0,0.16
2022-S25,2022-06-26,6,Q2,Paludisme (confirmé),17476.0,22.0,0.13
2022-S26,2022-06-27,6,Q2,Paludisme (confirmé),226611.0,178.0,0.08
2022-S26,2022-06-28,6,Q2,Paludisme (confirmé),17533.0,9.0,0.05
2022-S26,2022-06-29,6,Q2,Paludisme (confirmé),6177.0,6.0,0.1
2022-S26,2022-07-02,7,Q3,Paludisme (confirmé),195799.0,170.0,0.09
2022-S26,2022-07-03,7,Q3,Paludisme (confirmé),200113.0,146.0,0.07
2022-S27,2022-07-04,7,Q3,Paludisme (confirmé),5358.0,3.0,0.06
2022-S27,2022-07-07,7,Q3,Paludisme (confirmé),7615.0,4.0,0.05
2022-S27,2022-07-08,7,Q3,Paludisme (confirmé),10059.0,6.0,0.06
2022-S27,2022-07-09,7,Q3,Paludisme (confirmé),9735.0,6.0,0.06
2022-S28,2022-07-11,7,Q3,Paludisme (confirmé),8244.0,6.0,0.07
2022-S28,2022-07-14,7,Q3,Paludisme (confirmé),9652.0,3.0,0.03
2022-S28,2022-07-17,7,Q3,Paludisme (confirmé),6345.0,13.0,0.2
2022-S29,2022-07-18,7,Q3,Paludisme (confirmé),244540.0,212.0,0.09
2022-S29,2022-07-20,7,Q3,Paludisme (confirmé),172.0,1.0,0.58
2022-S29,2022-07-21,7,Q3,Paludisme (confirmé),7306.0,6.0,0.08
2022-S29,2022-07-24,7,Q3,Paludisme (confirmé),7563.0,11.0,0.15
2022-S30,2022-07-25,7,Q3,Paludisme (confirmé),239713.0,181.0,0.08
2022-S30,2022-07-26,7,Q3,Paludisme (confirmé),2334.0,9.0,0.39
2022-S30,2022-07-28,7,Q3,Paludisme (confirmé),9244.0,12.0,0.13
2022-S30,2022-07-31,7,Q3,Paludisme (confirmé),5291.0,6.0,0.11
2022-S31,2022-08-01,8,Q3,Paludisme (confirmé),15812.0,5.0,0.03
2022-S31,2022-08-05,8,Q3,Paludisme (confirmé),4230.0,12.0,0.28
2022-S32,2022-08-08,8,Q3,Paludisme (confirmé),214442.0,143.0,0.07
2022-S32,2022-08-14,8,Q3,Paludisme (confirmé),10316.0,9.0,0.09
2022-S33,2022-08-15,8,Q3,Paludisme (confirmé),236835.0,194.0,0.08
2022-S33,2022-08-16,8,Q3,Paludisme (confirmé),415.0,0.0,0.0
2022-S33,2022-08-18,8,Q3,Paludisme (confirmé),7709.0,9.0,0.12
2022-S33,2022-08-21,8,Q3,Paludisme (confirmé),11410.0,8.0,0.07
2022-S34,2022-08-22,8,Q3,Paludisme (confirmé),222610.0,177.0,0.08
2022-S34,2022-08-24,8,Q3,Paludisme (confirmé),9331.0,16.0,0.17
2022-S34,2022-08-25,8,Q3,Paludisme (confirmé),461.0,1.0,0.22
2022-S34,2022-08-28,8,Q3,Paludisme (confirmé),17526.0,21.0,0.12
2022-S35,2022-08-29,8,Q3,Paludisme (confirmé),236904.0,182.0,0.08
2022-S35,2022-09-01,9,Q3,Paludisme (confirmé),1005.0,2.0,0.2
2022-S36,2022-09-05,9,Q3,Paludisme (confirmé),261658.0,317.0,0.12
2022-S36,2022-09-06,9,Q3,Paludisme (confirmé),5203.0,5.0,0.1
2022-S36,2022-09-08,9,Q3,Paludisme (confirmé),30012.0,15.0,0.05
2022-S36,2022-09-10,9,Q3,Paludisme (confirmé),3248.0,4.0,0.12
2022-S37,2022-09-13,9,Q3,Paludisme (confirmé),16112.0,21.0,0.13
2022-S37,2022-09-15,9,Q3,Paludisme (confirmé),9194.0,6.0,0.07
2022-S37,2022-09-18,9,Q3,Paludisme (confirmé),6955.0,3.0,0.04
2022-S38,2022-09-19,9,Q3,Paludisme (confirmé),243905.0,200.0,0.08
2022-S38,2022-09-22,9,Q3,Paludisme (confirmé),9550.0,13.0,0.14
2022-S38,2022-09-25,9,Q3,Paludisme (confirmé),27276.0,21.0,0.08
2022-S39,2022-09-26,9,Q3,Paludisme (confirmé),200938.0,181.0,0.09
2022-S39,2022-09-29,9,Q3,Paludisme (confirmé),32642.0,19.0,0.06
2022-S39,2022-10-01,10,Q4,Paludisme (confirmé),147610.0,96.0,0.07
2022-S39,2022-10-02,10,Q4,Paludisme (confirmé),2137.0,9.0,0.42
2022-S40,2022-10-03,10,Q4,Paludisme (confirmé),39331.0,8.0,0.02
2022-S40,2022-10-04,10,Q4,Paludisme (confirmé),20463.0,19.0,0.09
2022-S40,2022-10-06,10,Q4,Paludisme (confirmé),8496.0,7.0,0.08
2022-S40,2022-10-07,10,Q4,Paludisme (confirmé),7306.0,7.0,0.1
2022-S41,2022-10-13,10,Q4,Paludisme (confirmé),7513.0,11.0,0.15
2022-S44,2022-11-01,11,Q4,Paludisme (confirmé),16757.0,3.0,0.02
2022-S44,2022-11-04,11,Q4,Paludisme (confirmé),188446.0,131.0,0.07
2022-S45,2022-11-07,11,Q4,Paludisme (confirmé),232048.0,173.0,0.07
2022-S45,2022-11-09,11,Q4,Paludisme (confirmé),19824.0,21.0,0.11
2022-S49,2022-12-05,12,Q4,Paludisme (confirmé),7320.0,7.0,0.1
2022-S49,2022-12-06,12,Q4,Paludisme (confirmé),18590.0,8.0,0.04
2022-S49,2022-12-09,12,Q4,Paludisme (confirmé),207995.0,151.0,0.07
2023-S00,2023-01-01,1,Q1,Paludisme (confirmé),8080.0,15.0,0.19
2023-S01,2023-01-02,1,Q1,Paludisme (confirmé),35623.0,6106.2,17.14
2023-S02,2023-01-09,1,Q1,Paludisme (confirmé),39895.0,5849.6,14.66
2023-S03,2023-01-16,1,Q1,Paludisme (confirmé),258132.0,7559.6,2.93
2023-S03,2023-01-17,1,Q1,Paludisme (confirmé),20463.0,20.0,0.1
2023-S03,2023-01-19,1,Q1,Paludisme (confirmé),5288.0,13.0,0.25
2023-S03,2023-01-22,1,Q1,Paludisme (confirmé),20281.0,17.0,0.08
2023-S04,2023-01-23,1,Q1,Paludisme (confirmé),251618.0,8489.0,3.37
2023-S04,2023-01-24,1,Q1,Paludisme (confirmé),12369.0,9.0,0.07
2023-S04,2023-01-26,1,Q1,Paludisme (confirmé),9121.0,10.0,0.11
2023-S04,2023-01-29,1,Q1,Paludisme (confirmé),4544.0,4.0,0.09
2023-S05,2023-01-30,1,Q1,Paludisme (confirmé),263599.0,213.0,0.08
2023-S05,2023-02-01,2,Q1,Paludisme (confirmé),237174.0,155.0,0.07
2023-S06,2023-02-06,2,Q1,Paludisme (confirmé),20218.0,226.0,1.12
2023-S07,2023-02-13,2,Q1,Paludisme (confirmé),265670.0,6065.4,2.28
2023-S07,2023-02-16,2,Q1,Paludisme (confirmé),5479.0,9.0,0.16
2023-S08,2023-02-20,2,Q1,Paludisme (confirmé),221350.0,5284.9,2.39
2023-S08,2023-02-22,2,Q1,Paludisme (confirmé),7138.0,7.0,0.1
2023-S08,2023-02-23,2,Q1,Paludisme (confirmé),19446.0,35.0,0.18
2023-S22,2023-06-02,6,Q2,Paludisme (confirmé),247194.0,166.0,0.07
2023-S26,2023-07-01,7,Q3,Paludisme (confirmé),8061.0,2.0,0.02
2023-S35,2023-09-01,9,Q3,Paludisme (confirmé),222356.0,136.0,0.06
2023-S35,2023-09-02,9,Q3,Paludisme (confirmé),6502.0,3.0,0.05
2023-S48,2023-12-01,12,Q4,Paludisme (confirmé),7047.0,8.0,0.11
2023-S48,2023-12-02,12,Q4,Paludisme (confirmé),282.0,0.0,0.0
2022-S01,2022-01-03,1,Q1,Paludisme (suspect),19750.0,30.0,0.15
2022-S01,2022-01-05,1,Q1,Paludisme (suspect),23809.0,7.0,0.03
2022-S01,2022-01-08,1,Q1,Paludisme (suspect),262002.0,69.0,0.03
2022-S01,2022-01-09,1,Q1,Paludisme (suspect),12440.0,4.0,0.03
2022-S02,2022-01-13,1,Q1,Paludisme (suspect),7683.0,0.0,0.0
2022-S02,2022-01-14,1,Q1,Paludisme (suspect),9987.0,31.0,0.31
2022-S03,2022-01-17,1,Q1,Paludisme (suspect),248581.0,258.0,0.1
2022-S03,2022-01-20,1,Q1,Paludisme (suspect),9014.0,0.0,0.0
2022-S03,2022-01-23,1,Q1,Paludisme (suspect),16394.0,6.0,0.04
2022-S04,2022-01-24,1,Q1,Paludisme (suspect),252094.0,157.0,0.06
2022-S04,2022-01-26,1,Q1,Paludisme (suspect),2412.0,0.0,0.0
2022-S04,2022-01-27,1,Q1,Paludisme (suspect),11994.0,0.0,0.0
2022-S04,2022-01-28,1,Q1,Paludisme (suspect),240.0,0.0,0.0
2022-S05,2022-01-31,1,Q1,Paludisme (suspect),289964.0,184.0,0.06
2022-S05,2022-02-02,2,Q1,Paludisme (suspect),17904.0,24.0,0.13
2022-S05,2022-02-03,2,Q1,Paludisme (suspect),12388.0,3.0,0.02
2022-S05,2022-02-05,2,Q1,Paludisme (suspect),304036.0,111.0,0.04
2022-S05,2022-02-06,2,Q1,Paludisme (suspect),12781.0,0.0,0.0
2022-S06,2022-02-07,2,Q1,Paludisme (suspect),5133.0,1.0,0.02
2022-S06,2022-02-08,2,Q1,Paludisme (suspect),19385.0,17.0,0.09
2022-S06,2022-02-10,2,Q1,Paludisme (suspect),2099.0,0.0,0.0
2022-S06,2022-02-13,2,Q1,Paludisme (suspect),904.0,0.0,0.0
2022-S07,2022-02-14,2,Q1,Paludisme (suspect),291348.0,175.0,0.06
2022-S07,2022-02-17,2,Q1,Paludisme (suspect),13546.0,0.0,0.0
2022-S07,2022-02-20,2,Q1,Paludisme (suspect),925.0,0.0,0.0
2022-S08,2022-02-21,2,Q1,Paludisme (suspect),254409.0,143.0,0.06
2022-S08,2022-02-22,2,Q1,Paludisme (suspect),20520.0,23.0,0.11
2022-S08,2022-02-24,2,Q1,Paludisme (suspect),12217.0,0.0,0.0
2022-S08,2022-02-27,2,Q1,Paludisme (suspect),11279.0,2.0,0.02
2022-S09,2022-02-28,2,Q1,Paludisme (suspect),286817.0,145.0,0.05
2022-S09,2022-03-01,3,Q1,Paludisme (suspect),230843.0,155.0,0.07
2022-S09,2022-03-02,3,Q1,Paludisme (suspect),10746.0,0.0,0.0
2022-S09,2022-03-04,3,Q1,Paludisme (suspect),19734.0,4.0,0.02
2022-S09,2022-03-05,3,Q1,Paludisme (suspect),14587.0,3.0,0.02
2022-S10,2022-03-07,3,Q1,Paludisme (suspect),43424.0,20.0,0.05
2022-S10,2022-03-08,3,Q1,Paludisme (suspect),15010.0,0.0,0.0
2022-S10,2022-03-10,3,Q1,Paludisme (suspect),274510.0,161.0,0.06
2022-S11,2022-03-14,3,Q1,Paludisme (suspect),315874.0,174.0,0.06
2022-S11,2022-03-17,3,Q1,Paludisme (suspect),11330.0,0.0,0.0
2022-S12,2022-03-21,3,Q1,Paludisme (suspect),292001.0,134.0,0.05
2022-S12,2022-03-24,3,Q1,Paludisme (suspect),15129.0,0.0,0.0
2022-S12,2022-03-27,3,Q1,Paludisme (suspect),900.0,0.0,0.0
2022-S13,2022-03-28,3,Q1,Paludisme (suspect),303195.0,155.0,0.05
2022-S13,2022-03-31,3,Q1,Paludisme (suspect),12489.0,0.0,0.0
2022-S13,2022-04-01,4,Q2,Paludisme (suspect),23021.0,16.0,0.07
2022-S14,2022-04-04,4,Q2,Paludisme (suspect),281323.0,113.0,0.04
2022-S14,2022-04-05,4,Q2,Paludisme (suspect),16404.0,4.0,0.02
2022-S14,2022-04-07,4,Q2,Paludisme (suspect),311967.0,119.0,0.04
2022-S14,2022-04-09,4,Q2,Paludisme (suspect),23181.0,11.0,0.05
2022-S14,2022-04-10,4,Q2,Paludisme (suspect),21257.0,12.0,0.06
2022-S15,2022-04-11,4,Q2,Paludisme (suspect),15254.0,2.0,0.01
2022-S15,2022-04-14,4,Q2,Paludisme (suspect),29638.0,7.0,0.02
2022-S15,2022-04-17,4,Q2,Paludisme (suspect),44047.0,31.0,0.07
2022-S16,2022-04-18,4,Q2,Paludisme (suspect),276127.0,89.0,0.03
2022-S16,2022-04-21,4,Q2,Paludisme (suspect),15786.0,5.0,0.03
2022-S16,2022-04-24,4,Q2,Paludisme (suspect),1271.0,0.0,0.0
2022-S17,2022-04-25,4,Q2,Paludisme (suspect),451023.0,135.0,0.03
2022-S17,2022-04-28,4,Q2,Paludisme (suspect),14122.0,2.0,0.01
2022-S18,2022-05-05,5,Q2,Paludisme (suspect),1871.0,10.0,0.53
2022-S18,2022-05-06,5,Q2,Paludisme (suspect),21706.0,4.0,0.02
2022-S18,2022-05-07,5,Q2,Paludisme (suspect),1266.0,0.0,0.0
2022-S19,2022-05-09,5,Q2,Paludisme (suspect),268506.0,59.0,0.02
2022-S19,2022-05-10,5,Q2,Paludisme (suspect),15023.0,0.0,0.0
2022-S19,2022-05-15,5,Q2,Paludisme (suspect),925.0,0.0,0.0
2022-S20,2022-05-16,5,Q2,Paludisme (suspect),345537.0,231.0,0.07
2022-S20,2022-05-20,5,Q2,Paludisme (suspect),12728.0,0.0,0.0
2022-S20,2022-05-22,5,Q2,Paludisme (suspect),22280.0,14.0,0.06
2022-S21,2022-05-23,5,Q2,Paludisme (suspect),320157.0,106.0,0.03
2022-S21,2022-05-26,5,Q2,Paludisme (suspect),12638.0,2.0,0.02
2022-S21,2022-05-29,5,Q2,Paludisme (suspect),22243.0,17.0,0.08
2022-S22,2022-05-30,5,Q2,Paludisme (suspect),309645.0,98.0,0.03
2022-S22,2022-06-03,6,Q2,Paludisme (suspect),911.0,0.0,0.0
2022-S22,2022-06-05,6,Q2,Paludisme (suspect),44200.0,5.0,0.01
2022-S23,2022-06-06,6,Q2,Paludisme (suspect),290618.0,92.0,0.03
2022-S23,2022-06-09,6,Q2,Paludisme (suspect),45102.0,27.0,0.06
2022-S24,2022-06-13,6,Q2,Paludisme (suspect),339024.0,115.0,0.03
2022-S24,2022-06-16,6,Q2,Paludisme (suspect),13611.0,0.0,0.0
2022-S24,2022-06-19,6,Q2,Paludisme (suspect),18588.0,15.0,0.08
2022-S25,2022-06-20,6,Q2,Paludisme (suspect),310483.0,94.0,0.03
2022-S25,2022-06-21,6,Q2,Paludisme (suspect),22809.0,15.0,0.07
2022-S25,2022-06-23,6,Q2,Paludisme (suspect),14491.0,0.0,0.0
2022-S25,2022-06-26,6,Q2,Paludisme (suspect),19365.0,11.0,0.06
2022-S26,2022-06-27,6,Q2,Paludisme (suspect),287288.0,99.0,0.03
2022-S26,2022-06-28,6,Q2,Paludisme (suspect),22909.0,12.0,0.05
2022-S26,2022-06-29,6,Q2,Paludisme (suspect),15243.0,0.0,0.0
2022-S26,2022-07-02,7,Q3,Paludisme (suspect),289883.0,183.0,0.06
2022-S26,2022-07-03,7,Q3,Paludisme (suspect),296892.0,151.0,0.05
2022-S27,2022-07-04,7,Q3,Paludisme (suspect),13416.0,0.0,0.0
2022-S27,2022-07-07,7,Q3,Paludisme (suspect),12364.0,0.0,0.0
2022-S27,2022-07-08,7,Q3,Paludisme (suspect),23640.0,11.0,0.05
2022-S27,2022-07-09,7,Q3,Paludisme (suspect),15397.0,4.0,0.03
2022-S28,2022-07-11,7,Q3,Paludisme (suspect),11253.0,0.0,0.0
2022-S28,2022-07-14,7,Q3,Paludisme (suspect),16314.0,1.0,0.01
2022-S28,2022-07-17,7,Q3,Paludisme (suspect),21058.0,12.0,0.06
2022-S29,2022-07-18,7,Q3,Paludisme (suspect),337221.0,141.0,0.04
2022-S29,2022-07-20,7,Q3,Paludisme (suspect),230.0,1.0,0.43
2022-S29,2022-07-21,7,Q3,Paludisme (suspect),13046.0,4.0,0.03
2022-S29,2022-07-24,7,Q3,Paludisme (suspect),20070.0,20.0,0.1
2022-S30,2022-07-25,7,Q3,Paludisme (suspect),317499.0,107.0,0.03
2022-S30,2022-07-28,7,Q3,Paludisme (suspect),15759.0,3.0,0.02
2022-S30,2022-07-31,7,Q3,Paludisme (suspect),19244.0,15.0,0.08
2022-S31,2022-08-01,8,Q3,Paludisme (suspect),23403.0,0.0,0.0
2022-S31,2022-08-05,8,Q3,Paludisme (suspect),1135.0,0.0,0.0
2022-S32,2022-08-08,8,Q3,Paludisme (suspect),279369.0,71.0,0.03
2022-S32,2022-08-14,8,Q3,Paludisme (suspect),25396.0,15.0,0.06
2022-S33,2022-08-15,8,Q3,Paludisme (suspect),305636.0,83.0,0.03
2022-S33,2022-08-16,8,Q3,Paludisme (suspect),458.0,0.0,0.0
2022-S33,2022-08-18,8,Q3,Paludisme (suspect),13361.0,4.0,0.03
2022-S33,2022-08-21,8,Q3,Paludisme (suspect),30270.0,40.0,0.13
2022-S34,2022-08-22,8,Q3,Paludisme (suspect),292491.0,96.0,0.03
2022-S34,2022-08-24,8,Q3,Paludisme (suspect),17131.0,7.0,0.04
2022-S34,2022-08-28,8,Q3,Paludisme (suspect),34702.0,11.0,0.03
2022-S35,2022-08-29,8,Q3,Paludisme (suspect),315943.0,118.0,0.04
2022-S36,2022-09-05,9,Q3,Paludisme (suspect),347950.0,162.0,0.05
2022-S36,2022-09-06,9,Q3,Paludisme (suspect),14511.0,1.0,0.01
2022-S36,2022-09-08,9,Q3,Paludisme (suspect),47699.0,20.0,0.04
2022-S36,2022-09-10,9,Q3,Paludisme (suspect),2255.0,0.0,0.0
2022-S37,2022-09-13,9,Q3,Paludisme (suspect),22750.0,21.0,0.09
2022-S37,2022-09-15,9,Q3,Paludisme (suspect),17537.0,3.0,0.02
2022-S37,2022-09-18,9,Q3,Paludisme (suspect),24204.0,20.0,0.08
2022-S38,2022-09-19,9,Q3,Paludisme (suspect),334633.0,101.0,0.03
2022-S38,2022-09-22,9,Q3,Paludisme (suspect),17204.0,5.0,0.03
2022-S38,2022-09-25,9,Q3,Paludisme (suspect),49459.0,31.0,0.06
2022-S39,2022-09-26,9,Q3,Paludisme (suspect),286476.0,92.0,0.03
2022-S39,2022-09-29,9,Q3,Paludisme (suspect),46494.0,18.0,0.04
2022-S39,2022-10-01,10,Q4,Paludisme (suspect),200110.0,142.0,0.07
2022-S39,2022-10-02,10,Q4,Paludisme (suspect),12079.0,0.0,0.0
2022-S40,2022-10-03,10,Q4,Paludisme (suspect),60563.0,3.0,0.0
2022-S40,2022-10-04,10,Q4,Paludisme (suspect),31094.0,5.0,0.02
2022-S40,2022-10-06,10,Q4,Paludisme (suspect),17496.0,35.0,0.2
2022-S40,2022-10-07,10,Q4,Paludisme (suspect),23263.0,7.0,0.03
2022-S41,2022-10-13,10,Q4,Paludisme (suspect),13657.0,0.0,0.0
2022-S44,2022-11-01,11,Q4,Paludisme (suspect),17569.0,12.0,0.07
2022-S44,2022-11-04,11,Q4,Paludisme (suspect),271860.0,92.0,0.03
2022-S45,2022-11-07,11,Q4,Paludisme (suspect),312165.0,101.0,0.03
2022-S45,2022-11-09,11,Q4,Paludisme (suspect),39846.0,12.0,0.03
2022-S49,2022-12-05,12,Q4,Paludisme (suspect),14298.0,1.0,0.01
2022-S49,2022-12-06,12,Q4,Paludisme (suspect),21843.0,28.0,0.13
2022-S49,2022-12-09,12,Q4,Paludisme (suspect),284884.0,59.0,0.02
2023-S00,2023-01-01,1,Q1,Paludisme (suspect),15390.0,0.0,0.0
2023-S01,2023-01-02,1,Q1,Paludisme (suspect),57643.0,8089.6,14.03
2023-S02,2023-01-09,1,Q1,Paludisme (suspect),56176.0,6015.0,10.71
2023-S03,2023-01-16,1,Q1,Paludisme (suspect),380176.0,7510.6,1.98
2023-S03,2023-01-17,1,Q1,Paludisme (suspect),29462.0,15.0,0.05
2023-S03,2023-01-19,1,Q1,Paludisme (suspect),15097.0,0.0,0.0
2023-S03,2023-01-22,1,Q1,Paludisme (suspect),26098.0,11.0,0.04
2023-S04,2023-01-23,1,Q1,Paludisme (suspect),361475.0,8102.0,2.24
2023-S04,2023-01-24,1,Q1,Paludisme (suspect),16244.0,4.0,0.02
2023-S04,2023-01-26,1,Q1,Paludisme (suspect),15438.0,1.0,0.01
2023-S04,2023-01-29,1,Q1,Paludisme (suspect),4817.0,3.0,0.06
2023-S05,2023-01-30,1,Q1,Paludisme (suspect),375598.0,117.0,0.03
2023-S05,2023-02-01,2,Q1,Paludisme (suspect),349490.0,65.0,0.02
2023-S06,2023-02-06,2,Q1,Paludisme (suspect),33350.0,0.0,0.0
2023-S07,2023-02-13,2,Q1,Paludisme (suspect),383239.0,6994.8,1.83
2023-S07,2023-02-16,2,Q1,Paludisme (suspect),13775.0,0.0,0.0
2023-S08,2023-02-20,2,Q1,Paludisme (suspect),327576.0,6612.7,2.02
2023-S08,2023-02-22,2,Q1,Paludisme (suspect),15329.0,0.0,0.0
2023-S08,2023-02-23,2,Q1,Paludisme (suspect),27884.0,6.0,0.02
2023-S22,2023-06-02,6,Q2,Paludisme (suspect),354130.0,94.0,0.03
2023-S26,2023-07-01,7,Q3,Paludisme (suspect),9924.0,2.0,0.02
2023-S35,2023-09-01,9,Q3,Paludisme (suspect),327877.0,62.0,0.02
2023-S35,2023-09-02,9,Q3,Paludisme (suspect),15454.0,0.0,0.0
2023-S48,2023-12-01,12,Q4,Paludisme (suspect),14611.0,0.0,0.0
2022-S01,2022-01-08,1,Q1,RAGE,4.0,0.0,0.0
2022-S03,2022-01-17,1,Q1,RAGE,12.0,2.0,16.67
2022-S04,2022-01-24,1,Q1,RAGE,5.0,0.0,0.0
2022-S05,2022-01-31,1,Q1,RAGE,5.0,1.0,20.0
2022-S05,2022-02-05,2,Q1,RAGE,9.0,0.0,0.0
2022-S07,2022-02-14,2,Q1,RAGE,3.0,0.0,0.0
2022-S08,2022-02-21,2,Q1,RAGE,1.0,0.0,0.0
2022-S09,2022-02-28,2,Q1,RAGE,5.0,0.0,0.0
2022-S09,2022-03-01,3,Q1,RAGE,9.0,0.0,0.0
2022-S09,2022-03-02,3,Q1,RAGE,2.0,0.0,0.0
2022-S10,2022-03-10,3,Q1,RAGE,9.0,1.0,11.11
2022-S11,2022-03-14,3,Q1,RAGE,10.0,0.0,0.0
2022-S12,2022-03-21,3,Q1,RAGE,1.0,0.0,0.0
2022-S13,2022-03-28,3,Q1,RAGE,5.0,0.0,0.0
2022-S14,2022-04-04,4,Q2,RAGE,9.0,1.0,11.11
2022-S14,2022-04-07,4,Q2,RAGE,10.0,0.0,0.0
2022-S15,2022-04-14,4,Q2,RAGE,8.0,0.0,0.0
2022-S17,2022-04-25,4,Q2,RAGE,12.0,0.0,0.0
2022-S19,2022-05-09,5,Q2,RAGE,6.5,0.0,0.0
2022-S19,2022-05-10,5,Q2,RAGE,1.0,1.0,100.0
2022-S20,2022-05-16,5,Q2,RAGE,3.0,0.0,0.0
2022-S21,2022-05-23,5,Q2,RAGE,8.0,0.0,0.0
2022-S22,2022-05-30,5,Q2,RAGE,5.0,0.0,0.0
2022-S23,2022-06-06,6,Q2,RAGE,3.0,0.0,0.0
2022-S23,2022-06-09,6,Q2,RAGE,12.0,0.0,0.0
2022-S24,2022-06-13,6,Q2,RAGE,1.0,1.0,100.0
2022-S25,2022-06-20,6,Q2,RAGE,2.0,0.0,0.0
2022-S25,2022-06-21,6,Q2,RAGE,1.0,0.0,0.0
2022-S26,2022-06-27,6,Q2,RAGE,11.0,0.0,0.0
2022-S26,2022-07-02,7,Q3,RAGE,5.0,0.0,0.0
2022-S26,2022-07-03,7,Q3,RAGE,2.0,1.0,50.0
2022-S29,2022-07-18,7,Q3,RAGE,7.0,0.0,0.0
2022-S30,2022-07-25,7,Q3,RAGE,6.0,0.0,0.0
2022-S32,2022-08-08,8,Q3,RAGE,3.5,0.0,0.0
2022-S33,2022-08-15,8,Q3,RAGE,1.0,0.0,0.0
2022-S34,2022-08-22,8,Q3,RAGE,1.0,0.0,0.0
2022-S35,2022-08-29,8,Q3,RAGE,1.0,0.0,0.0
2022-S36,2022-09-05,9,Q3,RAGE,29.0,0.0,0.0
2022-S38,2022-09-19,9,Q3,RAGE,7.0,0.0,0.0
2022-S39,2022-09-26,9,Q3,RAGE,5.0,1.0,20.0
2022-S39,2022-10-01,10,Q4,RAGE,2.0,0.0,0.0
2022-S45,2022-11-07,11,Q4,RAGE,14.0,0.0,0.0
2022-S49,2022-12-09,12,Q4,RAGE,26.0,0.0,0.0
2023-S03,2023-01-16,1,Q1,RAGE,2.0,0.0,0.0
2023-S04,2023-01-23,1,Q1,RAGE,4.0,0.0,0.0
2023-S05,2023-01-30,1,Q1,RAGE,1.0,0.0,0.0
2023-S05,2023-02-01,2,Q1,RAGE,4.0,0.0,0.0
2023-S07,2023-02-13,2,Q1,RAGE,7.0,0.0,0.0
2023-S08,2023-02-20,2,Q1,RAGE,1.0,0.0,0.0
2023-S22,2023-06-02,6,Q2,RAGE,1.0,1.0,100.0
2023-S35,2023-09-01,9,Q3,RAGE,6.0,0.0,0.0
2022-S01,2022-01-03,1,Q1,Rougeole,403.0,5.0,1.24
2022-S01,2022-01-05,1,Q1,Rougeole,648.0,11.0,1.7
2022-S01,2022-01-08,1,Q1,Rougeole,1725.0,17.0,0.99
2022-S01,2022-01-09,1,Q1,Rougeole,192.0,3.0,1.56
2022-S02,2022-01-13,1,Q1,Rougeole,8.0,0.0,0.0
2022-S02,2022-01-14,1,Q1,Rougeole,352.0,29.0,8.24
2022-S03,2022-01-17,1,Q1,Rougeole,1153.0,32.0,2.78
2022-S03,2022-01-20,1,Q1,Rougeole,15.0,0.0,0.0
2022-S03,2022-01-23,1,Q1,Rougeole,6.0,0.0,0.0
2022-S04,2022-01-24,1,Q1,Rougeole,1499.0,31.0,2.07
2022-S04,2022-01-27,1,Q1,Rougeole,32.0,0.0,0.0
2022-S04,2022-01-30,1,Q1,Rougeole,7.0,0.0,0.0
2022-S05,2022-01-31,1,Q1,Rougeole,1805.0,30.0,1.66
2022-S05,2022-02-02,2,Q1,Rougeole,4.0,0.0,0.0
2022-S05,2022-02-03,2,Q1,Rougeole,115.0,0.0,0.0
2022-S05,2022-02-05,2,Q1,Rougeole,1914.0,42.0,2.19
2022-S05,2022-02-06,2,Q1,Rougeole,317.0,3.0,0.95
2022-S06,2022-02-07,2,Q1,Rougeole,73.0,0.0,0.0
2022-S06,2022-02-08,2,Q1,Rougeole,20.0,0.0,0.0
2022-S06,2022-02-10,2,Q1,Rougeole,6.0,0.0,0.0
2022-S06,2022-02-13,2,Q1,Rougeole,6.0,0.0,0.0
2022-S07,2022-02-14,2,Q1,Rougeole,1594.0,16.0,1.0
2022-S07,2022-02-17,2,Q1,Rougeole,55.0,2.0,3.64
2022-S07,2022-02-20,2,Q1,Rougeole,2.0,0.0,0.0
2022-S08,2022-02-21,2,Q1,Rougeole,1950.0,39.0,2.0
2022-S08,2022-02-22,2,Q1,Rougeole,113.0,1.0,0.88
2022-S08,2022-02-24,2,Q1,Rougeole,109.0,0.0,0.0
2022-S08,2022-02-27,2,Q1,Rougeole,67.0,4.0,5.97
2022-S09,2022-02-28,2,Q1,Rougeole,1703.0,43.0,2.52
2022-S09,2022-03-01,3,Q1,Rougeole,1035.0,14.0,1.35
2022-S09,2022-03-02,3,Q1,Rougeole,35.0,4.0,11.43
2022-S09,2022-03-04,3,Q1,Rougeole,44.0,0.0,0.0
2022-S09,2022-03-05,3,Q1,Rougeole,365.0,0.0,0.0
2022-S10,2022-03-07,3,Q1,Rougeole,648.0,6.0,0.93
2022-S10,2022-03-08,3,Q1,Rougeole,172.0,0.0,0.0
2022-S10,2022-03-10,3,Q1,Rougeole,2525.0,26.0,1.03
2022-S11,2022-03-14,3,Q1,Rougeole,3820.0,53.0,1.39
2022-S11,2022-03-17,3,Q1,Rougeole,108.0,0.0,0.0
2022-S12,2022-03-21,3,Q1,Rougeole,3800.0,43.0,1.13
2022-S12,2022-03-24,3,Q1,Rougeole,180.0,0.0,0.0
2022-S12,2022-03-27,3,Q1,Rougeole,44.0,0.0,0.0
2022-S13,2022-03-28,3,Q1,Rougeole,2631.0,28.0,1.06
2022-S13,2022-03-29,3,Q1,Rougeole,4.0,0.0,0.0
2022-S13,2022-03-31,3,Q1,Rougeole,170.0,0.0,0.0
2022-S13,2022-04-01,4,Q2,Rougeole,4.0,0.0,0.0
2022-S14,2022-04-04,4,Q2,Rougeole,3071.0,20.0,0.65
2022-S14,2022-04-05,4,Q2,Rougeole,160.0,0.0,0.0
2022-S14,2022-04-07,4,Q2,Rougeole,1656.0,22.0,1.33
2022-S14,2022-04-09,4,Q2,Rougeole,270.0,2.0,0.74
2022-S14,2022-04-10,4,Q2,Rougeole,5.0,0.0,0.0
2022-S15,2022-04-11,4,Q2,Rougeole,92.0,0.0,0.0
2022-S15,2022-04-14,4,Q2,Rougeole,146.0,0.0,0.0
2022-S15,2022-04-17,4,Q2,Rougeole,56.0,0.0,0.0
2022-S16,2022-04-18,4,Q2,Rougeole,2811.0,29.0,1.03
2022-S16,2022-04-21,4,Q2,Rougeole,178.0,2.0,1.12
2022-S16,2022-04-24,4,Q2,Rougeole,32.0,0.0,0.0
2022-S17,2022-04-25,4,Q2,Rougeole,2276.0,28.0,1.23
2022-S17,2022-04-28,4,Q2,Rougeole,170.0,0.0,0.0
2022-S18,2022-05-06,5,Q2,Rougeole,22.0,0.0,0.0
2022-S19,2022-05-09,5,Q2,Rougeole,2654.0,15.0,0.57
2022-S19,2022-05-10,5,Q2,Rougeole,180.0,1.0,0.56
2022-S19,2022-05-15,5,Q2,Rougeole,23.0,0.0,0.0
2022-S20,2022-05-16,5,Q2,Rougeole,2493.0,35.0,1.4
2022-S20,2022-05-20,5,Q2,Rougeole,87.0,2.0,2.3
2022-S20,2022-05-22,5,Q2,Rougeole,27.0,0.0,0.0
2022-S21,2022-05-23,5,Q2,Rougeole,2784.0,30.0,1.08
2022-S21,2022-05-26,5,Q2,Rougeole,187.0,1.0,0.53
2022-S21,2022-05-29,5,Q2,Rougeole,23.0,0.0,0.0
2022-S22,2022-05-30,5,Q2,Rougeole,2829.0,42.0,1.48
2022-S22,2022-05-31,5,Q2,Rougeole,1.0,0.0,0.0
2022-S22,2022-06-02,6,Q2,Rougeole,9.0,0.0,0.0
2022-S22,2022-06-03,6,Q2,Rougeole,8.0,0.0,0.0
2022-S22,2022-06-05,6,Q2,Rougeole,7.0,0.0,0.0
2022-S23,2022-06-06,6,Q2,Rougeole,2971.0,42.0,1.41
2022-S23,2022-06-09,6,Q2,Rougeole,76.0,2.0,2.63
2022-S24,2022-06-13,6,Q2,Rougeole,2963.0,23.0,0.78
2022-S24,2022-06-16,6,Q2,Rougeole,146.0,0.0,0.0
2022-S24,2022-06-19,6,Q2,Rougeole,22.0,0.0,0.0
2022-S25,2022-06-20,6,Q2,Rougeole,3514.0,22.0,0.63
2022-S25,2022-06-21,6,Q2,Rougeole,23.0,1.0,4.35
2022-S25,2022-06-23,6,Q2,Rougeole,355.0,0.0,0.0
2022-S25,2022-06-26,6,Q2,Rougeole,62.0,0.0,0.0
2022-S26,2022-06-27,6,Q2,Rougeole,1691.0,20.0,1.18
2022-S26,2022-06-28,6,Q2,Rougeole,21.0,0.0,0.0
2022-S26,2022-06-29,6,Q2,Rougeole,76.0,0.0,0.0
2022-S26,2022-07-02,7,Q3,Rougeole,2030.0,59.0,2.91
2022-S26,2022-07-03,7,Q3,Rougeole,2639.0,43.0,1.63
2022-S27,2022-07-04,7,Q3,Rougeole,143.0,0.0,0.0
2022-S27,2022-07-07,7,Q3,Rougeole,55.0,0.0,0.0
2022-S27,2022-07-08,7,Q3,Rougeole,342.0,2.0,0.58
2022-S27,2022-07-09,7,Q3,Rougeole,142.0,1.0,0.7
2022-S28,2022-07-11,7,Q3,Rougeole,43.0,1.0,2.33
2022-S28,2022-07-14,7,Q3,Rougeole,101.0,0.0,0.0
2022-S28,2022-07-17,7,Q3,Rougeole,436.0,2.0,0.46
2022-S29,2022-07-18,7,Q3,Rougeole,1905.0,28.0,1.47
2022-S29,2022-07-19,7,Q3,Rougeole,1.0,0.0,0.0
2022-S29,2022-07-20,7,Q3,Rougeole,1.0,0.0,0.0
2022-S29,2022-07-21,7,Q3,Rougeole,88.0,0.0,0.0
2022-S29,2022-07-24,7,Q3,Rougeole,262.0,4.0,1.53
2022-S30,2022-07-25,7,Q3,Rougeole,1824.0,18.0,0.99
2022-S30,2022-07-26,7,Q3,Rougeole,34.0,0.0,0.0
2022-S30,2022-07-28,7,Q3,Rougeole,220.0,0.0,0.0
2022-S30,2022-07-31,7,Q3,Rougeole,256.0,3.0,1.17
2022-S31,2022-08-01,8,Q3,Rougeole,174.0,1.0,0.57
2022-S31,2022-08-05,8,Q3,Rougeole,47.0,0.0,0.0
2022-S32,2022-08-08,8,Q3,Rougeole,1979.0,15.0,0.76
2022-S32,2022-08-14,8,Q3,Rougeole,303.0,3.0,0.99
2022-S33,2022-08-15,8,Q3,Rougeole,2587.0,26.0,1.01
2022-S33,2022-08-18,8,Q3,Rougeole,116.0,5.0,4.31
2022-S33,2022-08-21,8,Q3,Rougeole,460.0,6.0,1.3
2022-S34,2022-08-22,8,Q3,Rougeole,2843.0,27.0,0.95
2022-S34,2022-08-24,8,Q3,Rougeole,144.0,0.0,0.0
2022-S34,2022-08-28,8,Q3,Rougeole,367.0,0.0,0.0
2022-S35,2022-08-29,8,Q3,Rougeole,2301.0,24.0,1.04
2022-S36,2022-09-05,9,Q3,Rougeole,2321.0,24.0,1.03
2022-S36,2022-09-06,9,Q3,Rougeole,202.0,1.0,0.5
2022-S36,2022-09-08,9,Q3,Rougeole,387.0,2.0,0.52
2022-S37,2022-09-13,9,Q3,Rougeole,148.0,3.0,2.03
2022-S37,2022-09-15,9,Q3,Rougeole,147.0,1.0,0.68
2022-S37,2022-09-18,9,Q3,Rougeole,263.0,4.0,1.52
2022-S38,2022-09-19,9,Q3,Rougeole,2677.0,19.0,0.71
2022-S38,2022-09-22,9,Q3,Rougeole,193.0,1.0,0.52
2022-S38,2022-09-25,9,Q3,Rougeole,268.0,4.0,1.49
2022-S39,2022-09-26,9,Q3,Rougeole,2327.0,15.0,0.64
2022-S39,2022-09-29,9,Q3,Rougeole,289.0,0.0,0.0
2022-S39,2022-10-01,10,Q4,Rougeole,1393.0,21.0,1.51
2022-S39,2022-10-02,10,Q4,Rougeole,43.0,0.0,0.0
2022-S40,2022-10-03,10,Q4,Rougeole,62.0,0.0,0.0
2022-S40,2022-10-04,10,Q4,Rougeole,59.0,0.0,0.0
2022-S40,2022-10-06,10,Q4,Rougeole,13.0,0.0,0.0
2022-S40,2022-10-07,10,Q4,Rougeole,464.0,2.0,0.43
2022-S41,2022-10-13,10,Q4,Rougeole,218.0,4.0,1.83
2022-S44,2022-11-01,11,Q4,Rougeole,2.0,0.0,0.0
2022-S44,2022-11-04,11,Q4,Rougeole,3169.0,41.0,1.29
2022-S45,2022-11-07,11,Q4,Rougeole,1729.0,20.0,1.16
2022-S45,2022-11-09,11,Q4,Rougeole,331.0,1.0,0.3
2022-S49,2022-12-05,12,Q4,Rougeole,146.0,0.0,0.0
2022-S49,2022-12-06,12,Q4,Rougeole,28.0,0.0,0.0
2022-S49,2022-12-09,12,Q4,Rougeole,2426.0,16.0,0.66
2023-S00,2023-01-01,1,Q1,Rougeole,1029.0,1.0,0.1
2023-S01,2023-01-02,1,Q1,Rougeole,139.0,41.2,29.64
2023-S02,2023-01-09,1,Q1,Rougeole,91.0,15.799999999999999,17.36
2023-S03,2023-01-16,1,Q1,Rougeole,3221.0,58.7,1.82
2023-S03,2023-01-17,1,Q1,Rougeole,13.0,1.0,7.69
2023-S03,2023-01-19,1,Q1,Rougeole,1527.0,6.0,0.39
2023-S03,2023-01-22,1,Q1,Rougeole,12.0,1.0,8.33
2023-S04,2023-01-23,1,Q1,Rougeole,3151.0,71.5,2.27
2023-S04,2023-01-24,1,Q1,Rougeole,29.0,0.0,0.0
2023-S04,2023-01-26,1,Q1,Rougeole,1342.0,13.0,0.97
2023-S04,2023-01-29,1,Q1,Rougeole,9.0,0.0,0.0
2023-S05,2023-01-30,1,Q1,Rougeole,3833.0,36.0,0.94
2023-S05,2023-02-01,2,Q1,Rougeole,2239.0,32.0,1.43
2023-S06,2023-02-06,2,Q1,Rougeole,946.0,1.0,0.11
2023-S07,2023-02-13,2,Q1,Rougeole,4391.0,66.1,1.51
2023-S07,2023-02-16,2,Q1,Rougeole,578.0,10.0,1.73
2023-S08,2023-02-20,2,Q1,Rougeole,4300.0,75.4,1.75
2023-S08,2023-02-22,2,Q1,Rougeole,497.0,14.0,2.82
2023-S08,2023-02-23,2,Q1,Rougeole,6.0,0.0,0.0
2023-S22,2023-06-02,6,Q2,Rougeole,2618.0,43.0,1.64
2023-S26,2023-07-01,7,Q3,Rougeole,7.0,0.0,0.0
2023-S35,2023-09-01,9,Q3,Rougeole,2229.0,17.0,0.76
2023-S35,2023-09-02,9,Q3,Rougeole,758.0,10.0,1.32
2023-S48,2023-12-01,12,Q4,Rougeole,1156.0,6.0,0.52
2023-S48,2023-12-02,12,Q4,Rougeole,5.0,0.0,0.0
2022-S01,2022-01-05,1,Q1,TETANOS MATERNE,1.0,0.0,0.0
2022-S01,2022-01-08,1,Q1,TETANOS MATERNE,1.0,1.0,100.0
2022-S03,2022-01-17,1,Q1,TETANOS MATERNE,1.0,0.0,0.0
2022-S04,2022-01-24,1,Q1,TETANOS MATERNE,4.0,2.0,50.0
2022-S05,2022-01-31,1,Q1,TETANOS MATERNE,1.0,0.0,0.0
2022-S05,2022-02-05,2,Q1,TETANOS MATERNE,1.0,0.0,0.0
2022-S07,2022-02-14,2,Q1,TETANOS MATERNE,2.0,0.0,0.0
2022-S09,2022-02-28,2,Q1,TETANOS MATERNE,2.0,1.0,50.0
2022-S10,2022-03-10,3,Q1,TETANOS MATERNE,1.5,0.0,0.0
2022-S12,2022-03-21,3,Q1,TETANOS MATERNE,1.0,0.0,0.0
2022-S14,2022-04-07,4,Q2,TETANOS MATERNE,2.0,0.0,0.0
2022-S19,2022-05-09,5,Q2,TETANOS MATERNE,2.0,0.0,0.0
2022-S21,2022-05-23,5,Q2,TETANOS MATERNE,2.0,0.0,0.0
2022-S24,2022-06-13,6,Q2,TETANOS MATERNE,4.0,0.0,0.0
2022-S25,2022-06-20,6,Q2,TETANOS MATERNE,1.0,0.0,0.0
2022-S26,2022-06-27,6,Q2,TETANOS MATERNE,1.0,1.0,100.0
2022-S26,2022-07-02,7,Q3,TETANOS MATERNE,1.0,1.0,100.0
2022-S26,2022-07-03,7,Q3,TETANOS MATERNE,3.0,0.0,0.0
2022-S29,2022-07-18,7,Q3,TETANOS MATERNE,2.3333333333333335,0.0,0.0
2022-S30,2022-07-25,7,Q3,TETANOS MATERNE,1.6666666666666667,0.0,0.0
2022-S32,2022-08-08,8,Q3,TETANOS MATERNE,1.0,0.0,0.0
2022-S33,2022-08-15,8,Q3,TETANOS MATERNE,1.0,1.0,100.0
2022-S33,2022-08-21,8,Q3,TETANOS MATERNE,1.0,0.0,0.0
2022-S34,2022-08-22,8,Q3,TETANOS MATERNE,1.5,0.0,0.0
2022-S35,2022-08-29,8,Q3,TETANOS MATERNE,2.0,1.0,50.0
2022-S36,2022-09-05,9,Q3,TETANOS MATERNE,1.0,0.0,0.0
2022-S38,2022-09-19,9,Q3,TETANOS MATERNE,1.0,0.0,0.0
2022-S39,2022-09-26,9,Q3,TETANOS MATERNE,2.0,0.0,0.0
2022-S40,2022-10-07,10,Q4,TETANOS MATERNE,1.0,0.0,0.0
2022-S44,2022-11-04,11,Q4,TETANOS MATERNE,2.0,1.0,50.0
2022-S45,2022-11-07,11,Q4,TETANOS MATERNE,2.0,0.0,0.0
2022-S49,2022-12-09,12,Q4,TETANOS MATERNE,2.0,1.0,50.0
2023-S01,2023-01-02,1,Q1,TETANOS MATERNE,2.0,1.0,50.0
2023-S03,2023-01-16,1,Q1,TETANOS MATERNE,2.0,0.0,0.0
2023-S04,2023-01-23,1,Q1,TETANOS MATERNE,2.0,0.0,0.0
2023-S05,2023-01-30,1,Q1,TETANOS MATERNE,0.0,0.0,0.0
2023-S05,2023-02-01,2,Q1,TETANOS MATERNE,0.0,0.0,0.0
2023-S07,2023-02-13,2,Q1,TETANOS MATERNE,0.0,0.0,0.0
2023-S08,2023-02-20,2,Q1,TETANOS MATERNE,2.0,0.0,0.0
2023-S22,2023-06-02,6,Q2,TETANOS MATERNE,1.0,0.0,0.0
2023-S35,2023-09-01,9,Q3,TETANOS MATERNE,1.0,0.0,0.0
2022-S01,2022-01-03,1,Q1,TNN,1.0,0.0,0.0
2022-S01,2022-01-08,1,Q1,TNN,6.0,1.0,16.67
2022-S02,2022-01-14,1,Q1,TNN,1.0,0.0,0.0
2022-S03,2022-01-17,1,Q1,TNN,10.0,5.0,50.0
2022-S04,2022-01-24,1,Q1,TNN,9.0,5.0,55.56
2022-S05,2022-01-31,1,Q1,TNN,10.0,8.0,80.0
2022-S05,2022-02-03,2,Q1,TNN,1.0,1.0,100.0
2022-S05,2022-02-05,2,Q1,TNN,12.0,8.0,66.67
2022-S06,2022-02-10,2,Q1,TNN,1.0,1.0,100.0
2022-S06,2022-02-13,2,Q1,TNN,1.0,0.0,0.0
2022-S07,2022-02-14,2,Q1,TNN,8.0,4.0,50.0
2022-S07,2022-02-17,2,Q1,TNN,1.0,1.0,100.0
2022-S07,2022-02-20,2,Q1,TNN,3.0,1.0,33.33
2022-S08,2022-02-21,2,Q1,TNN,12.0,6.0,50.0
2022-S08,2022-02-24,2,Q1,TNN,1.0,1.0,100.0
2022-S08,2022-02-27,2,Q1,TNN,3.0,0.0,0.0
2022-S09,2022-02-28,2,Q1,TNN,11.0,4.0,36.36
2022-S09,2022-03-01,3,Q1,TNN,5.0,1.0,20.0
2022-S09,2022-03-02,3,Q1,TNN,1.0,1.0,100.0
2022-S10,2022-03-07,3,Q1,TNN,3.0,0.0,0.0
2022-S10,2022-03-10,3,Q1,TNN,5.0,3.0,60.0
2022-S11,2022-03-14,3,Q1,TNN,9.0,3.0,33.33
2022-S12,2022-03-21,3,Q1,TNN,15.0,12.0,80.0
2022-S12,2022-03-24,3,Q1,TNN,3.0,2.0,66.67
2022-S13,2022-03-28,3,Q1,TNN,7.0,6.0,85.71
2022-S13,2022-03-31,3,Q1,TNN,5.0,2.0,40.0
2022-S14,2022-04-04,4,Q2,TNN,9.0,6.0,66.67
2022-S14,2022-04-05,4,Q2,TNN,1.0,1.0,100.0
2022-S14,2022-04-07,4,Q2,TNN,6.0,2.0,33.33
2022-S15,2022-04-17,4,Q2,TNN,8.0,0.0,0.0
2022-S16,2022-04-18,4,Q2,TNN,10.0,4.0,40.0
2022-S16,2022-04-21,4,Q2,TNN,2.0,1.0,50.0
2022-S16,2022-04-24,4,Q2,TNN,1.0,1.0,100.0
2022-S17,2022-04-25,4,Q2,TNN,11.0,2.0,18.18
2022-S19,2022-05-09,5,Q2,TNN,8.0,1.0,12.5
2022-S20,2022-05-16,5,Q2,TNN,5.0,2.0,40.0
2022-S20,2022-05-22,5,Q2,TNN,1.0,0.0,0.0
2022-S21,2022-05-23,5,Q2,TNN,6.0,2.0,33.33
2022-S21,2022-05-26,5,Q2,TNN,2.0,0.0,0.0
2022-S22,2022-05-30,5,Q2,TNN,5.0,3.0,60.0
2022-S22,2022-06-02,6,Q2,TNN,3.0,0.0,0.0
2022-S22,2022-06-03,6,Q2,TNN,1.0,1.0,100.0
2022-S23,2022-06-06,6,Q2,TNN,18.0,8.0,44.44
2022-S23,2022-06-09,6,Q2,TNN,1.0,0.0,0.0
2022-S24,2022-06-13,6,Q2,TNN,6.0,4.0,66.67
2022-S25,2022-06-20,6,Q2,TNN,5.0,4.0,80.0
2022-S25,2022-06-26,6,Q2,TNN,1.0,1.0,100.0
2022-S26,2022-06-27,6,Q2,TNN,4.0,2.0,50.0
2022-S26,2022-07-02,7,Q3,TNN,9.0,6.0,66.67
2022-S26,2022-07-03,7,Q3,TNN,12.0,7.0,58.33
2022-S28,2022-07-11,7,Q3,TNN,1.0,1.0,100.0
2022-S29,2022-07-18,7,Q3,TNN,5.0,3.0,60.0
2022-S30,2022-07-25,7,Q3,TNN,8.0,2.0,25.0
2022-S31,2022-08-01,8,Q3,TNN,1.0,1.0,100.0
2022-S32,2022-08-08,8,Q3,TNN,9.0,4.0,44.44
2022-S33,2022-08-15,8,Q3,TNN,8.0,2.0,25.0
2022-S34,2022-08-22,8,Q3,TNN,10.0,4.0,40.0
2022-S34,2022-08-28,8,Q3,TNN,2.0,0.0,0.0
2022-S35,2022-08-29,8,Q3,TNN,12.0,4.0,33.33
2022-S36,2022-09-05,9,Q3,TNN,6.0,5.0,83.33
2022-S36,2022-09-06,9,Q3,TNN,1.0,0.0,0.0
2022-S37,2022-09-13,9,Q3,TNN,1.0,1.0,100.0
2022-S37,2022-09-15,9,Q3,TNN,3.0,1.0,33.33
2022-S37,2022-09-18,9,Q3,TNN,1.0,0.0,0.0
2022-S38,2022-09-19,9,Q3,TNN,4.0,2.0,50.0
2022-S39,2022-09-26,9,Q3,TNN,8.0,4.0,50.0
2022-S39,2022-10-01,10,Q4,TNN,3.0,1.0,33.33
2022-S39,2022-10-02,10,Q4,TNN,1.0,0.0,0.0
2022-S40,2022-10-03,10,Q4,TNN,2.0,1.0,50.0
2022-S44,2022-11-04,11,Q4,TNN,3.0,1.0,33.33
2022-S45,2022-11-07,11,Q4,TNN,4.0,2.0,50.0
2022-S49,2022-12-06,12,Q4,TNN,1.0,0.0,0.0
2022-S49,2022-12-09,12,Q4,TNN,4.0,3.0,75.0
2023-S02,2023-01-09,1,Q1,TNN,29.0,1.4,4.83
2023-S03,2023-01-16,1,Q1,TNN,6.0,1.0,16.67
2023-S04,2023-01-23,1,Q1,TNN,8.0,4.0,50.0
2023-S04,2023-01-24,1,Q1,TNN,1.0,1.0,100.0
2023-S04,2023-01-29,1,Q1,TNN,7.5,0.0,0.0
2023-S05,2023-01-30,1,Q1,TNN,14.0,10.0,71.43
2023-S05,2023-02-01,2,Q1,TNN,7.0,3.0,42.86
2023-S07,2023-02-13,2,Q1,TNN,11.0,6.4,58.18
2023-S07,2023-02-16,2,Q1,TNN,1.0,1.0,100.0
2023-S08,2023-02-20,2,Q1,TNN,29.0,4.9,16.9
2023-S22,2023-06-02,6,Q2,TNN,8.0,5.0,62.5
2023-S35,2023-09-01,9,Q3,TNN,4.0,1.0,25.0
