#
# There is insufficient memory for the Java Runtime Environment to continue.
# Native memory allocation (mmap) failed to map 133169152 bytes for G1 virtual space
# Possible reasons:
#   The system is out of physical RAM or swap space
#   The process is running with CompressedOops enabled, and the Java Heap may be blocking the growth of the native heap
# Possible solutions:
#   Reduce memory load on the system
#   Increase physical memory or swap space
#   Check if swap backing store is full
#   Decrease Java heap size (-Xmx/-Xms)
#   Decrease number of Java threads
#   Decrease Java thread stack sizes (-Xss)
#   Set larger code cache with -XX:ReservedCodeCacheSize=
#   JVM is running with Unscaled Compressed Oops mode in which the Java heap is
#     placed in the first 4GB address space. The Java Heap base address is the
#     maximum limit for the native heap growth. Please use -XX:HeapBaseMinAddress
#     to set the Java Heap base and to place the Java Heap above 4GB virtual address.
# This output file may be truncated or incomplete.
#
#  Out of Memory Error (os_windows.cpp:3536), pid=12724, tid=604
#
# JRE version: OpenJDK Runtime Environment Temurin-19.0.2+7 (19.0.2+7) (build 19.0.2+7)
# Java VM: OpenJDK 64-Bit Server VM Temurin-19.0.2+7 (19.0.2+7, mixed mode, sharing, tiered, compressed oops, compressed class ptrs, g1 gc, windows-amd64)
# No core dump will be written. Minidumps are not enabled by default on client versions of Windows
#

---------------  S U M M A R Y ------------

Command Line: --add-modules=ALL-SYSTEM --add-opens=java.base/java.util=ALL-UNNAMED --add-opens=java.base/java.lang=ALL-UNNAMED -Declipse.application=org.python.pydev.pydev_lsp.application -Dosgi.bundles.defaultStartLevel=4 -Declipse.product=org.python.pydev.pydev_lsp.product -Xmx1G -XX:+UseG1GC -XX:+UseStringDeduplication c:\Users\PC\.vscode\extensions\fabioz.vscode-pydev-0.16.0\server\plugins\org.eclipse.equinox.launcher_1.6.700.v20240213-1244.jar -configuration c:\Users\PC\.vscode\extensions\fabioz.vscode-pydev-0.16.0\server\config_win -data c:\Users\PC\AppData\Roaming\Code\User\workspaceStorage\80d58d974b7f6cef2790780eb1b7b012\fabioz.vscode-pydev\pydev_ws

Host: Intel(R) Core(TM) i5-5300U CPU @ 2.30GHz, 4 cores, 3G,  Windows 10 , 64 bit Build 19041 (10.0.19041.5915)
Time: Sun Apr 26 21:56:38 2026 Europe de l , 64 bit Build 19041 (10.0.19041.5915) elapsed time: 332930.159918 seconds (3d 20h 28m 50s)

---------------  T H R E A D  ---------------

Current thread (0x000001a7eaa181c0):  VMThread "VM Thread" [stack: 0x0000000b04700000,0x0000000b04800000] [id=604]

Stack: [0x0000000b04700000,0x0000000b04800000]
Native frames: (J=compiled Java code, j=interpreted, Vv=VM code, C=native code)
V  [jvm.dll+0x6e9e1a]
V  [jvm.dll+0x8a36c0]
V  [jvm.dll+0x8a50ae]
V  [jvm.dll+0x8a5763]
V  [jvm.dll+0x27bcdf]
V  [jvm.dll+0x6e6b39]
V  [jvm.dll+0x6db58a]
V  [jvm.dll+0x35267b]
V  [jvm.dll+0x35a106]
V  [jvm.dll+0x3b070e]
V  [jvm.dll+0x3b093f]
V  [jvm.dll+0x327c4a]
V  [jvm.dll+0x32ac20]
V  [jvm.dll+0x32ab3d]
V  [jvm.dll+0x36dd87]
V  [jvm.dll+0x8aa883]
V  [jvm.dll+0x8ab649]
V  [jvm.dll+0x8abb7c]
V  [jvm.dll+0x8ac00b]
V  [jvm.dll+0x8ac0c7]
V  [jvm.dll+0x84de3a]
V  [jvm.dll+0x6e8abb]
C  [ucrtbase.dll+0x21bb2]
C  [KERNEL32.DLL+0x17374]
C  [ntdll.dll+0x4cc91]

VM_Operation (0x0000000b062fe830): G1CollectForAllocation, mode: safepoint, requested by thread 0x000001a7ef0f0970


---------------  P R O C E S S  ---------------

Threads class SMR info:
_java_thread_list=0x000001a7f16cd3e0, length=32, elements={
0x000001a7d1af0770, 0x000001a7eaa2cec0, 0x000001a7eaa2dcb0, 0x000001a7eaa2eaa0,
0x000001a7eaa30540, 0x000001a7eaa323a0, 0x000001a7eaa33360, 0x000001a7eaa33fc0,
0x000001a7eaa3a4c0, 0x000001a7eaab40b0, 0x000001a7eaaee950, 0x000001a7eee283f0,
0x000001a7ef5cc390, 0x000001a7ef642c30, 0x000001a7ef65ed50, 0x000001a7ef41dc60,
0x000001a7eed80920, 0x000001a7ef89ab30, 0x000001a7ef89c5c0, 0x000001a7efe95930,
0x000001a7efe96920, 0x000001a7efe92960, 0x000001a7efe93400, 0x000001a7efe97e60,
0x000001a7ef0f1410, 0x000001a7ef0edef0, 0x000001a7ef0f1960, 0x000001a7ef0ec9b0,
0x000001a7ef0ef430, 0x000001a7ef0f0970, 0x000001a7ef0ee440, 0x000001a7ef0f2950
}

Java Threads: ( => current thread )
  0x000001a7d1af0770 JavaThread "main" [_thread_blocked, id=10664, stack(0x0000000b04000000,0x0000000b04100000)]
  0x000001a7eaa2cec0 JavaThread "Reference Handler" daemon [_thread_blocked, id=3160, stack(0x0000000b04800000,0x0000000b04900000)]
  0x000001a7eaa2dcb0 JavaThread "Finalizer" daemon [_thread_blocked, id=5672, stack(0x0000000b04900000,0x0000000b04a00000)]
  0x000001a7eaa2eaa0 JavaThread "Signal Dispatcher" daemon [_thread_blocked, id=11716, stack(0x0000000b04a00000,0x0000000b04b00000)]
  0x000001a7eaa30540 JavaThread "Attach Listener" daemon [_thread_blocked, id=9908, stack(0x0000000b04b00000,0x0000000b04c00000)]
  0x000001a7eaa323a0 JavaThread "Service Thread" daemon [_thread_blocked, id=12432, stack(0x0000000b04c00000,0x0000000b04d00000)]
  0x000001a7eaa33360 JavaThread "Monitor Deflation Thread" daemon [_thread_blocked, id=2376, stack(0x0000000b04d00000,0x0000000b04e00000)]
  0x000001a7eaa33fc0 JavaThread "C2 CompilerThread0" daemon [_thread_blocked, id=8444, stack(0x0000000b04e00000,0x0000000b04f00000)]
  0x000001a7eaa3a4c0 JavaThread "C1 CompilerThread0" daemon [_thread_blocked, id=11720, stack(0x0000000b04f00000,0x0000000b05000000)]
  0x000001a7eaab40b0 JavaThread "Sweeper thread" daemon [_thread_blocked, id=8860, stack(0x0000000b05000000,0x0000000b05100000)]
  0x000001a7eaaee950 JavaThread "Common-Cleaner" daemon [_thread_blocked, id=13748, stack(0x0000000b05100000,0x0000000b05200000)]
  0x000001a7eee283f0 JavaThread "Notification Thread" daemon [_thread_blocked, id=6112, stack(0x0000000b05200000,0x0000000b05300000)]
  0x000001a7ef5cc390 JavaThread "Active Thread: Equinox Container: ba35c4b8-7cc1-445d-8e74-10ba9f0797e0" [_thread_blocked, id=6328, stack(0x0000000b05700000,0x0000000b05800000)]
  0x000001a7ef642c30 JavaThread "Framework Event Dispatcher: Equinox Container: ba35c4b8-7cc1-445d-8e74-10ba9f0797e0" daemon [_thread_blocked, id=3900, stack(0x0000000b05800000,0x0000000b05900000)]
  0x000001a7ef65ed50 JavaThread "Start Level: Equinox Container: ba35c4b8-7cc1-445d-8e74-10ba9f0797e0" daemon [_thread_blocked, id=8300, stack(0x0000000b05900000,0x0000000b05a00000)]
  0x000001a7ef41dc60 JavaThread "SCR Component Actor" daemon [_thread_blocked, id=6204, stack(0x0000000b05a00000,0x0000000b05b00000)]
  0x000001a7eed80920 JavaThread "Worker-JM" [_thread_blocked, id=12672, stack(0x0000000b05c00000,0x0000000b05d00000)]
  0x000001a7ef89ab30 JavaThread "pool-2-thread-1" [_thread_blocked, id=10088, stack(0x0000000b05b00000,0x0000000b05c00000)]
  0x000001a7ef89c5c0 JavaThread "pool-1-thread-1" [_thread_in_native, id=8840, stack(0x0000000b06300000,0x0000000b06400000)]
  0x000001a7efe95930 JavaThread "FileSystemWatchService" daemon [_thread_in_native, id=5560, stack(0x0000000b06500000,0x0000000b06600000)]
  0x000001a7efe96920 JavaThread "Thread-7" daemon [_thread_blocked, id=8152, stack(0x0000000b06600000,0x0000000b06700000)]
  0x000001a7efe92960 JavaThread "Thread-9" daemon [_thread_blocked, id=1392, stack(0x0000000b06700000,0x0000000b06800000)]
  0x000001a7efe93400 JavaThread "Shell reader (stdout)" daemon [_thread_in_native, id=2916, stack(0x0000000b06900000,0x0000000b06a00000)]
  0x000001a7efe97e60 JavaThread "Shell reader (stderr)" daemon [_thread_in_native, id=10296, stack(0x0000000b06a00000,0x0000000b06b00000)]
  0x000001a7ef0f1410 JavaThread "Worker-459" [_thread_blocked, id=18628, stack(0x0000000b03d00000,0x0000000b03e00000)]
  0x000001a7ef0edef0 JavaThread "Worker-461: Refreshing workspace" [_thread_blocked, id=17560, stack(0x0000000b03e00000,0x0000000b03f00000)]
  0x000001a7ef0f1960 JavaThread "Worker-462: Win32 refresh daemon" [_thread_blocked, id=8396, stack(0x0000000b03f00000,0x0000000b04000000)]
  0x000001a7ef0ec9b0 JavaThread "Worker-463" [_thread_blocked, id=18956, stack(0x0000000b05e00000,0x0000000b05f00000)]
  0x000001a7ef0ef430 JavaThread "Worker-464" [_thread_blocked, id=18236, stack(0x0000000b05f00000,0x0000000b06000000)]
  0x000001a7ef0f0970 JavaThread "ForkJoinPool.commonPool-worker-175" daemon [_thread_blocked, id=11320, stack(0x0000000b06200000,0x0000000b06300000)]
  0x000001a7ef0ee440 JavaThread "ForkJoinPool.commonPool-worker-176" daemon [_thread_blocked, id=16724, stack(0x0000000b06400000,0x0000000b06500000)]
  0x000001a7ef0f2950 JavaThread "ForkJoinPool.commonPool-worker-177" daemon [_thread_blocked, id=18512, stack(0x0000000b06800000,0x0000000b06900000)]

Other Threads:
=>0x000001a7eaa181c0 VMThread "VM Thread" [stack: 0x0000000b04700000,0x0000000b04800000] [id=604]
  0x000001a7eede8000 WatcherThread "VM Periodic Task Thread" [stack: 0x0000000b05300000,0x0000000b05400000] [id=8276]
  0x000001a7d1b308a0 WorkerThread "GC Thread#0" [stack: 0x0000000b04100000,0x0000000b04200000] [id=10848]
  0x000001a7ef3d0140 WorkerThread "GC Thread#1" [stack: 0x0000000b05400000,0x0000000b05500000] [id=7716]
  0x000001a7ef2b3fa0 WorkerThread "GC Thread#2" [stack: 0x0000000b05500000,0x0000000b05600000] [id=8312]
  0x000001a7ef2cbc30 WorkerThread "GC Thread#3" [stack: 0x0000000b05600000,0x0000000b05700000] [id=8128]
  0x000001a7d1b39800 ConcurrentGCThread "G1 Main Marker" [stack: 0x0000000b04200000,0x0000000b04300000] [id=3640]
  0x000001a7d1b3a3d0 WorkerThread "G1 Conc#0" [stack: 0x0000000b04300000,0x0000000b04400000] [id=12880]
  0x000001a7d1b8d5f0 ConcurrentGCThread "G1 Refine#0" [stack: 0x0000000b04400000,0x0000000b04500000] [id=11464]
  0x000001a7f1905610 ConcurrentGCThread "G1 Refine#1" [stack: 0x0000000b05d00000,0x0000000b05e00000] [id=11356]
  0x000001a7ef557530 ConcurrentGCThread "G1 Refine#2" [stack: 0x0000000b06100000,0x0000000b06200000] [id=14324]
  0x000001a7ef350ca0 ConcurrentGCThread "G1 Refine#3" [stack: 0x0000000b06000000,0x0000000b06100000] [id=12732]
  0x000001a7d1b8e130 ConcurrentGCThread "G1 Service" [stack: 0x0000000b04500000,0x0000000b04600000] [id=11088]
  0x000001a7d1bae860 ConcurrentGCThread "StringDedupProcessor" [stack: 0x0000000b04600000,0x0000000b04700000] [id=6544]

Threads with active compile tasks:

VM state: at safepoint (normal execution)

VM Mutex/Monitor currently owned by a thread:  ([mutex/lock_event])
[0x000001a7d1aedad0] Threads_lock - owner thread: 0x000001a7eaa181c0
[0x000001a7d1aee580] Heap_lock - owner thread: 0x000001a7ef0f0970

OutOfMemory and StackOverflow Exception counts:
OutOfMemoryError java_heap_errors=17
LinkageErrors=87

Heap address: 0x00000000c0000000, size: 1024 MB, Compressed Oops mode: 32-bit

CDS archive(s) mapped at: [0x0000000800000000-0x0000000800ad0000-0x0000000800ad0000), size 11337728, SharedBaseAddress: 0x0000000800000000, ArchiveRelocationMode: 0.
Compressed class space mapped at: 0x0000000800c00000-0x0000000840c00000, reserved size: 1073741824
Narrow klass base: 0x0000000800000000, Narrow klass shift: 0, Narrow klass range: 0x100000000

GC Precious Log:
 CardTable entry size: 512
 Card Set container configuration: InlinePtr #cards 5 size 8 Array Of Cards #cards 12 size 40 Howl #buckets 4 coarsen threshold 1843 Howl Bitmap #cards 512 size 80 coarsen threshold 460 Card regions per heap region 1 cards per card region 2048
 CPUs: 4 total, 4 available
 Memory: 3979M
 Large Page Support: Disabled
 NUMA Support: Disabled
 Compressed Oops: Enabled (32-bit)
 Heap Region Size: 1M
 Heap Min Capacity: 8M
 Heap Initial Capacity: 64M
 Heap Max Capacity: 1G
 Pre-touch: Disabled
 Parallel Workers: 4
 Concurrent Workers: 1
 Concurrent Refinement Workers: 4
 Periodic GC: Disabled
 String Deduplication is enabled

Heap:
 garbage-first heap   total 918528K, used 548818K [0x00000000c0000000, 0x0000000100000000)
  region size 1024K, 1 young (1024K), 1 survivors (1024K)
 Metaspace       used 32683K, committed 33984K, reserved 1114112K
  class space    used 3023K, committed 3520K, reserved 1048576K

Heap Regions: E=young(eden), S=young(survivor), O=old, HS=humongous(starts), HC=humongous(continues), CS=collection set, F=free, OA=open archive, CA=closed archive, TAMS=top-at-mark-start (previous, next)
|   0|0x00000000c0000000, 0x00000000c00fffe0, 0x00000000c0100000| 99%| O|  |TAMS 0x00000000c00fffe0, 0x00000000c00fffe0| Untracked 
|   1|0x00000000c0100000, 0x00000000c01ffff0, 0x00000000c0200000| 99%| O|  |TAMS 0x00000000c01ffff0, 0x00000000c01ffff0| Untracked 
|   2|0x00000000c0200000, 0x00000000c02ffff0, 0x00000000c0300000| 99%| O|  |TAMS 0x00000000c02ffff0, 0x00000000c02ffff0| Untracked 
|   3|0x00000000c0300000, 0x00000000c0400000, 0x00000000c0400000|100%| O|  |TAMS 0x00000000c0400000, 0x00000000c0400000| Untracked 
|   4|0x00000000c0400000, 0x00000000c04fffd8, 0x00000000c0500000| 99%| O|  |TAMS 0x00000000c04fffd8, 0x00000000c04fffd8| Untracked 
|   5|0x00000000c0500000, 0x00000000c05ffff0, 0x00000000c0600000| 99%| O|  |TAMS 0x00000000c05ffff0, 0x00000000c05ffff0| Untracked 
|   6|0x00000000c0600000, 0x00000000c06ffff0, 0x00000000c0700000| 99%| O|  |TAMS 0x00000000c06ffff0, 0x00000000c06ffff0| Untracked 
|   7|0x00000000c0700000, 0x00000000c07ff8f8, 0x00000000c0800000| 99%| O|  |TAMS 0x00000000c07ff8f8, 0x00000000c07ff8f8| Untracked 
|   8|0x00000000c0800000, 0x00000000c08fffe0, 0x00000000c0900000| 99%| O|  |TAMS 0x00000000c08fffe0, 0x00000000c08fffe0| Untracked 
|   9|0x00000000c0900000, 0x00000000c0a00000, 0x00000000c0a00000|100%| O|  |TAMS 0x00000000c0a00000, 0x00000000c0a00000| Untracked 
|  10|0x00000000c0a00000, 0x00000000c0affff0, 0x00000000c0b00000| 99%| O|  |TAMS 0x00000000c0affff0, 0x00000000c0affff0| Untracked 
|  11|0x00000000c0b00000, 0x00000000c0bf7c68, 0x00000000c0c00000| 96%| O|  |TAMS 0x00000000c0bf7c68, 0x00000000c0bf7c68| Untracked 
|  12|0x00000000c0c00000, 0x00000000c0cffff0, 0x00000000c0d00000| 99%| O|  |TAMS 0x00000000c0cffff0, 0x00000000c0cffff0| Untracked 
|  13|0x00000000c0d00000, 0x00000000c0e00000, 0x00000000c0e00000|100%| O|  |TAMS 0x00000000c0e00000, 0x00000000c0e00000| Untracked 
|  14|0x00000000c0e00000, 0x00000000c0efffd0, 0x00000000c0f00000| 99%| O|  |TAMS 0x00000000c0efffd0, 0x00000000c0efffd0| Untracked 
|  15|0x00000000c0f00000, 0x00000000c0fffff0, 0x00000000c1000000| 99%| O|  |TAMS 0x00000000c0fffff0, 0x00000000c0fffff0| Untracked 
|  16|0x00000000c1000000, 0x00000000c10ffff8, 0x00000000c1100000| 99%| O|  |TAMS 0x00000000c10ffff8, 0x00000000c10ffff8| Untracked 
|  17|0x00000000c1100000, 0x00000000c11ffff8, 0x00000000c1200000| 99%| O|  |TAMS 0x00000000c11ffff8, 0x00000000c11ffff8| Untracked 
|  18|0x00000000c1200000, 0x00000000c12fffd8, 0x00000000c1300000| 99%| O|  |TAMS 0x00000000c12fffd8, 0x00000000c12fffd8| Untracked 
|  19|0x00000000c1300000, 0x00000000c13fffe0, 0x00000000c1400000| 99%| O|  |TAMS 0x00000000c13fffe0, 0x00000000c13fffe0| Untracked 
|  20|0x00000000c1400000, 0x00000000c1500000, 0x00000000c1500000|100%|HS|  |TAMS 0x00000000c1500000, 0x00000000c1500000| Untracked 
|  21|0x00000000c1500000, 0x00000000c15ffff8, 0x00000000c1600000| 99%| O|  |TAMS 0x00000000c15ffff8, 0x00000000c15ffff8| Untracked 
|  22|0x00000000c1600000, 0x00000000c16ffff8, 0x00000000c1700000| 99%| O|  |TAMS 0x00000000c16ffff8, 0x00000000c16ffff8| Untracked 
|  23|0x00000000c1700000, 0x00000000c17ffff0, 0x00000000c1800000| 99%| O|  |TAMS 0x00000000c17ffff0, 0x00000000c17ffff0| Untracked 
|  24|0x00000000c1800000, 0x00000000c18ffff8, 0x00000000c1900000| 99%| O|  |TAMS 0x00000000c18ffff8, 0x00000000c18ffff8| Untracked 
|  25|0x00000000c1900000, 0x00000000c1a00000, 0x00000000c1a00000|100%| O|  |TAMS 0x00000000c1a00000, 0x00000000c1a00000| Untracked 
|  26|0x00000000c1a00000, 0x00000000c1affff0, 0x00000000c1b00000| 99%| O|  |TAMS 0x00000000c1affff0, 0x00000000c1affff0| Untracked 
|  27|0x00000000c1b00000, 0x00000000c1bffff8, 0x00000000c1c00000| 99%| O|  |TAMS 0x00000000c1bffff8, 0x00000000c1bffff8| Untracked 
|  28|0x00000000c1c00000, 0x00000000c1cfff40, 0x00000000c1d00000| 99%| O|  |TAMS 0x00000000c1cfff40, 0x00000000c1cfff40| Untracked 
|  29|0x00000000c1d00000, 0x00000000c1dffa40, 0x00000000c1e00000| 99%| O|  |TAMS 0x00000000c1dffa40, 0x00000000c1dffa40| Untracked 
|  30|0x00000000c1e00000, 0x00000000c1effff0, 0x00000000c1f00000| 99%| O|  |TAMS 0x00000000c1effff0, 0x00000000c1effff0| Untracked 
|  31|0x00000000c1f00000, 0x00000000c2000000, 0x00000000c2000000|100%| O|  |TAMS 0x00000000c2000000, 0x00000000c2000000| Untracked 
|  32|0x00000000c2000000, 0x00000000c20ffff8, 0x00000000c2100000| 99%| O|  |TAMS 0x00000000c20ffff8, 0x00000000c20ffff8| Untracked 
|  33|0x00000000c2100000, 0x00000000c21ffff0, 0x00000000c2200000| 99%| O|  |TAMS 0x00000000c21ffff0, 0x00000000c21ffff0| Untracked 
|  34|0x00000000c2200000, 0x00000000c22ffff8, 0x00000000c2300000| 99%| O|  |TAMS 0x00000000c22ffff8, 0x00000000c22ffff8| Untracked 
|  35|0x00000000c2300000, 0x00000000c23fe180, 0x00000000c2400000| 99%| O|  |TAMS 0x00000000c23fe180, 0x00000000c23fe180| Untracked 
|  36|0x00000000c2400000, 0x00000000c24fffe8, 0x00000000c2500000| 99%| O|  |TAMS 0x00000000c24fffe8, 0x00000000c24fffe8| Untracked 
|  37|0x00000000c2500000, 0x00000000c25fffe0, 0x00000000c2600000| 99%| O|  |TAMS 0x00000000c25fffe0, 0x00000000c25fffe0| Untracked 
|  38|0x00000000c2600000, 0x00000000c26fffe8, 0x00000000c2700000| 99%| O|  |TAMS 0x00000000c26fffe8, 0x00000000c26fffe8| Untracked 
|  39|0x00000000c2700000, 0x00000000c27ffff8, 0x00000000c2800000| 99%| O|  |TAMS 0x00000000c27ffff8, 0x00000000c27ffff8| Untracked 
|  40|0x00000000c2800000, 0x00000000c2900000, 0x00000000c2900000|100%| O|  |TAMS 0x00000000c2900000, 0x00000000c2900000| Untracked 
|  41|0x00000000c2900000, 0x00000000c2a00000, 0x00000000c2a00000|100%| O|  |TAMS 0x00000000c2a00000, 0x00000000c2a00000| Untracked 
|  42|0x00000000c2a00000, 0x00000000c2affff0, 0x00000000c2b00000| 99%| O|  |TAMS 0x00000000c2affff0, 0x00000000c2affff0| Untracked 
|  43|0x00000000c2b00000, 0x00000000c2bffff8, 0x00000000c2c00000| 99%| O|  |TAMS 0x00000000c2bffff8, 0x00000000c2bffff8| Untracked 
|  44|0x00000000c2c00000, 0x00000000c2cffff0, 0x00000000c2d00000| 99%| O|  |TAMS 0x00000000c2cffff0, 0x00000000c2cffff0| Untracked 
|  45|0x00000000c2d00000, 0x00000000c2dffff0, 0x00000000c2e00000| 99%| O|  |TAMS 0x00000000c2dffff0, 0x00000000c2dffff0| Untracked 
|  46|0x00000000c2e00000, 0x00000000c2efffe8, 0x00000000c2f00000| 99%| O|  |TAMS 0x00000000c2efffe8, 0x00000000c2efffe8| Untracked 
|  47|0x00000000c2f00000, 0x00000000c2fffff0, 0x00000000c3000000| 99%| O|  |TAMS 0x00000000c2fffff0, 0x00000000c2fffff0| Untracked 
|  48|0x00000000c3000000, 0x00000000c30fffe8, 0x00000000c3100000| 99%| O|  |TAMS 0x00000000c30fffe8, 0x00000000c30fffe8| Untracked 
|  49|0x00000000c3100000, 0x00000000c31ffff0, 0x00000000c3200000| 99%| O|  |TAMS 0x00000000c31ffff0, 0x00000000c31ffff0| Untracked 
|  50|0x00000000c3200000, 0x00000000c3300000, 0x00000000c3300000|100%| O|  |TAMS 0x00000000c3300000, 0x00000000c3300000| Untracked 
|  51|0x00000000c3300000, 0x00000000c33ffff8, 0x00000000c3400000| 99%| O|  |TAMS 0x00000000c33ffff8, 0x00000000c33ffff8| Untracked 
|  52|0x00000000c3400000, 0x00000000c3500000, 0x00000000c3500000|100%| O|  |TAMS 0x00000000c3500000, 0x00000000c3500000| Untracked 
|  53|0x00000000c3500000, 0x00000000c35fffe8, 0x00000000c3600000| 99%| O|  |TAMS 0x00000000c35fffe8, 0x00000000c35fffe8| Untracked 
|  54|0x00000000c3600000, 0x00000000c36ffff8, 0x00000000c3700000| 99%| O|  |TAMS 0x00000000c36ffff8, 0x00000000c36ffff8| Untracked 
|  55|0x00000000c3700000, 0x00000000c37fffe8, 0x00000000c3800000| 99%| O|  |TAMS 0x00000000c37fffe8, 0x00000000c37fffe8| Untracked 
|  56|0x00000000c3800000, 0x00000000c38fffe8, 0x00000000c3900000| 99%| O|  |TAMS 0x00000000c38fffe8, 0x00000000c38fffe8| Untracked 
|  57|0x00000000c3900000, 0x00000000c39ffff8, 0x00000000c3a00000| 99%| O|  |TAMS 0x00000000c39ffff8, 0x00000000c39ffff8| Untracked 
|  58|0x00000000c3a00000, 0x00000000c3affff8, 0x00000000c3b00000| 99%| O|  |TAMS 0x00000000c3affff8, 0x00000000c3affff8| Untracked 
|  59|0x00000000c3b00000, 0x00000000c3c00000, 0x00000000c3c00000|100%| O|  |TAMS 0x00000000c3c00000, 0x00000000c3c00000| Untracked 
|  60|0x00000000c3c00000, 0x00000000c3cfff88, 0x00000000c3d00000| 99%| O|  |TAMS 0x00000000c3cfff88, 0x00000000c3cfff88| Untracked 
|  61|0x00000000c3d00000, 0x00000000c3e00000, 0x00000000c3e00000|100%| O|  |TAMS 0x00000000c3e00000, 0x00000000c3e00000| Untracked 
|  62|0x00000000c3e00000, 0x00000000c3efffd8, 0x00000000c3f00000| 99%| O|  |TAMS 0x00000000c3efffd8, 0x00000000c3efffd8| Untracked 
|  63|0x00000000c3f00000, 0x00000000c3ffffe0, 0x00000000c4000000| 99%| O|  |TAMS 0x00000000c3ffffe0, 0x00000000c3ffffe0| Untracked 
|  64|0x00000000c4000000, 0x00000000c40ffff8, 0x00000000c4100000| 99%| O|  |TAMS 0x00000000c40ffff8, 0x00000000c40ffff8| Untracked 
|  65|0x00000000c4100000, 0x00000000c41fffe8, 0x00000000c4200000| 99%| O|  |TAMS 0x00000000c41fffe8, 0x00000000c41fffe8| Untracked 
|  66|0x00000000c4200000, 0x00000000c4300000, 0x00000000c4300000|100%| O|  |TAMS 0x00000000c4300000, 0x00000000c4300000| Untracked 
|  67|0x00000000c4300000, 0x00000000c43ffff0, 0x00000000c4400000| 99%| O|  |TAMS 0x00000000c43ffff0, 0x00000000c43ffff0| Untracked 
|  68|0x00000000c4400000, 0x00000000c44ffff0, 0x00000000c4500000| 99%| O|  |TAMS 0x00000000c44ffff0, 0x00000000c44ffff0| Untracked 
|  69|0x00000000c4500000, 0x00000000c45ffff0, 0x00000000c4600000| 99%| O|  |TAMS 0x00000000c45ffff0, 0x00000000c45ffff0| Untracked 
|  70|0x00000000c4600000, 0x00000000c46ffff8, 0x00000000c4700000| 99%| O|  |TAMS 0x00000000c46ffff8, 0x00000000c46ffff8| Untracked 
|  71|0x00000000c4700000, 0x00000000c4800000, 0x00000000c4800000|100%| O|  |TAMS 0x00000000c4800000, 0x00000000c4800000| Untracked 
|  72|0x00000000c4800000, 0x00000000c48ffff0, 0x00000000c4900000| 99%| O|  |TAMS 0x00000000c48ffff0, 0x00000000c48ffff0| Untracked 
|  73|0x00000000c4900000, 0x00000000c49ffff8, 0x00000000c4a00000| 99%| O|  |TAMS 0x00000000c49ffff8, 0x00000000c49ffff8| Untracked 
|  74|0x00000000c4a00000, 0x00000000c4affff0, 0x00000000c4b00000| 99%| O|  |TAMS 0x00000000c4affff0, 0x00000000c4affff0| Untracked 
|  75|0x00000000c4b00000, 0x00000000c4bffff8, 0x00000000c4c00000| 99%| O|  |TAMS 0x00000000c4bffff8, 0x00000000c4bffff8| Untracked 
|  76|0x00000000c4c00000, 0x00000000c4cfffe8, 0x00000000c4d00000| 99%| O|  |TAMS 0x00000000c4cfffe8, 0x00000000c4cfffe8| Untracked 
|  77|0x00000000c4d00000, 0x00000000c4dffff8, 0x00000000c4e00000| 99%| O|  |TAMS 0x00000000c4dffff8, 0x00000000c4dffff8| Untracked 
|  78|0x00000000c4e00000, 0x00000000c4effff8, 0x00000000c4f00000| 99%| O|  |TAMS 0x00000000c4effff8, 0x00000000c4effff8| Untracked 
|  79|0x00000000c4f00000, 0x00000000c4fffff0, 0x00000000c5000000| 99%| O|  |TAMS 0x00000000c4fffff0, 0x00000000c4fffff0| Untracked 
|  80|0x00000000c5000000, 0x00000000c50fffc0, 0x00000000c5100000| 99%| O|  |TAMS 0x00000000c50fffc0, 0x00000000c50fffc0| Untracked 
|  81|0x00000000c5100000, 0x00000000c51ffd78, 0x00000000c5200000| 99%| O|  |TAMS 0x00000000c51ffd78, 0x00000000c51ffd78| Untracked 
|  82|0x00000000c5200000, 0x00000000c52ffff0, 0x00000000c5300000| 99%| O|  |TAMS 0x00000000c52ffff0, 0x00000000c52ffff0| Untracked 
|  83|0x00000000c5300000, 0x00000000c53ffcf0, 0x00000000c5400000| 99%| O|  |TAMS 0x00000000c53ffcf0, 0x00000000c53ffcf0| Untracked 
|  84|0x00000000c5400000, 0x00000000c54ee3d0, 0x00000000c5500000| 93%| O|  |TAMS 0x00000000c5400000, 0x00000000c54ee3d0| Untracked 
|  85|0x00000000c5500000, 0x00000000c5600000, 0x00000000c5600000|100%| O|  |TAMS 0x00000000c5600000, 0x00000000c5600000| Untracked 
|  86|0x00000000c5600000, 0x00000000c56f4518, 0x00000000c5700000| 95%| O|  |TAMS 0x00000000c56f4518, 0x00000000c56f4518| Untracked 
|  87|0x00000000c5700000, 0x00000000c5786130, 0x00000000c5800000| 52%| O|  |TAMS 0x00000000c5700000, 0x00000000c5786130| Untracked 
|  88|0x00000000c5800000, 0x00000000c58bb350, 0x00000000c5900000| 73%| O|  |TAMS 0x00000000c5800000, 0x00000000c58bb350| Untracked 
|  89|0x00000000c5900000, 0x00000000c5911c90, 0x00000000c5a00000|  6%| O|  |TAMS 0x00000000c5900000, 0x00000000c5911c90| Untracked 
|  90|0x00000000c5a00000, 0x00000000c5a00000, 0x00000000c5b00000|  0%| F|  |TAMS 0x00000000c5a00000, 0x00000000c5a00000| Untracked 
|  91|0x00000000c5b00000, 0x00000000c5b00000, 0x00000000c5c00000|  0%| F|  |TAMS 0x00000000c5b00000, 0x00000000c5b00000| Untracked 
|  92|0x00000000c5c00000, 0x00000000c5c00000, 0x00000000c5d00000|  0%| F|  |TAMS 0x00000000c5c00000, 0x00000000c5c00000| Untracked 
|  93|0x00000000c5d00000, 0x00000000c5d00000, 0x00000000c5e00000|  0%| F|  |TAMS 0x00000000c5d00000, 0x00000000c5d00000| Untracked 
|  94|0x00000000c5e00000, 0x00000000c5e00000, 0x00000000c5f00000|  0%| F|  |TAMS 0x00000000c5e00000, 0x00000000c5e00000| Untracked 
|  95|0x00000000c5f00000, 0x00000000c5f00000, 0x00000000c6000000|  0%| F|  |TAMS 0x00000000c5f00000, 0x00000000c5f00000| Untracked 
|  96|0x00000000c6000000, 0x00000000c6000000, 0x00000000c6100000|  0%| F|  |TAMS 0x00000000c6000000, 0x00000000c6000000| Untracked 
|  97|0x00000000c6100000, 0x00000000c6100000, 0x00000000c6200000|  0%| F|  |TAMS 0x00000000c6100000, 0x00000000c6100000| Untracked 
|  98|0x00000000c6200000, 0x00000000c6200000, 0x00000000c6300000|  0%| F|  |TAMS 0x00000000c6200000, 0x00000000c6200000| Untracked 
|  99|0x00000000c6300000, 0x00000000c6300000, 0x00000000c6400000|  0%| F|  |TAMS 0x00000000c6300000, 0x00000000c6300000| Untracked 
| 100|0x00000000c6400000, 0x00000000c6400000, 0x00000000c6500000|  0%| F|  |TAMS 0x00000000c6400000, 0x00000000c6400000| Untracked 
| 101|0x00000000c6500000, 0x00000000c6500000, 0x00000000c6600000|  0%| F|  |TAMS 0x00000000c6500000, 0x00000000c6500000| Untracked 
| 102|0x00000000c6600000, 0x00000000c6600000, 0x00000000c6700000|  0%| F|  |TAMS 0x00000000c6600000, 0x00000000c6600000| Untracked 
| 103|0x00000000c6700000, 0x00000000c6700000, 0x00000000c6800000|  0%| F|  |TAMS 0x00000000c6700000, 0x00000000c6700000| Untracked 
| 104|0x00000000c6800000, 0x00000000c6800000, 0x00000000c6900000|  0%| F|  |TAMS 0x00000000c6800000, 0x00000000c6800000| Untracked 
| 105|0x00000000c6900000, 0x00000000c6900000, 0x00000000c6a00000|  0%| F|  |TAMS 0x00000000c6900000, 0x00000000c6900000| Untracked 
| 106|0x00000000c6a00000, 0x00000000c6a00000, 0x00000000c6b00000|  0%| F|  |TAMS 0x00000000c6a00000, 0x00000000c6a00000| Untracked 
| 107|0x00000000c6b00000, 0x00000000c6b00000, 0x00000000c6c00000|  0%| F|  |TAMS 0x00000000c6b00000, 0x00000000c6b00000| Untracked 
| 108|0x00000000c6c00000, 0x00000000c6c00000, 0x00000000c6d00000|  0%| F|  |TAMS 0x00000000c6c00000, 0x00000000c6c00000| Untracked 
| 109|0x00000000c6d00000, 0x00000000c6d00000, 0x00000000c6e00000|  0%| F|  |TAMS 0x00000000c6d00000, 0x00000000c6d00000| Untracked 
| 110|0x00000000c6e00000, 0x00000000c6e00000, 0x00000000c6f00000|  0%| F|  |TAMS 0x00000000c6e00000, 0x00000000c6e00000| Untracked 
| 111|0x00000000c6f00000, 0x00000000c6f00000, 0x00000000c7000000|  0%| F|  |TAMS 0x00000000c6f00000, 0x00000000c6f00000| Untracked 
| 112|0x00000000c7000000, 0x00000000c7000000, 0x00000000c7100000|  0%| F|  |TAMS 0x00000000c7000000, 0x00000000c7000000| Untracked 
| 113|0x00000000c7100000, 0x00000000c7100000, 0x00000000c7200000|  0%| F|  |TAMS 0x00000000c7100000, 0x00000000c7100000| Untracked 
| 114|0x00000000c7200000, 0x00000000c7200000, 0x00000000c7300000|  0%| F|  |TAMS 0x00000000c7200000, 0x00000000c7200000| Untracked 
| 115|0x00000000c7300000, 0x00000000c7300000, 0x00000000c7400000|  0%| F|  |TAMS 0x00000000c7300000, 0x00000000c7300000| Untracked 
| 116|0x00000000c7400000, 0x00000000c7400000, 0x00000000c7500000|  0%| F|  |TAMS 0x00000000c7400000, 0x00000000c7400000| Untracked 
| 117|0x00000000c7500000, 0x00000000c7500000, 0x00000000c7600000|  0%| F|  |TAMS 0x00000000c7500000, 0x00000000c7500000| Untracked 
| 118|0x00000000c7600000, 0x00000000c7600000, 0x00000000c7700000|  0%| F|  |TAMS 0x00000000c7600000, 0x00000000c7600000| Untracked 
| 119|0x00000000c7700000, 0x00000000c7700000, 0x00000000c7800000|  0%| F|  |TAMS 0x00000000c7700000, 0x00000000c7700000| Untracked 
| 120|0x00000000c7800000, 0x00000000c7800000, 0x00000000c7900000|  0%| F|  |TAMS 0x00000000c7800000, 0x00000000c7800000| Untracked 
| 121|0x00000000c7900000, 0x00000000c7900000, 0x00000000c7a00000|  0%| F|  |TAMS 0x00000000c7900000, 0x00000000c7900000| Untracked 
| 122|0x00000000c7a00000, 0x00000000c7a00000, 0x00000000c7b00000|  0%| F|  |TAMS 0x00000000c7a00000, 0x00000000c7a00000| Untracked 
| 123|0x00000000c7b00000, 0x00000000c7b00000, 0x00000000c7c00000|  0%| F|  |TAMS 0x00000000c7b00000, 0x00000000c7b00000| Untracked 
| 124|0x00000000c7c00000, 0x00000000c7c00000, 0x00000000c7d00000|  0%| F|  |TAMS 0x00000000c7c00000, 0x00000000c7c00000| Untracked 
| 125|0x00000000c7d00000, 0x00000000c7d00000, 0x00000000c7e00000|  0%| F|  |TAMS 0x00000000c7d00000, 0x00000000c7d00000| Untracked 
| 126|0x00000000c7e00000, 0x00000000c7e00000, 0x00000000c7f00000|  0%| F|  |TAMS 0x00000000c7e00000, 0x00000000c7e00000| Untracked 
| 127|0x00000000c7f00000, 0x00000000c7f00000, 0x00000000c8000000|  0%| F|  |TAMS 0x00000000c7f00000, 0x00000000c7f00000| Untracked 
| 128|0x00000000c8000000, 0x00000000c8000000, 0x00000000c8100000|  0%| F|  |TAMS 0x00000000c8000000, 0x00000000c8000000| Untracked 
| 129|0x00000000c8100000, 0x00000000c8100000, 0x00000000c8200000|  0%| F|  |TAMS 0x00000000c8100000, 0x00000000c8100000| Untracked 
| 130|0x00000000c8200000, 0x00000000c8200000, 0x00000000c8300000|  0%| F|  |TAMS 0x00000000c8200000, 0x00000000c8200000| Untracked 
| 131|0x00000000c8300000, 0x00000000c8300000, 0x00000000c8400000|  0%| F|  |TAMS 0x00000000c8300000, 0x00000000c8300000| Untracked 
| 132|0x00000000c8400000, 0x00000000c8400000, 0x00000000c8500000|  0%| F|  |TAMS 0x00000000c8400000, 0x00000000c8400000| Untracked 
| 133|0x00000000c8500000, 0x00000000c8500000, 0x00000000c8600000|  0%| F|  |TAMS 0x00000000c8500000, 0x00000000c8500000| Untracked 
| 134|0x00000000c8600000, 0x00000000c8600000, 0x00000000c8700000|  0%| F|  |TAMS 0x00000000c8600000, 0x00000000c8600000| Untracked 
| 135|0x00000000c8700000, 0x00000000c8700000, 0x00000000c8800000|  0%| F|  |TAMS 0x00000000c8700000, 0x00000000c8700000| Untracked 
| 136|0x00000000c8800000, 0x00000000c8800000, 0x00000000c8900000|  0%| F|  |TAMS 0x00000000c8800000, 0x00000000c8800000| Untracked 
| 137|0x00000000c8900000, 0x00000000c8900000, 0x00000000c8a00000|  0%| F|  |TAMS 0x00000000c8900000, 0x00000000c8900000| Untracked 
| 138|0x00000000c8a00000, 0x00000000c8a00000, 0x00000000c8b00000|  0%| F|  |TAMS 0x00000000c8a00000, 0x00000000c8a00000| Untracked 
| 139|0x00000000c8b00000, 0x00000000c8b00000, 0x00000000c8c00000|  0%| F|  |TAMS 0x00000000c8b00000, 0x00000000c8b00000| Untracked 
| 140|0x00000000c8c00000, 0x00000000c8c00000, 0x00000000c8d00000|  0%| F|  |TAMS 0x00000000c8c00000, 0x00000000c8c00000| Untracked 
| 141|0x00000000c8d00000, 0x00000000c8d00000, 0x00000000c8e00000|  0%| F|  |TAMS 0x00000000c8d00000, 0x00000000c8d00000| Untracked 
| 142|0x00000000c8e00000, 0x00000000c8e00000, 0x00000000c8f00000|  0%| F|  |TAMS 0x00000000c8e00000, 0x00000000c8e00000| Untracked 
| 143|0x00000000c8f00000, 0x00000000c8f00000, 0x00000000c9000000|  0%| F|  |TAMS 0x00000000c8f00000, 0x00000000c8f00000| Untracked 
| 144|0x00000000c9000000, 0x00000000c9000000, 0x00000000c9100000|  0%| F|  |TAMS 0x00000000c9000000, 0x00000000c9000000| Untracked 
| 145|0x00000000c9100000, 0x00000000c9100000, 0x00000000c9200000|  0%| F|  |TAMS 0x00000000c9100000, 0x00000000c9100000| Untracked 
| 146|0x00000000c9200000, 0x00000000c9200000, 0x00000000c9300000|  0%| F|  |TAMS 0x00000000c9200000, 0x00000000c9200000| Untracked 
| 147|0x00000000c9300000, 0x00000000c9300000, 0x00000000c9400000|  0%| F|  |TAMS 0x00000000c9300000, 0x00000000c9300000| Untracked 
| 148|0x00000000c9400000, 0x00000000c9400000, 0x00000000c9500000|  0%| F|  |TAMS 0x00000000c9400000, 0x00000000c9400000| Untracked 
| 149|0x00000000c9500000, 0x00000000c9500000, 0x00000000c9600000|  0%| F|  |TAMS 0x00000000c9500000, 0x00000000c9500000| Untracked 
| 150|0x00000000c9600000, 0x00000000c9600000, 0x00000000c9700000|  0%| F|  |TAMS 0x00000000c9600000, 0x00000000c9600000| Untracked 
| 151|0x00000000c9700000, 0x00000000c9700000, 0x00000000c9800000|  0%| F|  |TAMS 0x00000000c9700000, 0x00000000c9700000| Untracked 
| 152|0x00000000c9800000, 0x00000000c9800000, 0x00000000c9900000|  0%| F|  |TAMS 0x00000000c9800000, 0x00000000c9800000| Untracked 
| 153|0x00000000c9900000, 0x00000000c9900000, 0x00000000c9a00000|  0%| F|  |TAMS 0x00000000c9900000, 0x00000000c9900000| Untracked 
| 154|0x00000000c9a00000, 0x00000000c9a00000, 0x00000000c9b00000|  0%| F|  |TAMS 0x00000000c9a00000, 0x00000000c9a00000| Untracked 
| 155|0x00000000c9b00000, 0x00000000c9b00000, 0x00000000c9c00000|  0%| F|  |TAMS 0x00000000c9b00000, 0x00000000c9b00000| Untracked 
| 156|0x00000000c9c00000, 0x00000000c9c00000, 0x00000000c9d00000|  0%| F|  |TAMS 0x00000000c9c00000, 0x00000000c9c00000| Untracked 
| 157|0x00000000c9d00000, 0x00000000c9d00000, 0x00000000c9e00000|  0%| F|  |TAMS 0x00000000c9d00000, 0x00000000c9d00000| Untracked 
| 158|0x00000000c9e00000, 0x00000000c9e00000, 0x00000000c9f00000|  0%| F|  |TAMS 0x00000000c9e00000, 0x00000000c9e00000| Untracked 
| 159|0x00000000c9f00000, 0x00000000c9f00000, 0x00000000ca000000|  0%| F|  |TAMS 0x00000000c9f00000, 0x00000000c9f00000| Untracked 
| 160|0x00000000ca000000, 0x00000000ca000000, 0x00000000ca100000|  0%| F|  |TAMS 0x00000000ca000000, 0x00000000ca000000| Untracked 
| 161|0x00000000ca100000, 0x00000000ca100000, 0x00000000ca200000|  0%| F|  |TAMS 0x00000000ca100000, 0x00000000ca100000| Untracked 
| 162|0x00000000ca200000, 0x00000000ca200000, 0x00000000ca300000|  0%| F|  |TAMS 0x00000000ca200000, 0x00000000ca200000| Untracked 
| 163|0x00000000ca300000, 0x00000000ca300000, 0x00000000ca400000|  0%| F|  |TAMS 0x00000000ca300000, 0x00000000ca300000| Untracked 
| 164|0x00000000ca400000, 0x00000000ca400000, 0x00000000ca500000|  0%| F|  |TAMS 0x00000000ca400000, 0x00000000ca400000| Untracked 
| 165|0x00000000ca500000, 0x00000000ca500000, 0x00000000ca600000|  0%| F|  |TAMS 0x00000000ca500000, 0x00000000ca500000| Untracked 
| 166|0x00000000ca600000, 0x00000000ca600000, 0x00000000ca700000|  0%| F|  |TAMS 0x00000000ca600000, 0x00000000ca600000| Untracked 
| 167|0x00000000ca700000, 0x00000000ca700000, 0x00000000ca800000|  0%| F|  |TAMS 0x00000000ca700000, 0x00000000ca700000| Untracked 
| 168|0x00000000ca800000, 0x00000000ca800000, 0x00000000ca900000|  0%| F|  |TAMS 0x00000000ca800000, 0x00000000ca800000| Untracked 
| 169|0x00000000ca900000, 0x00000000ca900000, 0x00000000caa00000|  0%| F|  |TAMS 0x00000000ca900000, 0x00000000ca900000| Untracked 
| 170|0x00000000caa00000, 0x00000000caa00000, 0x00000000cab00000|  0%| F|  |TAMS 0x00000000caa00000, 0x00000000caa00000| Untracked 
| 171|0x00000000cab00000, 0x00000000cab00000, 0x00000000cac00000|  0%| F|  |TAMS 0x00000000cab00000, 0x00000000cab00000| Untracked 
| 172|0x00000000cac00000, 0x00000000cac00000, 0x00000000cad00000|  0%| F|  |TAMS 0x00000000cac00000, 0x00000000cac00000| Untracked 
| 173|0x00000000cad00000, 0x00000000cad00000, 0x00000000cae00000|  0%| F|  |TAMS 0x00000000cad00000, 0x00000000cad00000| Untracked 
| 174|0x00000000cae00000, 0x00000000cae00000, 0x00000000caf00000|  0%| F|  |TAMS 0x00000000cae00000, 0x00000000cae00000| Untracked 
| 175|0x00000000caf00000, 0x00000000caf00000, 0x00000000cb000000|  0%| F|  |TAMS 0x00000000caf00000, 0x00000000caf00000| Untracked 
| 176|0x00000000cb000000, 0x00000000cb000000, 0x00000000cb100000|  0%| F|  |TAMS 0x00000000cb000000, 0x00000000cb000000| Untracked 
| 177|0x00000000cb100000, 0x00000000cb100000, 0x00000000cb200000|  0%| F|  |TAMS 0x00000000cb100000, 0x00000000cb100000| Untracked 
| 178|0x00000000cb200000, 0x00000000cb200000, 0x00000000cb300000|  0%| F|  |TAMS 0x00000000cb200000, 0x00000000cb200000| Untracked 
| 179|0x00000000cb300000, 0x00000000cb300000, 0x00000000cb400000|  0%| F|  |TAMS 0x00000000cb300000, 0x00000000cb300000| Untracked 
| 180|0x00000000cb400000, 0x00000000cb400000, 0x00000000cb500000|  0%| F|  |TAMS 0x00000000cb400000, 0x00000000cb400000| Untracked 
| 181|0x00000000cb500000, 0x00000000cb500000, 0x00000000cb600000|  0%| F|  |TAMS 0x00000000cb500000, 0x00000000cb500000| Untracked 
| 182|0x00000000cb600000, 0x00000000cb600000, 0x00000000cb700000|  0%| F|  |TAMS 0x00000000cb600000, 0x00000000cb600000| Untracked 
| 183|0x00000000cb700000, 0x00000000cb700000, 0x00000000cb800000|  0%| F|  |TAMS 0x00000000cb700000, 0x00000000cb700000| Untracked 
| 184|0x00000000cb800000, 0x00000000cb800000, 0x00000000cb900000|  0%| F|  |TAMS 0x00000000cb800000, 0x00000000cb800000| Untracked 
| 185|0x00000000cb900000, 0x00000000cb900000, 0x00000000cba00000|  0%| F|  |TAMS 0x00000000cb900000, 0x00000000cb900000| Untracked 
| 186|0x00000000cba00000, 0x00000000cba00000, 0x00000000cbb00000|  0%| F|  |TAMS 0x00000000cba00000, 0x00000000cba00000| Untracked 
| 187|0x00000000cbb00000, 0x00000000cbb00000, 0x00000000cbc00000|  0%| F|  |TAMS 0x00000000cbb00000, 0x00000000cbb00000| Untracked 
| 188|0x00000000cbc00000, 0x00000000cbc00000, 0x00000000cbd00000|  0%| F|  |TAMS 0x00000000cbc00000, 0x00000000cbc00000| Untracked 
| 189|0x00000000cbd00000, 0x00000000cbd00000, 0x00000000cbe00000|  0%| F|  |TAMS 0x00000000cbd00000, 0x00000000cbd00000| Untracked 
| 190|0x00000000cbe00000, 0x00000000cbe00000, 0x00000000cbf00000|  0%| F|  |TAMS 0x00000000cbe00000, 0x00000000cbe00000| Untracked 
| 191|0x00000000cbf00000, 0x00000000cbf00000, 0x00000000cc000000|  0%| F|  |TAMS 0x00000000cbf00000, 0x00000000cbf00000| Untracked 
| 192|0x00000000cc000000, 0x00000000cc000000, 0x00000000cc100000|  0%| F|  |TAMS 0x00000000cc000000, 0x00000000cc000000| Untracked 
| 193|0x00000000cc100000, 0x00000000cc100000, 0x00000000cc200000|  0%| F|  |TAMS 0x00000000cc100000, 0x00000000cc100000| Untracked 
| 194|0x00000000cc200000, 0x00000000cc200000, 0x00000000cc300000|  0%| F|  |TAMS 0x00000000cc200000, 0x00000000cc200000| Untracked 
| 195|0x00000000cc300000, 0x00000000cc300000, 0x00000000cc400000|  0%| F|  |TAMS 0x00000000cc300000, 0x00000000cc300000| Untracked 
| 196|0x00000000cc400000, 0x00000000cc400000, 0x00000000cc500000|  0%| F|  |TAMS 0x00000000cc400000, 0x00000000cc400000| Untracked 
| 197|0x00000000cc500000, 0x00000000cc500000, 0x00000000cc600000|  0%| F|  |TAMS 0x00000000cc500000, 0x00000000cc500000| Untracked 
| 198|0x00000000cc600000, 0x00000000cc600000, 0x00000000cc700000|  0%| F|  |TAMS 0x00000000cc600000, 0x00000000cc600000| Untracked 
| 199|0x00000000cc700000, 0x00000000cc700000, 0x00000000cc800000|  0%| F|  |TAMS 0x00000000cc700000, 0x00000000cc700000| Untracked 
| 200|0x00000000cc800000, 0x00000000cc800000, 0x00000000cc900000|  0%| F|  |TAMS 0x00000000cc800000, 0x00000000cc800000| Untracked 
| 201|0x00000000cc900000, 0x00000000cc900000, 0x00000000cca00000|  0%| F|  |TAMS 0x00000000cc900000, 0x00000000cc900000| Untracked 
| 202|0x00000000cca00000, 0x00000000cca00000, 0x00000000ccb00000|  0%| F|  |TAMS 0x00000000cca00000, 0x00000000cca00000| Untracked 
| 203|0x00000000ccb00000, 0x00000000ccb00000, 0x00000000ccc00000|  0%| F|  |TAMS 0x00000000ccb00000, 0x00000000ccb00000| Untracked 
| 204|0x00000000ccc00000, 0x00000000ccc00000, 0x00000000ccd00000|  0%| F|  |TAMS 0x00000000ccc00000, 0x00000000ccc00000| Untracked 
| 205|0x00000000ccd00000, 0x00000000ccd00000, 0x00000000cce00000|  0%| F|  |TAMS 0x00000000ccd00000, 0x00000000ccd00000| Untracked 
| 206|0x00000000cce00000, 0x00000000cce00000, 0x00000000ccf00000|  0%| F|  |TAMS 0x00000000cce00000, 0x00000000cce00000| Untracked 
| 207|0x00000000ccf00000, 0x00000000ccf00000, 0x00000000cd000000|  0%| F|  |TAMS 0x00000000ccf00000, 0x00000000ccf00000| Untracked 
| 208|0x00000000cd000000, 0x00000000cd000000, 0x00000000cd100000|  0%| F|  |TAMS 0x00000000cd000000, 0x00000000cd000000| Untracked 
| 209|0x00000000cd100000, 0x00000000cd100000, 0x00000000cd200000|  0%| F|  |TAMS 0x00000000cd100000, 0x00000000cd100000| Untracked 
| 210|0x00000000cd200000, 0x00000000cd200000, 0x00000000cd300000|  0%| F|  |TAMS 0x00000000cd200000, 0x00000000cd200000| Untracked 
| 211|0x00000000cd300000, 0x00000000cd300000, 0x00000000cd400000|  0%| F|  |TAMS 0x00000000cd300000, 0x00000000cd300000| Untracked 
| 212|0x00000000cd400000, 0x00000000cd400000, 0x00000000cd500000|  0%| F|  |TAMS 0x00000000cd400000, 0x00000000cd400000| Untracked 
| 213|0x00000000cd500000, 0x00000000cd500000, 0x00000000cd600000|  0%| F|  |TAMS 0x00000000cd500000, 0x00000000cd500000| Untracked 
| 214|0x00000000cd600000, 0x00000000cd600000, 0x00000000cd700000|  0%| F|  |TAMS 0x00000000cd600000, 0x00000000cd600000| Untracked 
| 215|0x00000000cd700000, 0x00000000cd700000, 0x00000000cd800000|  0%| F|  |TAMS 0x00000000cd700000, 0x00000000cd700000| Untracked 
| 216|0x00000000cd800000, 0x00000000cd800000, 0x00000000cd900000|  0%| F|  |TAMS 0x00000000cd800000, 0x00000000cd800000| Untracked 
| 217|0x00000000cd900000, 0x00000000cd900000, 0x00000000cda00000|  0%| F|  |TAMS 0x00000000cd900000, 0x00000000cd900000| Untracked 
| 218|0x00000000cda00000, 0x00000000cda00000, 0x00000000cdb00000|  0%| F|  |TAMS 0x00000000cda00000, 0x00000000cda00000| Untracked 
| 219|0x00000000cdb00000, 0x00000000cdb00000, 0x00000000cdc00000|  0%| F|  |TAMS 0x00000000cdb00000, 0x00000000cdb00000| Untracked 
| 220|0x00000000cdc00000, 0x00000000cdc00000, 0x00000000cdd00000|  0%| F|  |TAMS 0x00000000cdc00000, 0x00000000cdc00000| Untracked 
| 221|0x00000000cdd00000, 0x00000000cdd00000, 0x00000000cde00000|  0%| F|  |TAMS 0x00000000cdd00000, 0x00000000cdd00000| Untracked 
| 222|0x00000000cde00000, 0x00000000cde00000, 0x00000000cdf00000|  0%| F|  |TAMS 0x00000000cde00000, 0x00000000cde00000| Untracked 
| 223|0x00000000cdf00000, 0x00000000cdf00000, 0x00000000ce000000|  0%| F|  |TAMS 0x00000000cdf00000, 0x00000000cdf00000| Untracked 
| 224|0x00000000ce000000, 0x00000000ce000000, 0x00000000ce100000|  0%| F|  |TAMS 0x00000000ce000000, 0x00000000ce000000| Untracked 
| 225|0x00000000ce100000, 0x00000000ce100000, 0x00000000ce200000|  0%| F|  |TAMS 0x00000000ce100000, 0x00000000ce100000| Untracked 
| 226|0x00000000ce200000, 0x00000000ce200000, 0x00000000ce300000|  0%| F|  |TAMS 0x00000000ce200000, 0x00000000ce200000| Untracked 
| 227|0x00000000ce300000, 0x00000000ce300000, 0x00000000ce400000|  0%| F|  |TAMS 0x00000000ce300000, 0x00000000ce300000| Untracked 
| 228|0x00000000ce400000, 0x00000000ce400000, 0x00000000ce500000|  0%| F|  |TAMS 0x00000000ce400000, 0x00000000ce400000| Untracked 
| 229|0x00000000ce500000, 0x00000000ce500000, 0x00000000ce600000|  0%| F|  |TAMS 0x00000000ce500000, 0x00000000ce500000| Untracked 
| 230|0x00000000ce600000, 0x00000000ce600000, 0x00000000ce700000|  0%| F|  |TAMS 0x00000000ce600000, 0x00000000ce600000| Untracked 
| 231|0x00000000ce700000, 0x00000000ce700000, 0x00000000ce800000|  0%| F|  |TAMS 0x00000000ce700000, 0x00000000ce700000| Untracked 
| 232|0x00000000ce800000, 0x00000000ce800000, 0x00000000ce900000|  0%| F|  |TAMS 0x00000000ce800000, 0x00000000ce800000| Untracked 
| 233|0x00000000ce900000, 0x00000000ce900000, 0x00000000cea00000|  0%| F|  |TAMS 0x00000000ce900000, 0x00000000ce900000| Untracked 
| 234|0x00000000cea00000, 0x00000000cea00000, 0x00000000ceb00000|  0%| F|  |TAMS 0x00000000cea00000, 0x00000000cea00000| Untracked 
| 235|0x00000000ceb00000, 0x00000000ceb00000, 0x00000000cec00000|  0%| F|  |TAMS 0x00000000ceb00000, 0x00000000ceb00000| Untracked 
| 236|0x00000000cec00000, 0x00000000cec00000, 0x00000000ced00000|  0%| F|  |TAMS 0x00000000cec00000, 0x00000000cec00000| Untracked 
| 237|0x00000000ced00000, 0x00000000ced00000, 0x00000000cee00000|  0%| F|  |TAMS 0x00000000ced00000, 0x00000000ced00000| Untracked 
| 238|0x00000000cee00000, 0x00000000cee00000, 0x00000000cef00000|  0%| F|  |TAMS 0x00000000cee00000, 0x00000000cee00000| Untracked 
| 239|0x00000000cef00000, 0x00000000cef00000, 0x00000000cf000000|  0%| F|  |TAMS 0x00000000cef00000, 0x00000000cef00000| Untracked 
| 240|0x00000000cf000000, 0x00000000cf000000, 0x00000000cf100000|  0%| F|  |TAMS 0x00000000cf000000, 0x00000000cf000000| Untracked 
| 241|0x00000000cf100000, 0x00000000cf100000, 0x00000000cf200000|  0%| F|  |TAMS 0x00000000cf100000, 0x00000000cf100000| Untracked 
| 242|0x00000000cf200000, 0x00000000cf200000, 0x00000000cf300000|  0%| F|  |TAMS 0x00000000cf200000, 0x00000000cf200000| Untracked 
| 243|0x00000000cf300000, 0x00000000cf300000, 0x00000000cf400000|  0%| F|  |TAMS 0x00000000cf300000, 0x00000000cf300000| Untracked 
| 244|0x00000000cf400000, 0x00000000cf400000, 0x00000000cf500000|  0%| F|  |TAMS 0x00000000cf400000, 0x00000000cf400000| Untracked 
| 245|0x00000000cf500000, 0x00000000cf500000, 0x00000000cf600000|  0%| F|  |TAMS 0x00000000cf500000, 0x00000000cf500000| Untracked 
| 246|0x00000000cf600000, 0x00000000cf600000, 0x00000000cf700000|  0%| F|  |TAMS 0x00000000cf600000, 0x00000000cf600000| Untracked 
| 247|0x00000000cf700000, 0x00000000cf700000, 0x00000000cf800000|  0%| F|  |TAMS 0x00000000cf700000, 0x00000000cf700000| Untracked 
| 248|0x00000000cf800000, 0x00000000cf800000, 0x00000000cf900000|  0%| F|  |TAMS 0x00000000cf800000, 0x00000000cf800000| Untracked 
| 249|0x00000000cf900000, 0x00000000cf900000, 0x00000000cfa00000|  0%| F|  |TAMS 0x00000000cf900000, 0x00000000cf900000| Untracked 
| 250|0x00000000cfa00000, 0x00000000cfa00000, 0x00000000cfb00000|  0%| F|  |TAMS 0x00000000cfa00000, 0x00000000cfa00000| Untracked 
| 251|0x00000000cfb00000, 0x00000000cfb00000, 0x00000000cfc00000|  0%| F|  |TAMS 0x00000000cfb00000, 0x00000000cfb00000| Untracked 
| 252|0x00000000cfc00000, 0x00000000cfc00000, 0x00000000cfd00000|  0%| F|  |TAMS 0x00000000cfc00000, 0x00000000cfc00000| Untracked 
| 253|0x00000000cfd00000, 0x00000000cfd00000, 0x00000000cfe00000|  0%| F|  |TAMS 0x00000000cfd00000, 0x00000000cfd00000| Untracked 
| 254|0x00000000cfe00000, 0x00000000cfe00000, 0x00000000cff00000|  0%| F|  |TAMS 0x00000000cfe00000, 0x00000000cfe00000| Untracked 
| 255|0x00000000cff00000, 0x00000000cff00000, 0x00000000d0000000|  0%| F|  |TAMS 0x00000000cff00000, 0x00000000cff00000| Untracked 
| 256|0x00000000d0000000, 0x00000000d0000000, 0x00000000d0100000|  0%| F|  |TAMS 0x00000000d0000000, 0x00000000d0000000| Untracked 
| 257|0x00000000d0100000, 0x00000000d0100000, 0x00000000d0200000|  0%| F|  |TAMS 0x00000000d0100000, 0x00000000d0100000| Untracked 
| 258|0x00000000d0200000, 0x00000000d0200000, 0x00000000d0300000|  0%| F|  |TAMS 0x00000000d0200000, 0x00000000d0200000| Untracked 
| 259|0x00000000d0300000, 0x00000000d0300000, 0x00000000d0400000|  0%| F|  |TAMS 0x00000000d0300000, 0x00000000d0300000| Untracked 
| 260|0x00000000d0400000, 0x00000000d0400000, 0x00000000d0500000|  0%| F|  |TAMS 0x00000000d0400000, 0x00000000d0400000| Untracked 
| 261|0x00000000d0500000, 0x00000000d0500000, 0x00000000d0600000|  0%| F|  |TAMS 0x00000000d0500000, 0x00000000d0500000| Untracked 
| 262|0x00000000d0600000, 0x00000000d0600000, 0x00000000d0700000|  0%| F|  |TAMS 0x00000000d0600000, 0x00000000d0600000| Untracked 
| 263|0x00000000d0700000, 0x00000000d0700000, 0x00000000d0800000|  0%| F|  |TAMS 0x00000000d0700000, 0x00000000d0700000| Untracked 
| 264|0x00000000d0800000, 0x00000000d0800000, 0x00000000d0900000|  0%| F|  |TAMS 0x00000000d0800000, 0x00000000d0800000| Untracked 
| 265|0x00000000d0900000, 0x00000000d0900000, 0x00000000d0a00000|  0%| F|  |TAMS 0x00000000d0900000, 0x00000000d0900000| Untracked 
| 266|0x00000000d0a00000, 0x00000000d0a00000, 0x00000000d0b00000|  0%| F|  |TAMS 0x00000000d0a00000, 0x00000000d0a00000| Untracked 
| 267|0x00000000d0b00000, 0x00000000d0b00000, 0x00000000d0c00000|  0%| F|  |TAMS 0x00000000d0b00000, 0x00000000d0b00000| Untracked 
| 268|0x00000000d0c00000, 0x00000000d0c00000, 0x00000000d0d00000|  0%| F|  |TAMS 0x00000000d0c00000, 0x00000000d0c00000| Untracked 
| 269|0x00000000d0d00000, 0x00000000d0d00000, 0x00000000d0e00000|  0%| F|  |TAMS 0x00000000d0d00000, 0x00000000d0d00000| Untracked 
| 270|0x00000000d0e00000, 0x00000000d0e00000, 0x00000000d0f00000|  0%| F|  |TAMS 0x00000000d0e00000, 0x00000000d0e00000| Untracked 
| 271|0x00000000d0f00000, 0x00000000d0f00000, 0x00000000d1000000|  0%| F|  |TAMS 0x00000000d0f00000, 0x00000000d0f00000| Untracked 
| 272|0x00000000d1000000, 0x00000000d1000000, 0x00000000d1100000|  0%| F|  |TAMS 0x00000000d1000000, 0x00000000d1000000| Untracked 
| 273|0x00000000d1100000, 0x00000000d1100000, 0x00000000d1200000|  0%| F|  |TAMS 0x00000000d1100000, 0x00000000d1100000| Untracked 
| 274|0x00000000d1200000, 0x00000000d1200000, 0x00000000d1300000|  0%| F|  |TAMS 0x00000000d1200000, 0x00000000d1200000| Untracked 
| 275|0x00000000d1300000, 0x00000000d1300000, 0x00000000d1400000|  0%| F|  |TAMS 0x00000000d1300000, 0x00000000d1300000| Untracked 
| 276|0x00000000d1400000, 0x00000000d1400000, 0x00000000d1500000|  0%| F|  |TAMS 0x00000000d1400000, 0x00000000d1400000| Untracked 
| 277|0x00000000d1500000, 0x00000000d1500000, 0x00000000d1600000|  0%| F|  |TAMS 0x00000000d1500000, 0x00000000d1500000| Untracked 
| 278|0x00000000d1600000, 0x00000000d1600000, 0x00000000d1700000|  0%| F|  |TAMS 0x00000000d1600000, 0x00000000d1600000| Untracked 
| 279|0x00000000d1700000, 0x00000000d1700000, 0x00000000d1800000|  0%| F|  |TAMS 0x00000000d1700000, 0x00000000d1700000| Untracked 
| 280|0x00000000d1800000, 0x00000000d1800000, 0x00000000d1900000|  0%| F|  |TAMS 0x00000000d1800000, 0x00000000d1800000| Untracked 
| 281|0x00000000d1900000, 0x00000000d1900000, 0x00000000d1a00000|  0%| F|  |TAMS 0x00000000d1900000, 0x00000000d1900000| Untracked 
| 282|0x00000000d1a00000, 0x00000000d1a00000, 0x00000000d1b00000|  0%| F|  |TAMS 0x00000000d1a00000, 0x00000000d1a00000| Untracked 
| 283|0x00000000d1b00000, 0x00000000d1b00000, 0x00000000d1c00000|  0%| F|  |TAMS 0x00000000d1b00000, 0x00000000d1b00000| Untracked 
| 284|0x00000000d1c00000, 0x00000000d1c00000, 0x00000000d1d00000|  0%| F|  |TAMS 0x00000000d1c00000, 0x00000000d1c00000| Untracked 
| 285|0x00000000d1d00000, 0x00000000d1d00000, 0x00000000d1e00000|  0%| F|  |TAMS 0x00000000d1d00000, 0x00000000d1d00000| Untracked 
| 286|0x00000000d1e00000, 0x00000000d1e00000, 0x00000000d1f00000|  0%| F|  |TAMS 0x00000000d1e00000, 0x00000000d1e00000| Untracked 
| 287|0x00000000d1f00000, 0x00000000d1f00000, 0x00000000d2000000|  0%| F|  |TAMS 0x00000000d1f00000, 0x00000000d1f00000| Untracked 
| 288|0x00000000d2000000, 0x00000000d2000000, 0x00000000d2100000|  0%| F|  |TAMS 0x00000000d2000000, 0x00000000d2000000| Untracked 
| 289|0x00000000d2100000, 0x00000000d2100000, 0x00000000d2200000|  0%| F|  |TAMS 0x00000000d2100000, 0x00000000d2100000| Untracked 
| 290|0x00000000d2200000, 0x00000000d2200000, 0x00000000d2300000|  0%| F|  |TAMS 0x00000000d2200000, 0x00000000d2200000| Untracked 
| 291|0x00000000d2300000, 0x00000000d2300000, 0x00000000d2400000|  0%| F|  |TAMS 0x00000000d2300000, 0x00000000d2300000| Untracked 
| 292|0x00000000d2400000, 0x00000000d2400000, 0x00000000d2500000|  0%| F|  |TAMS 0x00000000d2400000, 0x00000000d2400000| Untracked 
| 293|0x00000000d2500000, 0x00000000d2500000, 0x00000000d2600000|  0%| F|  |TAMS 0x00000000d2500000, 0x00000000d2500000| Untracked 
| 294|0x00000000d2600000, 0x00000000d2600000, 0x00000000d2700000|  0%| F|  |TAMS 0x00000000d2600000, 0x00000000d2600000| Untracked 
| 295|0x00000000d2700000, 0x00000000d2700000, 0x00000000d2800000|  0%| F|  |TAMS 0x00000000d2700000, 0x00000000d2700000| Untracked 
| 296|0x00000000d2800000, 0x00000000d2800000, 0x00000000d2900000|  0%| F|  |TAMS 0x00000000d2800000, 0x00000000d2800000| Untracked 
| 297|0x00000000d2900000, 0x00000000d2900000, 0x00000000d2a00000|  0%| F|  |TAMS 0x00000000d2900000, 0x00000000d2900000| Untracked 
| 298|0x00000000d2a00000, 0x00000000d2a00000, 0x00000000d2b00000|  0%| F|  |TAMS 0x00000000d2a00000, 0x00000000d2a00000| Untracked 
| 299|0x00000000d2b00000, 0x00000000d2b00000, 0x00000000d2c00000|  0%| F|  |TAMS 0x00000000d2b00000, 0x00000000d2b00000| Untracked 
| 300|0x00000000d2c00000, 0x00000000d2c00000, 0x00000000d2d00000|  0%| F|  |TAMS 0x00000000d2c00000, 0x00000000d2c00000| Untracked 
| 301|0x00000000d2d00000, 0x00000000d2d00000, 0x00000000d2e00000|  0%| F|  |TAMS 0x00000000d2d00000, 0x00000000d2d00000| Untracked 
| 302|0x00000000d2e00000, 0x00000000d2e00000, 0x00000000d2f00000|  0%| F|  |TAMS 0x00000000d2e00000, 0x00000000d2e00000| Untracked 
| 303|0x00000000d2f00000, 0x00000000d2f00000, 0x00000000d3000000|  0%| F|  |TAMS 0x00000000d2f00000, 0x00000000d2f00000| Untracked 
| 304|0x00000000d3000000, 0x00000000d3000000, 0x00000000d3100000|  0%| F|  |TAMS 0x00000000d3000000, 0x00000000d3000000| Untracked 
| 305|0x00000000d3100000, 0x00000000d3100000, 0x00000000d3200000|  0%| F|  |TAMS 0x00000000d3100000, 0x00000000d3100000| Untracked 
| 306|0x00000000d3200000, 0x00000000d3200000, 0x00000000d3300000|  0%| F|  |TAMS 0x00000000d3200000, 0x00000000d3200000| Untracked 
| 307|0x00000000d3300000, 0x00000000d3300000, 0x00000000d3400000|  0%| F|  |TAMS 0x00000000d3300000, 0x00000000d3300000| Untracked 
| 308|0x00000000d3400000, 0x00000000d3400000, 0x00000000d3500000|  0%| F|  |TAMS 0x00000000d3400000, 0x00000000d3400000| Untracked 
| 309|0x00000000d3500000, 0x00000000d3500000, 0x00000000d3600000|  0%| F|  |TAMS 0x00000000d3500000, 0x00000000d3500000| Untracked 
| 310|0x00000000d3600000, 0x00000000d3600000, 0x00000000d3700000|  0%| F|  |TAMS 0x00000000d3600000, 0x00000000d3600000| Untracked 
| 311|0x00000000d3700000, 0x00000000d3700000, 0x00000000d3800000|  0%| F|  |TAMS 0x00000000d3700000, 0x00000000d3700000| Untracked 
| 312|0x00000000d3800000, 0x00000000d3800000, 0x00000000d3900000|  0%| F|  |TAMS 0x00000000d3800000, 0x00000000d3800000| Untracked 
| 313|0x00000000d3900000, 0x00000000d3900000, 0x00000000d3a00000|  0%| F|  |TAMS 0x00000000d3900000, 0x00000000d3900000| Untracked 
| 314|0x00000000d3a00000, 0x00000000d3a00000, 0x00000000d3b00000|  0%| F|  |TAMS 0x00000000d3a00000, 0x00000000d3a00000| Untracked 
| 315|0x00000000d3b00000, 0x00000000d3b00000, 0x00000000d3c00000|  0%| F|  |TAMS 0x00000000d3b00000, 0x00000000d3b00000| Untracked 
| 316|0x00000000d3c00000, 0x00000000d3c00000, 0x00000000d3d00000|  0%| F|  |TAMS 0x00000000d3c00000, 0x00000000d3c00000| Untracked 
| 317|0x00000000d3d00000, 0x00000000d3d00000, 0x00000000d3e00000|  0%| F|  |TAMS 0x00000000d3d00000, 0x00000000d3d00000| Untracked 
| 318|0x00000000d3e00000, 0x00000000d3e00000, 0x00000000d3f00000|  0%| F|  |TAMS 0x00000000d3e00000, 0x00000000d3e00000| Untracked 
| 319|0x00000000d3f00000, 0x00000000d3f00000, 0x00000000d4000000|  0%| F|  |TAMS 0x00000000d3f00000, 0x00000000d3f00000| Untracked 
| 320|0x00000000d4000000, 0x00000000d4000000, 0x00000000d4100000|  0%| F|  |TAMS 0x00000000d4000000, 0x00000000d4000000| Untracked 
| 321|0x00000000d4100000, 0x00000000d4100000, 0x00000000d4200000|  0%| F|  |TAMS 0x00000000d4100000, 0x00000000d4100000| Untracked 
| 322|0x00000000d4200000, 0x00000000d4200000, 0x00000000d4300000|  0%| F|  |TAMS 0x00000000d4200000, 0x00000000d4200000| Untracked 
| 323|0x00000000d4300000, 0x00000000d4300000, 0x00000000d4400000|  0%| F|  |TAMS 0x00000000d4300000, 0x00000000d4300000| Untracked 
| 324|0x00000000d4400000, 0x00000000d4400000, 0x00000000d4500000|  0%| F|  |TAMS 0x00000000d4400000, 0x00000000d4400000| Untracked 
| 325|0x00000000d4500000, 0x00000000d4500000, 0x00000000d4600000|  0%| F|  |TAMS 0x00000000d4500000, 0x00000000d4500000| Untracked 
| 326|0x00000000d4600000, 0x00000000d4600000, 0x00000000d4700000|  0%| F|  |TAMS 0x00000000d4600000, 0x00000000d4600000| Untracked 
| 327|0x00000000d4700000, 0x00000000d4700000, 0x00000000d4800000|  0%| F|  |TAMS 0x00000000d4700000, 0x00000000d4700000| Untracked 
| 328|0x00000000d4800000, 0x00000000d4900000, 0x00000000d4900000|100%|HS|  |TAMS 0x00000000d4900000, 0x00000000d4900000| Untracked 
| 329|0x00000000d4900000, 0x00000000d4a00000, 0x00000000d4a00000|100%|HC|  |TAMS 0x00000000d4a00000, 0x00000000d4a00000| Untracked 
| 330|0x00000000d4a00000, 0x00000000d4b00000, 0x00000000d4b00000|100%|HC|  |TAMS 0x00000000d4b00000, 0x00000000d4b00000| Untracked 
| 331|0x00000000d4b00000, 0x00000000d4c00000, 0x00000000d4c00000|100%|HC|  |TAMS 0x00000000d4c00000, 0x00000000d4c00000| Untracked 
| 332|0x00000000d4c00000, 0x00000000d4d00000, 0x00000000d4d00000|100%|HC|  |TAMS 0x00000000d4d00000, 0x00000000d4d00000| Untracked 
| 333|0x00000000d4d00000, 0x00000000d4e00000, 0x00000000d4e00000|100%|HC|  |TAMS 0x00000000d4e00000, 0x00000000d4e00000| Untracked 
| 334|0x00000000d4e00000, 0x00000000d4f00000, 0x00000000d4f00000|100%|HC|  |TAMS 0x00000000d4f00000, 0x00000000d4f00000| Untracked 
| 335|0x00000000d4f00000, 0x00000000d5000000, 0x00000000d5000000|100%|HC|  |TAMS 0x00000000d5000000, 0x00000000d5000000| Untracked 
| 336|0x00000000d5000000, 0x00000000d5100000, 0x00000000d5100000|100%|HC|  |TAMS 0x00000000d5100000, 0x00000000d5100000| Untracked 
| 337|0x00000000d5100000, 0x00000000d5200000, 0x00000000d5200000|100%|HC|  |TAMS 0x00000000d5200000, 0x00000000d5200000| Untracked 
| 338|0x00000000d5200000, 0x00000000d5300000, 0x00000000d5300000|100%|HC|  |TAMS 0x00000000d5300000, 0x00000000d5300000| Untracked 
| 339|0x00000000d5300000, 0x00000000d5400000, 0x00000000d5400000|100%|HC|  |TAMS 0x00000000d5400000, 0x00000000d5400000| Untracked 
| 340|0x00000000d5400000, 0x00000000d5500000, 0x00000000d5500000|100%|HC|  |TAMS 0x00000000d5500000, 0x00000000d5500000| Untracked 
| 341|0x00000000d5500000, 0x00000000d5600000, 0x00000000d5600000|100%|HC|  |TAMS 0x00000000d5600000, 0x00000000d5600000| Untracked 
| 342|0x00000000d5600000, 0x00000000d5700000, 0x00000000d5700000|100%|HC|  |TAMS 0x00000000d5700000, 0x00000000d5700000| Untracked 
| 343|0x00000000d5700000, 0x00000000d5800000, 0x00000000d5800000|100%|HC|  |TAMS 0x00000000d5800000, 0x00000000d5800000| Untracked 
| 344|0x00000000d5800000, 0x00000000d5900000, 0x00000000d5900000|100%|HC|  |TAMS 0x00000000d5900000, 0x00000000d5900000| Untracked 
| 345|0x00000000d5900000, 0x00000000d5a00000, 0x00000000d5a00000|100%|HC|  |TAMS 0x00000000d5a00000, 0x00000000d5a00000| Untracked 
| 346|0x00000000d5a00000, 0x00000000d5b00000, 0x00000000d5b00000|100%|HC|  |TAMS 0x00000000d5b00000, 0x00000000d5b00000| Untracked 
| 347|0x00000000d5b00000, 0x00000000d5c00000, 0x00000000d5c00000|100%|HC|  |TAMS 0x00000000d5c00000, 0x00000000d5c00000| Untracked 
| 348|0x00000000d5c00000, 0x00000000d5d00000, 0x00000000d5d00000|100%|HC|  |TAMS 0x00000000d5d00000, 0x00000000d5d00000| Untracked 
| 349|0x00000000d5d00000, 0x00000000d5e00000, 0x00000000d5e00000|100%|HC|  |TAMS 0x00000000d5e00000, 0x00000000d5e00000| Untracked 
| 350|0x00000000d5e00000, 0x00000000d5f00000, 0x00000000d5f00000|100%|HC|  |TAMS 0x00000000d5f00000, 0x00000000d5f00000| Untracked 
| 351|0x00000000d5f00000, 0x00000000d6000000, 0x00000000d6000000|100%|HC|  |TAMS 0x00000000d6000000, 0x00000000d6000000| Untracked 
| 352|0x00000000d6000000, 0x00000000d6100000, 0x00000000d6100000|100%|HC|  |TAMS 0x00000000d6100000, 0x00000000d6100000| Untracked 
| 353|0x00000000d6100000, 0x00000000d6200000, 0x00000000d6200000|100%|HC|  |TAMS 0x00000000d6200000, 0x00000000d6200000| Untracked 
| 354|0x00000000d6200000, 0x00000000d6300000, 0x00000000d6300000|100%|HC|  |TAMS 0x00000000d6300000, 0x00000000d6300000| Untracked 
| 355|0x00000000d6300000, 0x00000000d6400000, 0x00000000d6400000|100%|HC|  |TAMS 0x00000000d6400000, 0x00000000d6400000| Untracked 
| 356|0x00000000d6400000, 0x00000000d6500000, 0x00000000d6500000|100%|HC|  |TAMS 0x00000000d6500000, 0x00000000d6500000| Untracked 
| 357|0x00000000d6500000, 0x00000000d6600000, 0x00000000d6600000|100%|HC|  |TAMS 0x00000000d6600000, 0x00000000d6600000| Untracked 
| 358|0x00000000d6600000, 0x00000000d6700000, 0x00000000d6700000|100%|HC|  |TAMS 0x00000000d6700000, 0x00000000d6700000| Untracked 
| 359|0x00000000d6700000, 0x00000000d6800000, 0x00000000d6800000|100%|HC|  |TAMS 0x00000000d6800000, 0x00000000d6800000| Untracked 
| 360|0x00000000d6800000, 0x00000000d6900000, 0x00000000d6900000|100%|HC|  |TAMS 0x00000000d6900000, 0x00000000d6900000| Untracked 
| 361|0x00000000d6900000, 0x00000000d6a00000, 0x00000000d6a00000|100%|HC|  |TAMS 0x00000000d6a00000, 0x00000000d6a00000| Untracked 
| 362|0x00000000d6a00000, 0x00000000d6b00000, 0x00000000d6b00000|100%|HC|  |TAMS 0x00000000d6b00000, 0x00000000d6b00000| Untracked 
| 363|0x00000000d6b00000, 0x00000000d6c00000, 0x00000000d6c00000|100%|HC|  |TAMS 0x00000000d6c00000, 0x00000000d6c00000| Untracked 
| 364|0x00000000d6c00000, 0x00000000d6d00000, 0x00000000d6d00000|100%|HC|  |TAMS 0x00000000d6d00000, 0x00000000d6d00000| Untracked 
| 365|0x00000000d6d00000, 0x00000000d6e00000, 0x00000000d6e00000|100%|HC|  |TAMS 0x00000000d6e00000, 0x00000000d6e00000| Untracked 
| 366|0x00000000d6e00000, 0x00000000d6f00000, 0x00000000d6f00000|100%|HC|  |TAMS 0x00000000d6f00000, 0x00000000d6f00000| Untracked 
| 367|0x00000000d6f00000, 0x00000000d7000000, 0x00000000d7000000|100%|HC|  |TAMS 0x00000000d7000000, 0x00000000d7000000| Untracked 
| 368|0x00000000d7000000, 0x00000000d7100000, 0x00000000d7100000|100%|HC|  |TAMS 0x00000000d7100000, 0x00000000d7100000| Untracked 
| 369|0x00000000d7100000, 0x00000000d7200000, 0x00000000d7200000|100%|HC|  |TAMS 0x00000000d7200000, 0x00000000d7200000| Untracked 
| 370|0x00000000d7200000, 0x00000000d7300000, 0x00000000d7300000|100%|HC|  |TAMS 0x00000000d7300000, 0x00000000d7300000| Untracked 
| 371|0x00000000d7300000, 0x00000000d7400000, 0x00000000d7400000|100%|HC|  |TAMS 0x00000000d7400000, 0x00000000d7400000| Untracked 
| 372|0x00000000d7400000, 0x00000000d7500000, 0x00000000d7500000|100%|HC|  |TAMS 0x00000000d7500000, 0x00000000d7500000| Untracked 
| 373|0x00000000d7500000, 0x00000000d7600000, 0x00000000d7600000|100%|HC|  |TAMS 0x00000000d7600000, 0x00000000d7600000| Untracked 
| 374|0x00000000d7600000, 0x00000000d7700000, 0x00000000d7700000|100%|HC|  |TAMS 0x00000000d7700000, 0x00000000d7700000| Untracked 
| 375|0x00000000d7700000, 0x00000000d7800000, 0x00000000d7800000|100%|HC|  |TAMS 0x00000000d7800000, 0x00000000d7800000| Untracked 
| 376|0x00000000d7800000, 0x00000000d7900000, 0x00000000d7900000|100%|HC|  |TAMS 0x00000000d7900000, 0x00000000d7900000| Untracked 
| 377|0x00000000d7900000, 0x00000000d7a00000, 0x00000000d7a00000|100%|HC|  |TAMS 0x00000000d7a00000, 0x00000000d7a00000| Untracked 
| 378|0x00000000d7a00000, 0x00000000d7b00000, 0x00000000d7b00000|100%|HC|  |TAMS 0x00000000d7b00000, 0x00000000d7b00000| Untracked 
| 379|0x00000000d7b00000, 0x00000000d7c00000, 0x00000000d7c00000|100%|HC|  |TAMS 0x00000000d7c00000, 0x00000000d7c00000| Untracked 
| 380|0x00000000d7c00000, 0x00000000d7d00000, 0x00000000d7d00000|100%|HC|  |TAMS 0x00000000d7d00000, 0x00000000d7d00000| Untracked 
| 381|0x00000000d7d00000, 0x00000000d7e00000, 0x00000000d7e00000|100%|HC|  |TAMS 0x00000000d7e00000, 0x00000000d7e00000| Untracked 
| 382|0x00000000d7e00000, 0x00000000d7f00000, 0x00000000d7f00000|100%|HC|  |TAMS 0x00000000d7f00000, 0x00000000d7f00000| Untracked 
| 383|0x00000000d7f00000, 0x00000000d8000000, 0x00000000d8000000|100%|HC|  |TAMS 0x00000000d8000000, 0x00000000d8000000| Untracked 
| 384|0x00000000d8000000, 0x00000000d8100000, 0x00000000d8100000|100%|HC|  |TAMS 0x00000000d8100000, 0x00000000d8100000| Untracked 
| 385|0x00000000d8100000, 0x00000000d8200000, 0x00000000d8200000|100%|HC|  |TAMS 0x00000000d8200000, 0x00000000d8200000| Untracked 
| 386|0x00000000d8200000, 0x00000000d8300000, 0x00000000d8300000|100%|HC|  |TAMS 0x00000000d8300000, 0x00000000d8300000| Untracked 
| 387|0x00000000d8300000, 0x00000000d8400000, 0x00000000d8400000|100%|HC|  |TAMS 0x00000000d8400000, 0x00000000d8400000| Untracked 
| 388|0x00000000d8400000, 0x00000000d8500000, 0x00000000d8500000|100%|HC|  |TAMS 0x00000000d8500000, 0x00000000d8500000| Untracked 
| 389|0x00000000d8500000, 0x00000000d8600000, 0x00000000d8600000|100%|HC|  |TAMS 0x00000000d8600000, 0x00000000d8600000| Untracked 
| 390|0x00000000d8600000, 0x00000000d8700000, 0x00000000d8700000|100%|HC|  |TAMS 0x00000000d8700000, 0x00000000d8700000| Untracked 
| 391|0x00000000d8700000, 0x00000000d8800000, 0x00000000d8800000|100%|HC|  |TAMS 0x00000000d8800000, 0x00000000d8800000| Untracked 
| 392|0x00000000d8800000, 0x00000000d8900000, 0x00000000d8900000|100%|HC|  |TAMS 0x00000000d8900000, 0x00000000d8900000| Untracked 
| 393|0x00000000d8900000, 0x00000000d8a00000, 0x00000000d8a00000|100%|HC|  |TAMS 0x00000000d8a00000, 0x00000000d8a00000| Untracked 
| 394|0x00000000d8a00000, 0x00000000d8b00000, 0x00000000d8b00000|100%|HC|  |TAMS 0x00000000d8b00000, 0x00000000d8b00000| Untracked 
| 395|0x00000000d8b00000, 0x00000000d8c00000, 0x00000000d8c00000|100%|HC|  |TAMS 0x00000000d8c00000, 0x00000000d8c00000| Untracked 
| 396|0x00000000d8c00000, 0x00000000d8d00000, 0x00000000d8d00000|100%|HC|  |TAMS 0x00000000d8d00000, 0x00000000d8d00000| Untracked 
| 397|0x00000000d8d00000, 0x00000000d8e00000, 0x00000000d8e00000|100%|HC|  |TAMS 0x00000000d8e00000, 0x00000000d8e00000| Untracked 
| 398|0x00000000d8e00000, 0x00000000d8f00000, 0x00000000d8f00000|100%|HC|  |TAMS 0x00000000d8f00000, 0x00000000d8f00000| Untracked 
| 399|0x00000000d8f00000, 0x00000000d9000000, 0x00000000d9000000|100%|HC|  |TAMS 0x00000000d9000000, 0x00000000d9000000| Untracked 
| 400|0x00000000d9000000, 0x00000000d9100000, 0x00000000d9100000|100%|HC|  |TAMS 0x00000000d9100000, 0x00000000d9100000| Untracked 
| 401|0x00000000d9100000, 0x00000000d9200000, 0x00000000d9200000|100%|HC|  |TAMS 0x00000000d9200000, 0x00000000d9200000| Untracked 
| 402|0x00000000d9200000, 0x00000000d9300000, 0x00000000d9300000|100%|HC|  |TAMS 0x00000000d9300000, 0x00000000d9300000| Untracked 
| 403|0x00000000d9300000, 0x00000000d9400000, 0x00000000d9400000|100%|HC|  |TAMS 0x00000000d9400000, 0x00000000d9400000| Untracked 
| 404|0x00000000d9400000, 0x00000000d9500000, 0x00000000d9500000|100%|HC|  |TAMS 0x00000000d9500000, 0x00000000d9500000| Untracked 
| 405|0x00000000d9500000, 0x00000000d9600000, 0x00000000d9600000|100%|HC|  |TAMS 0x00000000d9600000, 0x00000000d9600000| Untracked 
| 406|0x00000000d9600000, 0x00000000d9700000, 0x00000000d9700000|100%|HC|  |TAMS 0x00000000d9700000, 0x00000000d9700000| Untracked 
| 407|0x00000000d9700000, 0x00000000d9800000, 0x00000000d9800000|100%|HC|  |TAMS 0x00000000d9800000, 0x00000000d9800000| Untracked 
| 408|0x00000000d9800000, 0x00000000d9900000, 0x00000000d9900000|100%|HC|  |TAMS 0x00000000d9900000, 0x00000000d9900000| Untracked 
| 409|0x00000000d9900000, 0x00000000d9a00000, 0x00000000d9a00000|100%|HC|  |TAMS 0x00000000d9a00000, 0x00000000d9a00000| Untracked 
| 410|0x00000000d9a00000, 0x00000000d9b00000, 0x00000000d9b00000|100%|HC|  |TAMS 0x00000000d9b00000, 0x00000000d9b00000| Untracked 
| 411|0x00000000d9b00000, 0x00000000d9c00000, 0x00000000d9c00000|100%|HC|  |TAMS 0x00000000d9c00000, 0x00000000d9c00000| Untracked 
| 412|0x00000000d9c00000, 0x00000000d9d00000, 0x00000000d9d00000|100%|HC|  |TAMS 0x00000000d9d00000, 0x00000000d9d00000| Untracked 
| 413|0x00000000d9d00000, 0x00000000d9e00000, 0x00000000d9e00000|100%|HC|  |TAMS 0x00000000d9e00000, 0x00000000d9e00000| Untracked 
| 414|0x00000000d9e00000, 0x00000000d9f00000, 0x00000000d9f00000|100%|HC|  |TAMS 0x00000000d9f00000, 0x00000000d9f00000| Untracked 
| 415|0x00000000d9f00000, 0x00000000da000000, 0x00000000da000000|100%|HC|  |TAMS 0x00000000da000000, 0x00000000da000000| Untracked 
| 416|0x00000000da000000, 0x00000000da100000, 0x00000000da100000|100%|HC|  |TAMS 0x00000000da100000, 0x00000000da100000| Untracked 
| 417|0x00000000da100000, 0x00000000da200000, 0x00000000da200000|100%|HC|  |TAMS 0x00000000da200000, 0x00000000da200000| Untracked 
| 418|0x00000000da200000, 0x00000000da300000, 0x00000000da300000|100%|HC|  |TAMS 0x00000000da300000, 0x00000000da300000| Untracked 
| 419|0x00000000da300000, 0x00000000da400000, 0x00000000da400000|100%|HC|  |TAMS 0x00000000da400000, 0x00000000da400000| Untracked 
| 420|0x00000000da400000, 0x00000000da500000, 0x00000000da500000|100%|HC|  |TAMS 0x00000000da500000, 0x00000000da500000| Untracked 
| 421|0x00000000da500000, 0x00000000da600000, 0x00000000da600000|100%|HC|  |TAMS 0x00000000da600000, 0x00000000da600000| Untracked 
| 422|0x00000000da600000, 0x00000000da700000, 0x00000000da700000|100%|HC|  |TAMS 0x00000000da700000, 0x00000000da700000| Untracked 
| 423|0x00000000da700000, 0x00000000da800000, 0x00000000da800000|100%|HC|  |TAMS 0x00000000da800000, 0x00000000da800000| Untracked 
| 424|0x00000000da800000, 0x00000000da900000, 0x00000000da900000|100%|HC|  |TAMS 0x00000000da900000, 0x00000000da900000| Untracked 
| 425|0x00000000da900000, 0x00000000daa00000, 0x00000000daa00000|100%|HC|  |TAMS 0x00000000daa00000, 0x00000000daa00000| Untracked 
| 426|0x00000000daa00000, 0x00000000dab00000, 0x00000000dab00000|100%|HC|  |TAMS 0x00000000dab00000, 0x00000000dab00000| Untracked 
| 427|0x00000000dab00000, 0x00000000dac00000, 0x00000000dac00000|100%|HC|  |TAMS 0x00000000dac00000, 0x00000000dac00000| Untracked 
| 428|0x00000000dac00000, 0x00000000dad00000, 0x00000000dad00000|100%|HC|  |TAMS 0x00000000dad00000, 0x00000000dad00000| Untracked 
| 429|0x00000000dad00000, 0x00000000dae00000, 0x00000000dae00000|100%|HC|  |TAMS 0x00000000dae00000, 0x00000000dae00000| Untracked 
| 430|0x00000000dae00000, 0x00000000daf00000, 0x00000000daf00000|100%|HC|  |TAMS 0x00000000daf00000, 0x00000000daf00000| Untracked 
| 431|0x00000000daf00000, 0x00000000db000000, 0x00000000db000000|100%|HC|  |TAMS 0x00000000db000000, 0x00000000db000000| Untracked 
| 432|0x00000000db000000, 0x00000000db100000, 0x00000000db100000|100%|HC|  |TAMS 0x00000000db100000, 0x00000000db100000| Untracked 
| 433|0x00000000db100000, 0x00000000db200000, 0x00000000db200000|100%|HC|  |TAMS 0x00000000db200000, 0x00000000db200000| Untracked 
| 434|0x00000000db200000, 0x00000000db300000, 0x00000000db300000|100%|HC|  |TAMS 0x00000000db300000, 0x00000000db300000| Untracked 
| 435|0x00000000db300000, 0x00000000db400000, 0x00000000db400000|100%|HC|  |TAMS 0x00000000db400000, 0x00000000db400000| Untracked 
| 436|0x00000000db400000, 0x00000000db500000, 0x00000000db500000|100%|HC|  |TAMS 0x00000000db500000, 0x00000000db500000| Untracked 
| 437|0x00000000db500000, 0x00000000db600000, 0x00000000db600000|100%|HC|  |TAMS 0x00000000db600000, 0x00000000db600000| Untracked 
| 438|0x00000000db600000, 0x00000000db700000, 0x00000000db700000|100%|HC|  |TAMS 0x00000000db700000, 0x00000000db700000| Untracked 
| 439|0x00000000db700000, 0x00000000db800000, 0x00000000db800000|100%|HC|  |TAMS 0x00000000db800000, 0x00000000db800000| Untracked 
| 440|0x00000000db800000, 0x00000000db900000, 0x00000000db900000|100%|HC|  |TAMS 0x00000000db900000, 0x00000000db900000| Untracked 
| 441|0x00000000db900000, 0x00000000dba00000, 0x00000000dba00000|100%|HC|  |TAMS 0x00000000dba00000, 0x00000000dba00000| Untracked 
| 442|0x00000000dba00000, 0x00000000dbb00000, 0x00000000dbb00000|100%|HC|  |TAMS 0x00000000dbb00000, 0x00000000dbb00000| Untracked 
| 443|0x00000000dbb00000, 0x00000000dbc00000, 0x00000000dbc00000|100%|HC|  |TAMS 0x00000000dbc00000, 0x00000000dbc00000| Untracked 
| 444|0x00000000dbc00000, 0x00000000dbd00000, 0x00000000dbd00000|100%|HC|  |TAMS 0x00000000dbd00000, 0x00000000dbd00000| Untracked 
| 445|0x00000000dbd00000, 0x00000000dbe00000, 0x00000000dbe00000|100%|HC|  |TAMS 0x00000000dbe00000, 0x00000000dbe00000| Untracked 
| 446|0x00000000dbe00000, 0x00000000dbf00000, 0x00000000dbf00000|100%|HC|  |TAMS 0x00000000dbf00000, 0x00000000dbf00000| Untracked 
| 447|0x00000000dbf00000, 0x00000000dc000000, 0x00000000dc000000|100%|HC|  |TAMS 0x00000000dc000000, 0x00000000dc000000| Untracked 
| 448|0x00000000dc000000, 0x00000000dc100000, 0x00000000dc100000|100%|HC|  |TAMS 0x00000000dc100000, 0x00000000dc100000| Untracked 
| 449|0x00000000dc100000, 0x00000000dc200000, 0x00000000dc200000|100%|HC|  |TAMS 0x00000000dc200000, 0x00000000dc200000| Untracked 
| 450|0x00000000dc200000, 0x00000000dc300000, 0x00000000dc300000|100%|HC|  |TAMS 0x00000000dc300000, 0x00000000dc300000| Untracked 
| 451|0x00000000dc300000, 0x00000000dc400000, 0x00000000dc400000|100%|HC|  |TAMS 0x00000000dc400000, 0x00000000dc400000| Untracked 
| 452|0x00000000dc400000, 0x00000000dc500000, 0x00000000dc500000|100%|HC|  |TAMS 0x00000000dc500000, 0x00000000dc500000| Untracked 
| 453|0x00000000dc500000, 0x00000000dc600000, 0x00000000dc600000|100%|HC|  |TAMS 0x00000000dc600000, 0x00000000dc600000| Untracked 
| 454|0x00000000dc600000, 0x00000000dc700000, 0x00000000dc700000|100%|HC|  |TAMS 0x00000000dc700000, 0x00000000dc700000| Untracked 
| 455|0x00000000dc700000, 0x00000000dc800000, 0x00000000dc800000|100%|HC|  |TAMS 0x00000000dc800000, 0x00000000dc800000| Untracked 
| 456|0x00000000dc800000, 0x00000000dc900000, 0x00000000dc900000|100%|HC|  |TAMS 0x00000000dc900000, 0x00000000dc900000| Untracked 
| 457|0x00000000dc900000, 0x00000000dca00000, 0x00000000dca00000|100%|HC|  |TAMS 0x00000000dca00000, 0x00000000dca00000| Untracked 
| 458|0x00000000dca00000, 0x00000000dcb00000, 0x00000000dcb00000|100%|HC|  |TAMS 0x00000000dcb00000, 0x00000000dcb00000| Untracked 
| 459|0x00000000dcb00000, 0x00000000dcc00000, 0x00000000dcc00000|100%|HC|  |TAMS 0x00000000dcc00000, 0x00000000dcc00000| Untracked 
| 460|0x00000000dcc00000, 0x00000000dcd00000, 0x00000000dcd00000|100%|HC|  |TAMS 0x00000000dcd00000, 0x00000000dcd00000| Untracked 
| 461|0x00000000dcd00000, 0x00000000dce00000, 0x00000000dce00000|100%|HC|  |TAMS 0x00000000dce00000, 0x00000000dce00000| Untracked 
| 462|0x00000000dce00000, 0x00000000dcf00000, 0x00000000dcf00000|100%|HC|  |TAMS 0x00000000dcf00000, 0x00000000dcf00000| Untracked 
| 463|0x00000000dcf00000, 0x00000000dd000000, 0x00000000dd000000|100%|HC|  |TAMS 0x00000000dd000000, 0x00000000dd000000| Untracked 
| 464|0x00000000dd000000, 0x00000000dd100000, 0x00000000dd100000|100%|HC|  |TAMS 0x00000000dd100000, 0x00000000dd100000| Untracked 
| 465|0x00000000dd100000, 0x00000000dd200000, 0x00000000dd200000|100%|HC|  |TAMS 0x00000000dd200000, 0x00000000dd200000| Untracked 
| 466|0x00000000dd200000, 0x00000000dd300000, 0x00000000dd300000|100%|HC|  |TAMS 0x00000000dd300000, 0x00000000dd300000| Untracked 
| 467|0x00000000dd300000, 0x00000000dd400000, 0x00000000dd400000|100%|HC|  |TAMS 0x00000000dd400000, 0x00000000dd400000| Untracked 
| 468|0x00000000dd400000, 0x00000000dd500000, 0x00000000dd500000|100%|HC|  |TAMS 0x00000000dd500000, 0x00000000dd500000| Untracked 
| 469|0x00000000dd500000, 0x00000000dd600000, 0x00000000dd600000|100%|HC|  |TAMS 0x00000000dd600000, 0x00000000dd600000| Untracked 
| 470|0x00000000dd600000, 0x00000000dd700000, 0x00000000dd700000|100%|HC|  |TAMS 0x00000000dd700000, 0x00000000dd700000| Untracked 
| 471|0x00000000dd700000, 0x00000000dd800000, 0x00000000dd800000|100%|HC|  |TAMS 0x00000000dd800000, 0x00000000dd800000| Untracked 
| 472|0x00000000dd800000, 0x00000000dd900000, 0x00000000dd900000|100%|HC|  |TAMS 0x00000000dd900000, 0x00000000dd900000| Untracked 
| 473|0x00000000dd900000, 0x00000000dda00000, 0x00000000dda00000|100%|HC|  |TAMS 0x00000000dda00000, 0x00000000dda00000| Untracked 
| 474|0x00000000dda00000, 0x00000000ddb00000, 0x00000000ddb00000|100%|HC|  |TAMS 0x00000000ddb00000, 0x00000000ddb00000| Untracked 
| 475|0x00000000ddb00000, 0x00000000ddc00000, 0x00000000ddc00000|100%|HC|  |TAMS 0x00000000ddc00000, 0x00000000ddc00000| Untracked 
| 476|0x00000000ddc00000, 0x00000000ddd00000, 0x00000000ddd00000|100%|HC|  |TAMS 0x00000000ddd00000, 0x00000000ddd00000| Untracked 
| 477|0x00000000ddd00000, 0x00000000dde00000, 0x00000000dde00000|100%|HC|  |TAMS 0x00000000dde00000, 0x00000000dde00000| Untracked 
| 478|0x00000000dde00000, 0x00000000ddf00000, 0x00000000ddf00000|100%|HC|  |TAMS 0x00000000ddf00000, 0x00000000ddf00000| Untracked 
| 479|0x00000000ddf00000, 0x00000000de000000, 0x00000000de000000|100%|HC|  |TAMS 0x00000000de000000, 0x00000000de000000| Untracked 
| 480|0x00000000de000000, 0x00000000de100000, 0x00000000de100000|100%|HC|  |TAMS 0x00000000de100000, 0x00000000de100000| Untracked 
| 481|0x00000000de100000, 0x00000000de200000, 0x00000000de200000|100%|HC|  |TAMS 0x00000000de200000, 0x00000000de200000| Untracked 
| 482|0x00000000de200000, 0x00000000de300000, 0x00000000de300000|100%|HC|  |TAMS 0x00000000de300000, 0x00000000de300000| Untracked 
| 483|0x00000000de300000, 0x00000000de400000, 0x00000000de400000|100%|HC|  |TAMS 0x00000000de400000, 0x00000000de400000| Untracked 
| 484|0x00000000de400000, 0x00000000de500000, 0x00000000de500000|100%|HC|  |TAMS 0x00000000de500000, 0x00000000de500000| Untracked 
| 485|0x00000000de500000, 0x00000000de600000, 0x00000000de600000|100%|HC|  |TAMS 0x00000000de600000, 0x00000000de600000| Untracked 
| 486|0x00000000de600000, 0x00000000de700000, 0x00000000de700000|100%|HC|  |TAMS 0x00000000de700000, 0x00000000de700000| Untracked 
| 487|0x00000000de700000, 0x00000000de800000, 0x00000000de800000|100%|HC|  |TAMS 0x00000000de800000, 0x00000000de800000| Untracked 
| 488|0x00000000de800000, 0x00000000de900000, 0x00000000de900000|100%|HC|  |TAMS 0x00000000de900000, 0x00000000de900000| Untracked 
| 489|0x00000000de900000, 0x00000000dea00000, 0x00000000dea00000|100%|HC|  |TAMS 0x00000000dea00000, 0x00000000dea00000| Untracked 
| 490|0x00000000dea00000, 0x00000000deb00000, 0x00000000deb00000|100%|HC|  |TAMS 0x00000000deb00000, 0x00000000deb00000| Untracked 
| 491|0x00000000deb00000, 0x00000000dec00000, 0x00000000dec00000|100%|HC|  |TAMS 0x00000000dec00000, 0x00000000dec00000| Untracked 
| 492|0x00000000dec00000, 0x00000000ded00000, 0x00000000ded00000|100%|HC|  |TAMS 0x00000000ded00000, 0x00000000ded00000| Untracked 
| 493|0x00000000ded00000, 0x00000000dee00000, 0x00000000dee00000|100%|HC|  |TAMS 0x00000000dee00000, 0x00000000dee00000| Untracked 
| 494|0x00000000dee00000, 0x00000000def00000, 0x00000000def00000|100%|HC|  |TAMS 0x00000000def00000, 0x00000000def00000| Untracked 
| 495|0x00000000def00000, 0x00000000df000000, 0x00000000df000000|100%|HC|  |TAMS 0x00000000df000000, 0x00000000df000000| Untracked 
| 496|0x00000000df000000, 0x00000000df100000, 0x00000000df100000|100%|HC|  |TAMS 0x00000000df100000, 0x00000000df100000| Untracked 
| 497|0x00000000df100000, 0x00000000df200000, 0x00000000df200000|100%|HC|  |TAMS 0x00000000df200000, 0x00000000df200000| Untracked 
| 498|0x00000000df200000, 0x00000000df300000, 0x00000000df300000|100%|HC|  |TAMS 0x00000000df300000, 0x00000000df300000| Untracked 
| 499|0x00000000df300000, 0x00000000df400000, 0x00000000df400000|100%|HC|  |TAMS 0x00000000df400000, 0x00000000df400000| Untracked 
| 500|0x00000000df400000, 0x00000000df500000, 0x00000000df500000|100%|HC|  |TAMS 0x00000000df500000, 0x00000000df500000| Untracked 
| 501|0x00000000df500000, 0x00000000df600000, 0x00000000df600000|100%|HC|  |TAMS 0x00000000df600000, 0x00000000df600000| Untracked 
| 502|0x00000000df600000, 0x00000000df700000, 0x00000000df700000|100%|HC|  |TAMS 0x00000000df700000, 0x00000000df700000| Untracked 
| 503|0x00000000df700000, 0x00000000df800000, 0x00000000df800000|100%|HC|  |TAMS 0x00000000df800000, 0x00000000df800000| Untracked 
| 504|0x00000000df800000, 0x00000000df900000, 0x00000000df900000|100%|HC|  |TAMS 0x00000000df900000, 0x00000000df900000| Untracked 
| 505|0x00000000df900000, 0x00000000dfa00000, 0x00000000dfa00000|100%|HC|  |TAMS 0x00000000dfa00000, 0x00000000dfa00000| Untracked 
| 506|0x00000000dfa00000, 0x00000000dfb00000, 0x00000000dfb00000|100%|HC|  |TAMS 0x00000000dfb00000, 0x00000000dfb00000| Untracked 
| 507|0x00000000dfb00000, 0x00000000dfc00000, 0x00000000dfc00000|100%|HS|  |TAMS 0x00000000dfb00000, 0x00000000dfc00000| Complete 
| 508|0x00000000dfc00000, 0x00000000dfd00000, 0x00000000dfd00000|100%|HC|  |TAMS 0x00000000dfc00000, 0x00000000dfd00000| Complete 
| 509|0x00000000dfd00000, 0x00000000dfe00000, 0x00000000dfe00000|100%|HC|  |TAMS 0x00000000dfd00000, 0x00000000dfe00000| Complete 
| 510|0x00000000dfe00000, 0x00000000dff00000, 0x00000000dff00000|100%|HC|  |TAMS 0x00000000dfe00000, 0x00000000dff00000| Complete 
| 511|0x00000000dff00000, 0x00000000e0000000, 0x00000000e0000000|100%|HC|  |TAMS 0x00000000dff00000, 0x00000000e0000000| Complete 
| 512|0x00000000e0000000, 0x00000000e0100000, 0x00000000e0100000|100%|HC|  |TAMS 0x00000000e0000000, 0x00000000e0100000| Complete 
| 513|0x00000000e0100000, 0x00000000e0200000, 0x00000000e0200000|100%|HC|  |TAMS 0x00000000e0100000, 0x00000000e0200000| Complete 
| 514|0x00000000e0200000, 0x00000000e0300000, 0x00000000e0300000|100%|HC|  |TAMS 0x00000000e0200000, 0x00000000e0300000| Complete 
| 515|0x00000000e0300000, 0x00000000e0400000, 0x00000000e0400000|100%|HC|  |TAMS 0x00000000e0300000, 0x00000000e0400000| Complete 
| 516|0x00000000e0400000, 0x00000000e0500000, 0x00000000e0500000|100%|HC|  |TAMS 0x00000000e0400000, 0x00000000e0500000| Complete 
| 517|0x00000000e0500000, 0x00000000e0600000, 0x00000000e0600000|100%|HC|  |TAMS 0x00000000e0500000, 0x00000000e0600000| Complete 
| 518|0x00000000e0600000, 0x00000000e0700000, 0x00000000e0700000|100%|HC|  |TAMS 0x00000000e0600000, 0x00000000e0700000| Complete 
| 519|0x00000000e0700000, 0x00000000e0800000, 0x00000000e0800000|100%|HC|  |TAMS 0x00000000e0700000, 0x00000000e0800000| Complete 
| 520|0x00000000e0800000, 0x00000000e0900000, 0x00000000e0900000|100%|HC|  |TAMS 0x00000000e0800000, 0x00000000e0900000| Complete 
| 521|0x00000000e0900000, 0x00000000e0a00000, 0x00000000e0a00000|100%|HC|  |TAMS 0x00000000e0900000, 0x00000000e0a00000| Complete 
| 522|0x00000000e0a00000, 0x00000000e0b00000, 0x00000000e0b00000|100%|HC|  |TAMS 0x00000000e0a00000, 0x00000000e0b00000| Complete 
| 523|0x00000000e0b00000, 0x00000000e0c00000, 0x00000000e0c00000|100%|HC|  |TAMS 0x00000000e0b00000, 0x00000000e0c00000| Complete 
| 524|0x00000000e0c00000, 0x00000000e0d00000, 0x00000000e0d00000|100%|HC|  |TAMS 0x00000000e0c00000, 0x00000000e0d00000| Complete 
| 525|0x00000000e0d00000, 0x00000000e0e00000, 0x00000000e0e00000|100%|HC|  |TAMS 0x00000000e0d00000, 0x00000000e0e00000| Complete 
| 526|0x00000000e0e00000, 0x00000000e0f00000, 0x00000000e0f00000|100%|HC|  |TAMS 0x00000000e0e00000, 0x00000000e0f00000| Complete 
| 527|0x00000000e0f00000, 0x00000000e1000000, 0x00000000e1000000|100%|HC|  |TAMS 0x00000000e0f00000, 0x00000000e1000000| Complete 
| 528|0x00000000e1000000, 0x00000000e1100000, 0x00000000e1100000|100%|HC|  |TAMS 0x00000000e1000000, 0x00000000e1100000| Complete 
| 529|0x00000000e1100000, 0x00000000e1200000, 0x00000000e1200000|100%|HC|  |TAMS 0x00000000e1100000, 0x00000000e1200000| Complete 
| 530|0x00000000e1200000, 0x00000000e1300000, 0x00000000e1300000|100%|HC|  |TAMS 0x00000000e1200000, 0x00000000e1300000| Complete 
| 531|0x00000000e1300000, 0x00000000e1400000, 0x00000000e1400000|100%|HC|  |TAMS 0x00000000e1300000, 0x00000000e1400000| Complete 
| 532|0x00000000e1400000, 0x00000000e1500000, 0x00000000e1500000|100%|HC|  |TAMS 0x00000000e1400000, 0x00000000e1500000| Complete 
| 533|0x00000000e1500000, 0x00000000e1600000, 0x00000000e1600000|100%|HC|  |TAMS 0x00000000e1500000, 0x00000000e1600000| Complete 
| 534|0x00000000e1600000, 0x00000000e1700000, 0x00000000e1700000|100%|HC|  |TAMS 0x00000000e1600000, 0x00000000e1700000| Complete 
| 535|0x00000000e1700000, 0x00000000e1800000, 0x00000000e1800000|100%|HC|  |TAMS 0x00000000e1700000, 0x00000000e1800000| Complete 
| 536|0x00000000e1800000, 0x00000000e1900000, 0x00000000e1900000|100%|HC|  |TAMS 0x00000000e1800000, 0x00000000e1900000| Complete 
| 537|0x00000000e1900000, 0x00000000e1a00000, 0x00000000e1a00000|100%|HC|  |TAMS 0x00000000e1900000, 0x00000000e1a00000| Complete 
| 538|0x00000000e1a00000, 0x00000000e1b00000, 0x00000000e1b00000|100%|HC|  |TAMS 0x00000000e1a00000, 0x00000000e1b00000| Complete 
| 539|0x00000000e1b00000, 0x00000000e1c00000, 0x00000000e1c00000|100%|HC|  |TAMS 0x00000000e1b00000, 0x00000000e1c00000| Complete 
| 540|0x00000000e1c00000, 0x00000000e1d00000, 0x00000000e1d00000|100%|HC|  |TAMS 0x00000000e1c00000, 0x00000000e1d00000| Complete 
| 541|0x00000000e1d00000, 0x00000000e1e00000, 0x00000000e1e00000|100%|HC|  |TAMS 0x00000000e1d00000, 0x00000000e1e00000| Complete 
| 542|0x00000000e1e00000, 0x00000000e1f00000, 0x00000000e1f00000|100%|HC|  |TAMS 0x00000000e1e00000, 0x00000000e1f00000| Complete 
| 543|0x00000000e1f00000, 0x00000000e2000000, 0x00000000e2000000|100%|HC|  |TAMS 0x00000000e1f00000, 0x00000000e2000000| Complete 
| 544|0x00000000e2000000, 0x00000000e2100000, 0x00000000e2100000|100%|HC|  |TAMS 0x00000000e2000000, 0x00000000e2100000| Complete 
| 545|0x00000000e2100000, 0x00000000e2200000, 0x00000000e2200000|100%|HC|  |TAMS 0x00000000e2100000, 0x00000000e2200000| Complete 
| 546|0x00000000e2200000, 0x00000000e2300000, 0x00000000e2300000|100%|HC|  |TAMS 0x00000000e2200000, 0x00000000e2300000| Complete 
| 547|0x00000000e2300000, 0x00000000e2400000, 0x00000000e2400000|100%|HC|  |TAMS 0x00000000e2300000, 0x00000000e2400000| Complete 
| 548|0x00000000e2400000, 0x00000000e2500000, 0x00000000e2500000|100%|HC|  |TAMS 0x00000000e2400000, 0x00000000e2500000| Complete 
| 549|0x00000000e2500000, 0x00000000e2600000, 0x00000000e2600000|100%|HC|  |TAMS 0x00000000e2500000, 0x00000000e2600000| Complete 
| 550|0x00000000e2600000, 0x00000000e2700000, 0x00000000e2700000|100%|HC|  |TAMS 0x00000000e2600000, 0x00000000e2700000| Complete 
| 551|0x00000000e2700000, 0x00000000e2800000, 0x00000000e2800000|100%|HC|  |TAMS 0x00000000e2700000, 0x00000000e2800000| Complete 
| 552|0x00000000e2800000, 0x00000000e2900000, 0x00000000e2900000|100%|HC|  |TAMS 0x00000000e2800000, 0x00000000e2900000| Complete 
| 553|0x00000000e2900000, 0x00000000e2a00000, 0x00000000e2a00000|100%|HC|  |TAMS 0x00000000e2900000, 0x00000000e2a00000| Complete 
| 554|0x00000000e2a00000, 0x00000000e2b00000, 0x00000000e2b00000|100%|HC|  |TAMS 0x00000000e2a00000, 0x00000000e2b00000| Complete 
| 555|0x00000000e2b00000, 0x00000000e2c00000, 0x00000000e2c00000|100%|HC|  |TAMS 0x00000000e2b00000, 0x00000000e2c00000| Complete 
| 556|0x00000000e2c00000, 0x00000000e2d00000, 0x00000000e2d00000|100%|HC|  |TAMS 0x00000000e2c00000, 0x00000000e2d00000| Complete 
| 557|0x00000000e2d00000, 0x00000000e2e00000, 0x00000000e2e00000|100%|HC|  |TAMS 0x00000000e2d00000, 0x00000000e2e00000| Complete 
| 558|0x00000000e2e00000, 0x00000000e2f00000, 0x00000000e2f00000|100%|HC|  |TAMS 0x00000000e2e00000, 0x00000000e2f00000| Complete 
| 559|0x00000000e2f00000, 0x00000000e3000000, 0x00000000e3000000|100%|HC|  |TAMS 0x00000000e2f00000, 0x00000000e3000000| Complete 
| 560|0x00000000e3000000, 0x00000000e3100000, 0x00000000e3100000|100%|HC|  |TAMS 0x00000000e3000000, 0x00000000e3100000| Complete 
| 561|0x00000000e3100000, 0x00000000e3200000, 0x00000000e3200000|100%|HC|  |TAMS 0x00000000e3100000, 0x00000000e3200000| Complete 
| 562|0x00000000e3200000, 0x00000000e3300000, 0x00000000e3300000|100%|HC|  |TAMS 0x00000000e3200000, 0x00000000e3300000| Complete 
| 563|0x00000000e3300000, 0x00000000e3400000, 0x00000000e3400000|100%|HC|  |TAMS 0x00000000e3300000, 0x00000000e3400000| Complete 
| 564|0x00000000e3400000, 0x00000000e3500000, 0x00000000e3500000|100%|HC|  |TAMS 0x00000000e3400000, 0x00000000e3500000| Complete 
| 565|0x00000000e3500000, 0x00000000e3600000, 0x00000000e3600000|100%|HC|  |TAMS 0x00000000e3500000, 0x00000000e3600000| Complete 
| 566|0x00000000e3600000, 0x00000000e3700000, 0x00000000e3700000|100%|HC|  |TAMS 0x00000000e3600000, 0x00000000e3700000| Complete 
| 567|0x00000000e3700000, 0x00000000e3800000, 0x00000000e3800000|100%|HC|  |TAMS 0x00000000e3700000, 0x00000000e3800000| Complete 
| 568|0x00000000e3800000, 0x00000000e3900000, 0x00000000e3900000|100%|HC|  |TAMS 0x00000000e3800000, 0x00000000e3900000| Complete 
| 569|0x00000000e3900000, 0x00000000e3a00000, 0x00000000e3a00000|100%|HC|  |TAMS 0x00000000e3900000, 0x00000000e3a00000| Complete 
| 570|0x00000000e3a00000, 0x00000000e3b00000, 0x00000000e3b00000|100%|HC|  |TAMS 0x00000000e3a00000, 0x00000000e3b00000| Complete 
| 571|0x00000000e3b00000, 0x00000000e3c00000, 0x00000000e3c00000|100%|HC|  |TAMS 0x00000000e3b00000, 0x00000000e3c00000| Complete 
| 572|0x00000000e3c00000, 0x00000000e3d00000, 0x00000000e3d00000|100%|HC|  |TAMS 0x00000000e3c00000, 0x00000000e3d00000| Complete 
| 573|0x00000000e3d00000, 0x00000000e3e00000, 0x00000000e3e00000|100%|HC|  |TAMS 0x00000000e3d00000, 0x00000000e3e00000| Complete 
| 574|0x00000000e3e00000, 0x00000000e3f00000, 0x00000000e3f00000|100%|HC|  |TAMS 0x00000000e3e00000, 0x00000000e3f00000| Complete 
| 575|0x00000000e3f00000, 0x00000000e4000000, 0x00000000e4000000|100%|HC|  |TAMS 0x00000000e3f00000, 0x00000000e4000000| Complete 
| 576|0x00000000e4000000, 0x00000000e4100000, 0x00000000e4100000|100%|HC|  |TAMS 0x00000000e4000000, 0x00000000e4100000| Complete 
| 577|0x00000000e4100000, 0x00000000e4200000, 0x00000000e4200000|100%|HC|  |TAMS 0x00000000e4100000, 0x00000000e4200000| Complete 
| 578|0x00000000e4200000, 0x00000000e4300000, 0x00000000e4300000|100%|HC|  |TAMS 0x00000000e4200000, 0x00000000e4300000| Complete 
| 579|0x00000000e4300000, 0x00000000e4400000, 0x00000000e4400000|100%|HC|  |TAMS 0x00000000e4300000, 0x00000000e4400000| Complete 
| 580|0x00000000e4400000, 0x00000000e4500000, 0x00000000e4500000|100%|HC|  |TAMS 0x00000000e4400000, 0x00000000e4500000| Complete 
| 581|0x00000000e4500000, 0x00000000e4600000, 0x00000000e4600000|100%|HC|  |TAMS 0x00000000e4500000, 0x00000000e4600000| Complete 
| 582|0x00000000e4600000, 0x00000000e4700000, 0x00000000e4700000|100%|HC|  |TAMS 0x00000000e4600000, 0x00000000e4700000| Complete 
| 583|0x00000000e4700000, 0x00000000e4800000, 0x00000000e4800000|100%|HC|  |TAMS 0x00000000e4700000, 0x00000000e4800000| Complete 
| 584|0x00000000e4800000, 0x00000000e4900000, 0x00000000e4900000|100%|HC|  |TAMS 0x00000000e4800000, 0x00000000e4900000| Complete 
| 585|0x00000000e4900000, 0x00000000e4a00000, 0x00000000e4a00000|100%|HC|  |TAMS 0x00000000e4900000, 0x00000000e4a00000| Complete 
| 586|0x00000000e4a00000, 0x00000000e4b00000, 0x00000000e4b00000|100%|HC|  |TAMS 0x00000000e4a00000, 0x00000000e4b00000| Complete 
| 587|0x00000000e4b00000, 0x00000000e4c00000, 0x00000000e4c00000|100%|HC|  |TAMS 0x00000000e4b00000, 0x00000000e4c00000| Complete 
| 588|0x00000000e4c00000, 0x00000000e4d00000, 0x00000000e4d00000|100%|HC|  |TAMS 0x00000000e4c00000, 0x00000000e4d00000| Complete 
| 589|0x00000000e4d00000, 0x00000000e4e00000, 0x00000000e4e00000|100%|HC|  |TAMS 0x00000000e4d00000, 0x00000000e4e00000| Complete 
| 590|0x00000000e4e00000, 0x00000000e4f00000, 0x00000000e4f00000|100%|HC|  |TAMS 0x00000000e4e00000, 0x00000000e4f00000| Complete 
| 591|0x00000000e4f00000, 0x00000000e5000000, 0x00000000e5000000|100%|HC|  |TAMS 0x00000000e4f00000, 0x00000000e5000000| Complete 
| 592|0x00000000e5000000, 0x00000000e5100000, 0x00000000e5100000|100%|HC|  |TAMS 0x00000000e5000000, 0x00000000e5100000| Complete 
| 593|0x00000000e5100000, 0x00000000e5200000, 0x00000000e5200000|100%|HC|  |TAMS 0x00000000e5100000, 0x00000000e5200000| Complete 
| 594|0x00000000e5200000, 0x00000000e5300000, 0x00000000e5300000|100%|HC|  |TAMS 0x00000000e5200000, 0x00000000e5300000| Complete 
| 595|0x00000000e5300000, 0x00000000e5400000, 0x00000000e5400000|100%|HC|  |TAMS 0x00000000e5300000, 0x00000000e5400000| Complete 
| 596|0x00000000e5400000, 0x00000000e5500000, 0x00000000e5500000|100%|HC|  |TAMS 0x00000000e5400000, 0x00000000e5500000| Complete 
| 597|0x00000000e5500000, 0x00000000e5600000, 0x00000000e5600000|100%|HC|  |TAMS 0x00000000e5500000, 0x00000000e5600000| Complete 
| 598|0x00000000e5600000, 0x00000000e5700000, 0x00000000e5700000|100%|HC|  |TAMS 0x00000000e5600000, 0x00000000e5700000| Complete 
| 599|0x00000000e5700000, 0x00000000e5800000, 0x00000000e5800000|100%|HC|  |TAMS 0x00000000e5700000, 0x00000000e5800000| Complete 
| 600|0x00000000e5800000, 0x00000000e5900000, 0x00000000e5900000|100%|HC|  |TAMS 0x00000000e5800000, 0x00000000e5900000| Complete 
| 601|0x00000000e5900000, 0x00000000e5a00000, 0x00000000e5a00000|100%|HC|  |TAMS 0x00000000e5900000, 0x00000000e5a00000| Complete 
| 602|0x00000000e5a00000, 0x00000000e5b00000, 0x00000000e5b00000|100%|HC|  |TAMS 0x00000000e5a00000, 0x00000000e5b00000| Complete 
| 603|0x00000000e5b00000, 0x00000000e5c00000, 0x00000000e5c00000|100%|HC|  |TAMS 0x00000000e5b00000, 0x00000000e5c00000| Complete 
| 604|0x00000000e5c00000, 0x00000000e5d00000, 0x00000000e5d00000|100%|HC|  |TAMS 0x00000000e5c00000, 0x00000000e5d00000| Complete 
| 605|0x00000000e5d00000, 0x00000000e5e00000, 0x00000000e5e00000|100%|HC|  |TAMS 0x00000000e5d00000, 0x00000000e5e00000| Complete 
| 606|0x00000000e5e00000, 0x00000000e5f00000, 0x00000000e5f00000|100%|HC|  |TAMS 0x00000000e5e00000, 0x00000000e5f00000| Complete 
| 607|0x00000000e5f00000, 0x00000000e6000000, 0x00000000e6000000|100%|HC|  |TAMS 0x00000000e5f00000, 0x00000000e6000000| Complete 
| 608|0x00000000e6000000, 0x00000000e6100000, 0x00000000e6100000|100%|HC|  |TAMS 0x00000000e6000000, 0x00000000e6100000| Complete 
| 609|0x00000000e6100000, 0x00000000e6200000, 0x00000000e6200000|100%|HC|  |TAMS 0x00000000e6100000, 0x00000000e6200000| Complete 
| 610|0x00000000e6200000, 0x00000000e6300000, 0x00000000e6300000|100%|HC|  |TAMS 0x00000000e6200000, 0x00000000e6300000| Complete 
| 611|0x00000000e6300000, 0x00000000e6400000, 0x00000000e6400000|100%|HC|  |TAMS 0x00000000e6300000, 0x00000000e6400000| Complete 
| 612|0x00000000e6400000, 0x00000000e6500000, 0x00000000e6500000|100%|HC|  |TAMS 0x00000000e6400000, 0x00000000e6500000| Complete 
| 613|0x00000000e6500000, 0x00000000e6600000, 0x00000000e6600000|100%|HC|  |TAMS 0x00000000e6500000, 0x00000000e6600000| Complete 
| 614|0x00000000e6600000, 0x00000000e6700000, 0x00000000e6700000|100%|HC|  |TAMS 0x00000000e6600000, 0x00000000e6700000| Complete 
| 615|0x00000000e6700000, 0x00000000e6800000, 0x00000000e6800000|100%|HC|  |TAMS 0x00000000e6700000, 0x00000000e6800000| Complete 
| 616|0x00000000e6800000, 0x00000000e6900000, 0x00000000e6900000|100%|HC|  |TAMS 0x00000000e6800000, 0x00000000e6900000| Complete 
| 617|0x00000000e6900000, 0x00000000e6a00000, 0x00000000e6a00000|100%|HC|  |TAMS 0x00000000e6900000, 0x00000000e6a00000| Complete 
| 618|0x00000000e6a00000, 0x00000000e6b00000, 0x00000000e6b00000|100%|HC|  |TAMS 0x00000000e6a00000, 0x00000000e6b00000| Complete 
| 619|0x00000000e6b00000, 0x00000000e6c00000, 0x00000000e6c00000|100%|HC|  |TAMS 0x00000000e6b00000, 0x00000000e6c00000| Complete 
| 620|0x00000000e6c00000, 0x00000000e6d00000, 0x00000000e6d00000|100%|HC|  |TAMS 0x00000000e6c00000, 0x00000000e6d00000| Complete 
| 621|0x00000000e6d00000, 0x00000000e6e00000, 0x00000000e6e00000|100%|HC|  |TAMS 0x00000000e6d00000, 0x00000000e6e00000| Complete 
| 622|0x00000000e6e00000, 0x00000000e6f00000, 0x00000000e6f00000|100%|HC|  |TAMS 0x00000000e6e00000, 0x00000000e6f00000| Complete 
| 623|0x00000000e6f00000, 0x00000000e7000000, 0x00000000e7000000|100%|HC|  |TAMS 0x00000000e6f00000, 0x00000000e7000000| Complete 
| 624|0x00000000e7000000, 0x00000000e7100000, 0x00000000e7100000|100%|HC|  |TAMS 0x00000000e7000000, 0x00000000e7100000| Complete 
| 625|0x00000000e7100000, 0x00000000e7200000, 0x00000000e7200000|100%|HC|  |TAMS 0x00000000e7100000, 0x00000000e7200000| Complete 
| 626|0x00000000e7200000, 0x00000000e7300000, 0x00000000e7300000|100%|HC|  |TAMS 0x00000000e7200000, 0x00000000e7300000| Complete 
| 627|0x00000000e7300000, 0x00000000e7400000, 0x00000000e7400000|100%|HC|  |TAMS 0x00000000e7300000, 0x00000000e7400000| Complete 
| 628|0x00000000e7400000, 0x00000000e7500000, 0x00000000e7500000|100%|HC|  |TAMS 0x00000000e7400000, 0x00000000e7500000| Complete 
| 629|0x00000000e7500000, 0x00000000e7600000, 0x00000000e7600000|100%|HC|  |TAMS 0x00000000e7500000, 0x00000000e7600000| Complete 
| 630|0x00000000e7600000, 0x00000000e7700000, 0x00000000e7700000|100%|HC|  |TAMS 0x00000000e7600000, 0x00000000e7700000| Complete 
| 631|0x00000000e7700000, 0x00000000e7800000, 0x00000000e7800000|100%|HC|  |TAMS 0x00000000e7700000, 0x00000000e7800000| Complete 
| 632|0x00000000e7800000, 0x00000000e7900000, 0x00000000e7900000|100%|HC|  |TAMS 0x00000000e7800000, 0x00000000e7900000| Complete 
| 633|0x00000000e7900000, 0x00000000e7a00000, 0x00000000e7a00000|100%|HC|  |TAMS 0x00000000e7900000, 0x00000000e7a00000| Complete 
| 634|0x00000000e7a00000, 0x00000000e7b00000, 0x00000000e7b00000|100%|HC|  |TAMS 0x00000000e7a00000, 0x00000000e7b00000| Complete 
| 635|0x00000000e7b00000, 0x00000000e7c00000, 0x00000000e7c00000|100%|HC|  |TAMS 0x00000000e7b00000, 0x00000000e7c00000| Complete 
| 636|0x00000000e7c00000, 0x00000000e7d00000, 0x00000000e7d00000|100%|HC|  |TAMS 0x00000000e7c00000, 0x00000000e7d00000| Complete 
| 637|0x00000000e7d00000, 0x00000000e7e00000, 0x00000000e7e00000|100%|HC|  |TAMS 0x00000000e7d00000, 0x00000000e7e00000| Complete 
| 638|0x00000000e7e00000, 0x00000000e7f00000, 0x00000000e7f00000|100%|HC|  |TAMS 0x00000000e7e00000, 0x00000000e7f00000| Complete 
| 639|0x00000000e7f00000, 0x00000000e8000000, 0x00000000e8000000|100%|HC|  |TAMS 0x00000000e7f00000, 0x00000000e8000000| Complete 
| 640|0x00000000e8000000, 0x00000000e8100000, 0x00000000e8100000|100%|HC|  |TAMS 0x00000000e8000000, 0x00000000e8100000| Complete 
| 641|0x00000000e8100000, 0x00000000e8200000, 0x00000000e8200000|100%|HC|  |TAMS 0x00000000e8100000, 0x00000000e8200000| Complete 
| 642|0x00000000e8200000, 0x00000000e8300000, 0x00000000e8300000|100%|HC|  |TAMS 0x00000000e8200000, 0x00000000e8300000| Complete 
| 643|0x00000000e8300000, 0x00000000e8400000, 0x00000000e8400000|100%|HC|  |TAMS 0x00000000e8300000, 0x00000000e8400000| Complete 
| 644|0x00000000e8400000, 0x00000000e8500000, 0x00000000e8500000|100%|HC|  |TAMS 0x00000000e8400000, 0x00000000e8500000| Complete 
| 645|0x00000000e8500000, 0x00000000e8600000, 0x00000000e8600000|100%|HC|  |TAMS 0x00000000e8500000, 0x00000000e8600000| Complete 
| 646|0x00000000e8600000, 0x00000000e8700000, 0x00000000e8700000|100%|HC|  |TAMS 0x00000000e8600000, 0x00000000e8700000| Complete 
| 647|0x00000000e8700000, 0x00000000e8800000, 0x00000000e8800000|100%|HC|  |TAMS 0x00000000e8700000, 0x00000000e8800000| Complete 
| 648|0x00000000e8800000, 0x00000000e8900000, 0x00000000e8900000|100%|HC|  |TAMS 0x00000000e8800000, 0x00000000e8900000| Complete 
| 649|0x00000000e8900000, 0x00000000e8a00000, 0x00000000e8a00000|100%|HC|  |TAMS 0x00000000e8900000, 0x00000000e8a00000| Complete 
| 650|0x00000000e8a00000, 0x00000000e8b00000, 0x00000000e8b00000|100%|HC|  |TAMS 0x00000000e8a00000, 0x00000000e8b00000| Complete 
| 651|0x00000000e8b00000, 0x00000000e8c00000, 0x00000000e8c00000|100%|HC|  |TAMS 0x00000000e8b00000, 0x00000000e8c00000| Complete 
| 652|0x00000000e8c00000, 0x00000000e8d00000, 0x00000000e8d00000|100%|HC|  |TAMS 0x00000000e8c00000, 0x00000000e8d00000| Complete 
| 653|0x00000000e8d00000, 0x00000000e8e00000, 0x00000000e8e00000|100%|HC|  |TAMS 0x00000000e8d00000, 0x00000000e8e00000| Complete 
| 654|0x00000000e8e00000, 0x00000000e8f00000, 0x00000000e8f00000|100%|HC|  |TAMS 0x00000000e8e00000, 0x00000000e8f00000| Complete 
| 655|0x00000000e8f00000, 0x00000000e9000000, 0x00000000e9000000|100%|HC|  |TAMS 0x00000000e8f00000, 0x00000000e9000000| Complete 
| 656|0x00000000e9000000, 0x00000000e9100000, 0x00000000e9100000|100%|HC|  |TAMS 0x00000000e9000000, 0x00000000e9100000| Complete 
| 657|0x00000000e9100000, 0x00000000e9200000, 0x00000000e9200000|100%|HC|  |TAMS 0x00000000e9100000, 0x00000000e9200000| Complete 
| 658|0x00000000e9200000, 0x00000000e9300000, 0x00000000e9300000|100%|HC|  |TAMS 0x00000000e9200000, 0x00000000e9300000| Complete 
| 659|0x00000000e9300000, 0x00000000e9400000, 0x00000000e9400000|100%|HC|  |TAMS 0x00000000e9300000, 0x00000000e9400000| Complete 
| 660|0x00000000e9400000, 0x00000000e9500000, 0x00000000e9500000|100%|HC|  |TAMS 0x00000000e9400000, 0x00000000e9500000| Complete 
| 661|0x00000000e9500000, 0x00000000e9600000, 0x00000000e9600000|100%|HC|  |TAMS 0x00000000e9500000, 0x00000000e9600000| Complete 
| 662|0x00000000e9600000, 0x00000000e9700000, 0x00000000e9700000|100%|HC|  |TAMS 0x00000000e9600000, 0x00000000e9700000| Complete 
| 663|0x00000000e9700000, 0x00000000e9800000, 0x00000000e9800000|100%|HC|  |TAMS 0x00000000e9700000, 0x00000000e9800000| Complete 
| 664|0x00000000e9800000, 0x00000000e9900000, 0x00000000e9900000|100%|HC|  |TAMS 0x00000000e9800000, 0x00000000e9900000| Complete 
| 665|0x00000000e9900000, 0x00000000e9a00000, 0x00000000e9a00000|100%|HC|  |TAMS 0x00000000e9900000, 0x00000000e9a00000| Complete 
| 666|0x00000000e9a00000, 0x00000000e9b00000, 0x00000000e9b00000|100%|HC|  |TAMS 0x00000000e9a00000, 0x00000000e9b00000| Complete 
| 667|0x00000000e9b00000, 0x00000000e9c00000, 0x00000000e9c00000|100%|HC|  |TAMS 0x00000000e9b00000, 0x00000000e9c00000| Complete 
| 668|0x00000000e9c00000, 0x00000000e9d00000, 0x00000000e9d00000|100%|HC|  |TAMS 0x00000000e9c00000, 0x00000000e9d00000| Complete 
| 669|0x00000000e9d00000, 0x00000000e9e00000, 0x00000000e9e00000|100%|HC|  |TAMS 0x00000000e9d00000, 0x00000000e9e00000| Complete 
| 670|0x00000000e9e00000, 0x00000000e9f00000, 0x00000000e9f00000|100%|HC|  |TAMS 0x00000000e9e00000, 0x00000000e9f00000| Complete 
| 671|0x00000000e9f00000, 0x00000000ea000000, 0x00000000ea000000|100%|HC|  |TAMS 0x00000000e9f00000, 0x00000000ea000000| Complete 
| 672|0x00000000ea000000, 0x00000000ea100000, 0x00000000ea100000|100%|HC|  |TAMS 0x00000000ea000000, 0x00000000ea100000| Complete 
| 673|0x00000000ea100000, 0x00000000ea200000, 0x00000000ea200000|100%|HC|  |TAMS 0x00000000ea100000, 0x00000000ea200000| Complete 
| 674|0x00000000ea200000, 0x00000000ea300000, 0x00000000ea300000|100%|HC|  |TAMS 0x00000000ea200000, 0x00000000ea300000| Complete 
| 675|0x00000000ea300000, 0x00000000ea400000, 0x00000000ea400000|100%|HC|  |TAMS 0x00000000ea300000, 0x00000000ea400000| Complete 
| 676|0x00000000ea400000, 0x00000000ea500000, 0x00000000ea500000|100%|HC|  |TAMS 0x00000000ea400000, 0x00000000ea500000| Complete 
| 677|0x00000000ea500000, 0x00000000ea600000, 0x00000000ea600000|100%|HC|  |TAMS 0x00000000ea500000, 0x00000000ea600000| Complete 
| 678|0x00000000ea600000, 0x00000000ea700000, 0x00000000ea700000|100%|HC|  |TAMS 0x00000000ea600000, 0x00000000ea700000| Complete 
| 679|0x00000000ea700000, 0x00000000ea800000, 0x00000000ea800000|100%|HC|  |TAMS 0x00000000ea700000, 0x00000000ea800000| Complete 
| 680|0x00000000ea800000, 0x00000000ea900000, 0x00000000ea900000|100%|HC|  |TAMS 0x00000000ea800000, 0x00000000ea900000| Complete 
| 681|0x00000000ea900000, 0x00000000eaa00000, 0x00000000eaa00000|100%|HC|  |TAMS 0x00000000ea900000, 0x00000000eaa00000| Complete 
| 682|0x00000000eaa00000, 0x00000000eab00000, 0x00000000eab00000|100%|HC|  |TAMS 0x00000000eaa00000, 0x00000000eab00000| Complete 
| 683|0x00000000eab00000, 0x00000000eac00000, 0x00000000eac00000|100%|HC|  |TAMS 0x00000000eab00000, 0x00000000eac00000| Complete 
| 684|0x00000000eac00000, 0x00000000ead00000, 0x00000000ead00000|100%|HC|  |TAMS 0x00000000eac00000, 0x00000000ead00000| Complete 
| 685|0x00000000ead00000, 0x00000000eae00000, 0x00000000eae00000|100%|HC|  |TAMS 0x00000000ead00000, 0x00000000eae00000| Complete 
| 686|0x00000000eae00000, 0x00000000eaf00000, 0x00000000eaf00000|100%|HC|  |TAMS 0x00000000eae00000, 0x00000000eaf00000| Complete 
| 687|0x00000000eaf00000, 0x00000000eb000000, 0x00000000eb000000|100%|HC|  |TAMS 0x00000000eaf00000, 0x00000000eb000000| Complete 
| 688|0x00000000eb000000, 0x00000000eb100000, 0x00000000eb100000|100%|HC|  |TAMS 0x00000000eb000000, 0x00000000eb100000| Complete 
| 689|0x00000000eb100000, 0x00000000eb200000, 0x00000000eb200000|100%|HC|  |TAMS 0x00000000eb100000, 0x00000000eb200000| Complete 
| 690|0x00000000eb200000, 0x00000000eb300000, 0x00000000eb300000|100%|HC|  |TAMS 0x00000000eb200000, 0x00000000eb300000| Complete 
| 691|0x00000000eb300000, 0x00000000eb400000, 0x00000000eb400000|100%|HC|  |TAMS 0x00000000eb300000, 0x00000000eb400000| Complete 
| 692|0x00000000eb400000, 0x00000000eb500000, 0x00000000eb500000|100%|HC|  |TAMS 0x00000000eb400000, 0x00000000eb500000| Complete 
| 693|0x00000000eb500000, 0x00000000eb600000, 0x00000000eb600000|100%|HC|  |TAMS 0x00000000eb500000, 0x00000000eb600000| Complete 
| 694|0x00000000eb600000, 0x00000000eb700000, 0x00000000eb700000|100%|HC|  |TAMS 0x00000000eb600000, 0x00000000eb700000| Complete 
| 695|0x00000000eb700000, 0x00000000eb800000, 0x00000000eb800000|100%|HC|  |TAMS 0x00000000eb700000, 0x00000000eb800000| Complete 
| 696|0x00000000eb800000, 0x00000000eb900000, 0x00000000eb900000|100%|HC|  |TAMS 0x00000000eb800000, 0x00000000eb900000| Complete 
| 697|0x00000000eb900000, 0x00000000eba00000, 0x00000000eba00000|100%|HC|  |TAMS 0x00000000eb900000, 0x00000000eba00000| Complete 
| 698|0x00000000eba00000, 0x00000000ebb00000, 0x00000000ebb00000|100%|HC|  |TAMS 0x00000000eba00000, 0x00000000ebb00000| Complete 
| 699|0x00000000ebb00000, 0x00000000ebc00000, 0x00000000ebc00000|100%|HC|  |TAMS 0x00000000ebb00000, 0x00000000ebc00000| Complete 
| 700|0x00000000ebc00000, 0x00000000ebd00000, 0x00000000ebd00000|100%|HC|  |TAMS 0x00000000ebc00000, 0x00000000ebd00000| Complete 
| 701|0x00000000ebd00000, 0x00000000ebe00000, 0x00000000ebe00000|100%|HC|  |TAMS 0x00000000ebd00000, 0x00000000ebe00000| Complete 
| 702|0x00000000ebe00000, 0x00000000ebf00000, 0x00000000ebf00000|100%|HC|  |TAMS 0x00000000ebe00000, 0x00000000ebf00000| Complete 
| 703|0x00000000ebf00000, 0x00000000ec000000, 0x00000000ec000000|100%|HC|  |TAMS 0x00000000ebf00000, 0x00000000ec000000| Complete 
| 704|0x00000000ec000000, 0x00000000ec100000, 0x00000000ec100000|100%|HC|  |TAMS 0x00000000ec000000, 0x00000000ec100000| Complete 
| 705|0x00000000ec100000, 0x00000000ec200000, 0x00000000ec200000|100%|HC|  |TAMS 0x00000000ec100000, 0x00000000ec200000| Complete 
| 706|0x00000000ec200000, 0x00000000ec300000, 0x00000000ec300000|100%|HC|  |TAMS 0x00000000ec200000, 0x00000000ec300000| Complete 
| 707|0x00000000ec300000, 0x00000000ec400000, 0x00000000ec400000|100%|HC|  |TAMS 0x00000000ec300000, 0x00000000ec400000| Complete 
| 708|0x00000000ec400000, 0x00000000ec500000, 0x00000000ec500000|100%|HC|  |TAMS 0x00000000ec400000, 0x00000000ec500000| Complete 
| 709|0x00000000ec500000, 0x00000000ec600000, 0x00000000ec600000|100%|HC|  |TAMS 0x00000000ec500000, 0x00000000ec600000| Complete 
| 710|0x00000000ec600000, 0x00000000ec700000, 0x00000000ec700000|100%|HC|  |TAMS 0x00000000ec600000, 0x00000000ec700000| Complete 
| 711|0x00000000ec700000, 0x00000000ec800000, 0x00000000ec800000|100%|HC|  |TAMS 0x00000000ec700000, 0x00000000ec800000| Complete 
| 712|0x00000000ec800000, 0x00000000ec900000, 0x00000000ec900000|100%|HC|  |TAMS 0x00000000ec800000, 0x00000000ec900000| Complete 
| 713|0x00000000ec900000, 0x00000000eca00000, 0x00000000eca00000|100%|HC|  |TAMS 0x00000000ec900000, 0x00000000eca00000| Complete 
| 714|0x00000000eca00000, 0x00000000ecb00000, 0x00000000ecb00000|100%|HC|  |TAMS 0x00000000eca00000, 0x00000000ecb00000| Complete 
| 715|0x00000000ecb00000, 0x00000000ecc00000, 0x00000000ecc00000|100%|HC|  |TAMS 0x00000000ecb00000, 0x00000000ecc00000| Complete 
| 716|0x00000000ecc00000, 0x00000000ecd00000, 0x00000000ecd00000|100%|HC|  |TAMS 0x00000000ecc00000, 0x00000000ecd00000| Complete 
| 717|0x00000000ecd00000, 0x00000000ece00000, 0x00000000ece00000|100%|HC|  |TAMS 0x00000000ecd00000, 0x00000000ece00000| Complete 
| 718|0x00000000ece00000, 0x00000000ecf00000, 0x00000000ecf00000|100%|HC|  |TAMS 0x00000000ece00000, 0x00000000ecf00000| Complete 
| 719|0x00000000ecf00000, 0x00000000ed000000, 0x00000000ed000000|100%|HC|  |TAMS 0x00000000ecf00000, 0x00000000ed000000| Complete 
| 720|0x00000000ed000000, 0x00000000ed100000, 0x00000000ed100000|100%|HC|  |TAMS 0x00000000ed000000, 0x00000000ed100000| Complete 
| 721|0x00000000ed100000, 0x00000000ed200000, 0x00000000ed200000|100%|HC|  |TAMS 0x00000000ed100000, 0x00000000ed200000| Complete 
| 722|0x00000000ed200000, 0x00000000ed300000, 0x00000000ed300000|100%|HC|  |TAMS 0x00000000ed200000, 0x00000000ed300000| Complete 
| 723|0x00000000ed300000, 0x00000000ed400000, 0x00000000ed400000|100%|HC|  |TAMS 0x00000000ed300000, 0x00000000ed400000| Complete 
| 724|0x00000000ed400000, 0x00000000ed500000, 0x00000000ed500000|100%|HC|  |TAMS 0x00000000ed400000, 0x00000000ed500000| Complete 
| 725|0x00000000ed500000, 0x00000000ed600000, 0x00000000ed600000|100%|HC|  |TAMS 0x00000000ed500000, 0x00000000ed600000| Complete 
| 726|0x00000000ed600000, 0x00000000ed700000, 0x00000000ed700000|100%|HC|  |TAMS 0x00000000ed600000, 0x00000000ed700000| Complete 
| 727|0x00000000ed700000, 0x00000000ed800000, 0x00000000ed800000|100%|HC|  |TAMS 0x00000000ed700000, 0x00000000ed800000| Complete 
| 728|0x00000000ed800000, 0x00000000ed900000, 0x00000000ed900000|100%|HC|  |TAMS 0x00000000ed800000, 0x00000000ed900000| Complete 
| 729|0x00000000ed900000, 0x00000000eda00000, 0x00000000eda00000|100%|HC|  |TAMS 0x00000000ed900000, 0x00000000eda00000| Complete 
| 730|0x00000000eda00000, 0x00000000edb00000, 0x00000000edb00000|100%|HC|  |TAMS 0x00000000eda00000, 0x00000000edb00000| Complete 
| 731|0x00000000edb00000, 0x00000000edc00000, 0x00000000edc00000|100%|HC|  |TAMS 0x00000000edb00000, 0x00000000edc00000| Complete 
| 732|0x00000000edc00000, 0x00000000edd00000, 0x00000000edd00000|100%|HC|  |TAMS 0x00000000edc00000, 0x00000000edd00000| Complete 
| 733|0x00000000edd00000, 0x00000000ede00000, 0x00000000ede00000|100%|HC|  |TAMS 0x00000000edd00000, 0x00000000ede00000| Complete 
| 734|0x00000000ede00000, 0x00000000edf00000, 0x00000000edf00000|100%|HC|  |TAMS 0x00000000ede00000, 0x00000000edf00000| Complete 
| 735|0x00000000edf00000, 0x00000000ee000000, 0x00000000ee000000|100%|HC|  |TAMS 0x00000000edf00000, 0x00000000ee000000| Complete 
| 736|0x00000000ee000000, 0x00000000ee100000, 0x00000000ee100000|100%|HC|  |TAMS 0x00000000ee000000, 0x00000000ee100000| Complete 
| 737|0x00000000ee100000, 0x00000000ee200000, 0x00000000ee200000|100%|HC|  |TAMS 0x00000000ee100000, 0x00000000ee200000| Complete 
| 738|0x00000000ee200000, 0x00000000ee300000, 0x00000000ee300000|100%|HC|  |TAMS 0x00000000ee200000, 0x00000000ee300000| Complete 
| 739|0x00000000ee300000, 0x00000000ee400000, 0x00000000ee400000|100%|HC|  |TAMS 0x00000000ee300000, 0x00000000ee400000| Complete 
| 740|0x00000000ee400000, 0x00000000ee500000, 0x00000000ee500000|100%|HC|  |TAMS 0x00000000ee400000, 0x00000000ee500000| Complete 
| 741|0x00000000ee500000, 0x00000000ee600000, 0x00000000ee600000|100%|HC|  |TAMS 0x00000000ee500000, 0x00000000ee600000| Complete 
| 742|0x00000000ee600000, 0x00000000ee700000, 0x00000000ee700000|100%|HC|  |TAMS 0x00000000ee600000, 0x00000000ee700000| Complete 
| 743|0x00000000ee700000, 0x00000000ee800000, 0x00000000ee800000|100%|HC|  |TAMS 0x00000000ee700000, 0x00000000ee800000| Complete 
| 744|0x00000000ee800000, 0x00000000ee900000, 0x00000000ee900000|100%|HC|  |TAMS 0x00000000ee800000, 0x00000000ee900000| Complete 
| 745|0x00000000ee900000, 0x00000000eea00000, 0x00000000eea00000|100%|HC|  |TAMS 0x00000000ee900000, 0x00000000eea00000| Complete 
| 746|0x00000000eea00000, 0x00000000eeb00000, 0x00000000eeb00000|100%|HC|  |TAMS 0x00000000eea00000, 0x00000000eeb00000| Complete 
| 747|0x00000000eeb00000, 0x00000000eec00000, 0x00000000eec00000|100%|HC|  |TAMS 0x00000000eeb00000, 0x00000000eec00000| Complete 
| 748|0x00000000eec00000, 0x00000000eed00000, 0x00000000eed00000|100%|HC|  |TAMS 0x00000000eec00000, 0x00000000eed00000| Complete 
| 749|0x00000000eed00000, 0x00000000eee00000, 0x00000000eee00000|100%|HC|  |TAMS 0x00000000eed00000, 0x00000000eee00000| Complete 
| 750|0x00000000eee00000, 0x00000000eef00000, 0x00000000eef00000|100%|HC|  |TAMS 0x00000000eee00000, 0x00000000eef00000| Complete 
| 751|0x00000000eef00000, 0x00000000ef000000, 0x00000000ef000000|100%|HC|  |TAMS 0x00000000eef00000, 0x00000000ef000000| Complete 
| 752|0x00000000ef000000, 0x00000000ef100000, 0x00000000ef100000|100%|HC|  |TAMS 0x00000000ef000000, 0x00000000ef100000| Complete 
| 753|0x00000000ef100000, 0x00000000ef200000, 0x00000000ef200000|100%|HC|  |TAMS 0x00000000ef100000, 0x00000000ef200000| Complete 
| 754|0x00000000ef200000, 0x00000000ef300000, 0x00000000ef300000|100%|HC|  |TAMS 0x00000000ef200000, 0x00000000ef300000| Complete 
| 755|0x00000000ef300000, 0x00000000ef400000, 0x00000000ef400000|100%|HC|  |TAMS 0x00000000ef300000, 0x00000000ef400000| Complete 
| 756|0x00000000ef400000, 0x00000000ef500000, 0x00000000ef500000|100%|HC|  |TAMS 0x00000000ef400000, 0x00000000ef500000| Complete 
| 757|0x00000000ef500000, 0x00000000ef600000, 0x00000000ef600000|100%|HC|  |TAMS 0x00000000ef500000, 0x00000000ef600000| Complete 
| 758|0x00000000ef600000, 0x00000000ef700000, 0x00000000ef700000|100%|HC|  |TAMS 0x00000000ef600000, 0x00000000ef700000| Complete 
| 759|0x00000000ef700000, 0x00000000ef800000, 0x00000000ef800000|100%|HC|  |TAMS 0x00000000ef700000, 0x00000000ef800000| Complete 
| 760|0x00000000ef800000, 0x00000000ef900000, 0x00000000ef900000|100%|HC|  |TAMS 0x00000000ef800000, 0x00000000ef900000| Complete 
| 761|0x00000000ef900000, 0x00000000efa00000, 0x00000000efa00000|100%|HC|  |TAMS 0x00000000ef900000, 0x00000000efa00000| Complete 
| 762|0x00000000efa00000, 0x00000000efb00000, 0x00000000efb00000|100%|HC|  |TAMS 0x00000000efa00000, 0x00000000efb00000| Complete 
| 763|0x00000000efb00000, 0x00000000efc00000, 0x00000000efc00000|100%|HC|  |TAMS 0x00000000efb00000, 0x00000000efc00000| Complete 
| 764|0x00000000efc00000, 0x00000000efd00000, 0x00000000efd00000|100%|HC|  |TAMS 0x00000000efc00000, 0x00000000efd00000| Complete 
| 765|0x00000000efd00000, 0x00000000efe00000, 0x00000000efe00000|100%|HC|  |TAMS 0x00000000efd00000, 0x00000000efe00000| Complete 
| 766|0x00000000efe00000, 0x00000000eff00000, 0x00000000eff00000|100%|HC|  |TAMS 0x00000000efe00000, 0x00000000eff00000| Complete 
| 767|0x00000000eff00000, 0x00000000f0000000, 0x00000000f0000000|100%|HC|  |TAMS 0x00000000eff00000, 0x00000000f0000000| Complete 
| 768|0x00000000f0000000, 0x00000000f0100000, 0x00000000f0100000|100%|HC|  |TAMS 0x00000000f0000000, 0x00000000f0100000| Complete 
| 769|0x00000000f0100000, 0x00000000f0200000, 0x00000000f0200000|100%|HC|  |TAMS 0x00000000f0100000, 0x00000000f0200000| Complete 
| 770|0x00000000f0200000, 0x00000000f0300000, 0x00000000f0300000|100%|HC|  |TAMS 0x00000000f0200000, 0x00000000f0300000| Complete 
| 771|0x00000000f0300000, 0x00000000f0400000, 0x00000000f0400000|100%|HC|  |TAMS 0x00000000f0300000, 0x00000000f0400000| Complete 
| 772|0x00000000f0400000, 0x00000000f0500000, 0x00000000f0500000|100%|HC|  |TAMS 0x00000000f0400000, 0x00000000f0500000| Complete 
| 773|0x00000000f0500000, 0x00000000f0600000, 0x00000000f0600000|100%|HC|  |TAMS 0x00000000f0500000, 0x00000000f0600000| Complete 
| 774|0x00000000f0600000, 0x00000000f0700000, 0x00000000f0700000|100%|HC|  |TAMS 0x00000000f0600000, 0x00000000f0700000| Complete 
| 775|0x00000000f0700000, 0x00000000f0700000, 0x00000000f0800000|  0%| F|  |TAMS 0x00000000f0700000, 0x00000000f0700000| Untracked 
| 776|0x00000000f0800000, 0x00000000f0800000, 0x00000000f0900000|  0%| F|  |TAMS 0x00000000f0800000, 0x00000000f0800000| Untracked 
| 777|0x00000000f0900000, 0x00000000f0900000, 0x00000000f0a00000|  0%| F|  |TAMS 0x00000000f0900000, 0x00000000f0900000| Untracked 
| 778|0x00000000f0a00000, 0x00000000f0a00000, 0x00000000f0b00000|  0%| F|  |TAMS 0x00000000f0a00000, 0x00000000f0a00000| Untracked 
| 779|0x00000000f0b00000, 0x00000000f0b00000, 0x00000000f0c00000|  0%| F|  |TAMS 0x00000000f0b00000, 0x00000000f0b00000| Untracked 
| 780|0x00000000f0c00000, 0x00000000f0c00000, 0x00000000f0d00000|  0%| F|  |TAMS 0x00000000f0c00000, 0x00000000f0c00000| Untracked 
| 781|0x00000000f0d00000, 0x00000000f0d00000, 0x00000000f0e00000|  0%| F|  |TAMS 0x00000000f0d00000, 0x00000000f0d00000| Untracked 
| 782|0x00000000f0e00000, 0x00000000f0e00000, 0x00000000f0f00000|  0%| F|  |TAMS 0x00000000f0e00000, 0x00000000f0e00000| Untracked 
| 783|0x00000000f0f00000, 0x00000000f0f00000, 0x00000000f1000000|  0%| F|  |TAMS 0x00000000f0f00000, 0x00000000f0f00000| Untracked 
| 784|0x00000000f1000000, 0x00000000f1000000, 0x00000000f1100000|  0%| F|  |TAMS 0x00000000f1000000, 0x00000000f1000000| Untracked 
| 785|0x00000000f1100000, 0x00000000f1100000, 0x00000000f1200000|  0%| F|  |TAMS 0x00000000f1100000, 0x00000000f1100000| Untracked 
| 786|0x00000000f1200000, 0x00000000f1200000, 0x00000000f1300000|  0%| F|  |TAMS 0x00000000f1200000, 0x00000000f1200000| Untracked 
| 787|0x00000000f1300000, 0x00000000f1300000, 0x00000000f1400000|  0%| F|  |TAMS 0x00000000f1300000, 0x00000000f1300000| Untracked 
| 788|0x00000000f1400000, 0x00000000f1400000, 0x00000000f1500000|  0%| F|  |TAMS 0x00000000f1400000, 0x00000000f1400000| Untracked 
| 789|0x00000000f1500000, 0x00000000f1500000, 0x00000000f1600000|  0%| F|  |TAMS 0x00000000f1500000, 0x00000000f1500000| Untracked 
| 790|0x00000000f1600000, 0x00000000f1600000, 0x00000000f1700000|  0%| F|  |TAMS 0x00000000f1600000, 0x00000000f1600000| Untracked 
| 791|0x00000000f1700000, 0x00000000f1700000, 0x00000000f1800000|  0%| F|  |TAMS 0x00000000f1700000, 0x00000000f1700000| Untracked 
| 792|0x00000000f1800000, 0x00000000f1800000, 0x00000000f1900000|  0%| F|  |TAMS 0x00000000f1800000, 0x00000000f1800000| Untracked 
| 793|0x00000000f1900000, 0x00000000f1900000, 0x00000000f1a00000|  0%| F|  |TAMS 0x00000000f1900000, 0x00000000f1900000| Untracked 
| 794|0x00000000f1a00000, 0x00000000f1a00000, 0x00000000f1b00000|  0%| F|  |TAMS 0x00000000f1a00000, 0x00000000f1a00000| Untracked 
| 795|0x00000000f1b00000, 0x00000000f1b00000, 0x00000000f1c00000|  0%| F|  |TAMS 0x00000000f1b00000, 0x00000000f1b00000| Untracked 
| 796|0x00000000f1c00000, 0x00000000f1c00000, 0x00000000f1d00000|  0%| F|  |TAMS 0x00000000f1c00000, 0x00000000f1c00000| Untracked 
| 797|0x00000000f1d00000, 0x00000000f1d00000, 0x00000000f1e00000|  0%| F|  |TAMS 0x00000000f1d00000, 0x00000000f1d00000| Untracked 
| 798|0x00000000f1e00000, 0x00000000f1e00000, 0x00000000f1f00000|  0%| F|  |TAMS 0x00000000f1e00000, 0x00000000f1e00000| Untracked 
| 799|0x00000000f1f00000, 0x00000000f1f00000, 0x00000000f2000000|  0%| F|  |TAMS 0x00000000f1f00000, 0x00000000f1f00000| Untracked 
| 800|0x00000000f2000000, 0x00000000f2000000, 0x00000000f2100000|  0%| F|  |TAMS 0x00000000f2000000, 0x00000000f2000000| Untracked 
| 801|0x00000000f2100000, 0x00000000f2100000, 0x00000000f2200000|  0%| F|  |TAMS 0x00000000f2100000, 0x00000000f2100000| Untracked 
| 802|0x00000000f2200000, 0x00000000f2200000, 0x00000000f2300000|  0%| F|  |TAMS 0x00000000f2200000, 0x00000000f2200000| Untracked 
| 803|0x00000000f2300000, 0x00000000f2300000, 0x00000000f2400000|  0%| F|  |TAMS 0x00000000f2300000, 0x00000000f2300000| Untracked 
| 804|0x00000000f2400000, 0x00000000f2400000, 0x00000000f2500000|  0%| F|  |TAMS 0x00000000f2400000, 0x00000000f2400000| Untracked 
| 805|0x00000000f2500000, 0x00000000f2500000, 0x00000000f2600000|  0%| F|  |TAMS 0x00000000f2500000, 0x00000000f2500000| Untracked 
| 806|0x00000000f2600000, 0x00000000f2600000, 0x00000000f2700000|  0%| F|  |TAMS 0x00000000f2600000, 0x00000000f2600000| Untracked 
| 807|0x00000000f2700000, 0x00000000f2700000, 0x00000000f2800000|  0%| F|  |TAMS 0x00000000f2700000, 0x00000000f2700000| Untracked 
| 808|0x00000000f2800000, 0x00000000f2800000, 0x00000000f2900000|  0%| F|  |TAMS 0x00000000f2800000, 0x00000000f2800000| Untracked 
| 809|0x00000000f2900000, 0x00000000f2900000, 0x00000000f2a00000|  0%| F|  |TAMS 0x00000000f2900000, 0x00000000f2900000| Untracked 
| 810|0x00000000f2a00000, 0x00000000f2a00000, 0x00000000f2b00000|  0%| F|  |TAMS 0x00000000f2a00000, 0x00000000f2a00000| Untracked 
| 811|0x00000000f2b00000, 0x00000000f2b00000, 0x00000000f2c00000|  0%| F|  |TAMS 0x00000000f2b00000, 0x00000000f2b00000| Untracked 
| 812|0x00000000f2c00000, 0x00000000f2c00000, 0x00000000f2d00000|  0%| F|  |TAMS 0x00000000f2c00000, 0x00000000f2c00000| Untracked 
| 813|0x00000000f2d00000, 0x00000000f2d00000, 0x00000000f2e00000|  0%| F|  |TAMS 0x00000000f2d00000, 0x00000000f2d00000| Untracked 
| 814|0x00000000f2e00000, 0x00000000f2e00000, 0x00000000f2f00000|  0%| F|  |TAMS 0x00000000f2e00000, 0x00000000f2e00000| Untracked 
| 815|0x00000000f2f00000, 0x00000000f2f00000, 0x00000000f3000000|  0%| F|  |TAMS 0x00000000f2f00000, 0x00000000f2f00000| Untracked 
| 816|0x00000000f3000000, 0x00000000f3000000, 0x00000000f3100000|  0%| F|  |TAMS 0x00000000f3000000, 0x00000000f3000000| Untracked 
| 817|0x00000000f3100000, 0x00000000f3100000, 0x00000000f3200000|  0%| F|  |TAMS 0x00000000f3100000, 0x00000000f3100000| Untracked 
| 818|0x00000000f3200000, 0x00000000f3200000, 0x00000000f3300000|  0%| F|  |TAMS 0x00000000f3200000, 0x00000000f3200000| Untracked 
| 819|0x00000000f3300000, 0x00000000f3300000, 0x00000000f3400000|  0%| F|  |TAMS 0x00000000f3300000, 0x00000000f3300000| Untracked 
| 820|0x00000000f3400000, 0x00000000f3400000, 0x00000000f3500000|  0%| F|  |TAMS 0x00000000f3400000, 0x00000000f3400000| Untracked 
| 821|0x00000000f3500000, 0x00000000f3500000, 0x00000000f3600000|  0%| F|  |TAMS 0x00000000f3500000, 0x00000000f3500000| Untracked 
| 822|0x00000000f3600000, 0x00000000f3600000, 0x00000000f3700000|  0%| F|  |TAMS 0x00000000f3600000, 0x00000000f3600000| Untracked 
| 823|0x00000000f3700000, 0x00000000f3700000, 0x00000000f3800000|  0%| F|  |TAMS 0x00000000f3700000, 0x00000000f3700000| Untracked 
| 824|0x00000000f3800000, 0x00000000f3800000, 0x00000000f3900000|  0%| F|  |TAMS 0x00000000f3800000, 0x00000000f3800000| Untracked 
| 825|0x00000000f3900000, 0x00000000f3900000, 0x00000000f3a00000|  0%| F|  |TAMS 0x00000000f3900000, 0x00000000f3900000| Untracked 
| 826|0x00000000f3a00000, 0x00000000f3a00000, 0x00000000f3b00000|  0%| F|  |TAMS 0x00000000f3a00000, 0x00000000f3a00000| Untracked 
| 827|0x00000000f3b00000, 0x00000000f3b00000, 0x00000000f3c00000|  0%| F|  |TAMS 0x00000000f3b00000, 0x00000000f3b00000| Untracked 
| 828|0x00000000f3c00000, 0x00000000f3c00000, 0x00000000f3d00000|  0%| F|  |TAMS 0x00000000f3c00000, 0x00000000f3c00000| Untracked 
| 829|0x00000000f3d00000, 0x00000000f3d00000, 0x00000000f3e00000|  0%| F|  |TAMS 0x00000000f3d00000, 0x00000000f3d00000| Untracked 
| 830|0x00000000f3e00000, 0x00000000f3e00000, 0x00000000f3f00000|  0%| F|  |TAMS 0x00000000f3e00000, 0x00000000f3e00000| Untracked 
| 831|0x00000000f3f00000, 0x00000000f3f00000, 0x00000000f4000000|  0%| F|  |TAMS 0x00000000f3f00000, 0x00000000f3f00000| Untracked 
| 832|0x00000000f4000000, 0x00000000f4000000, 0x00000000f4100000|  0%| F|  |TAMS 0x00000000f4000000, 0x00000000f4000000| Untracked 
| 833|0x00000000f4100000, 0x00000000f4100000, 0x00000000f4200000|  0%| F|  |TAMS 0x00000000f4100000, 0x00000000f4100000| Untracked 
| 834|0x00000000f4200000, 0x00000000f4200000, 0x00000000f4300000|  0%| F|  |TAMS 0x00000000f4200000, 0x00000000f4200000| Untracked 
| 835|0x00000000f4300000, 0x00000000f4300000, 0x00000000f4400000|  0%| F|  |TAMS 0x00000000f4300000, 0x00000000f4300000| Untracked 
| 836|0x00000000f4400000, 0x00000000f4400000, 0x00000000f4500000|  0%| F|  |TAMS 0x00000000f4400000, 0x00000000f4400000| Untracked 
| 837|0x00000000f4500000, 0x00000000f4500000, 0x00000000f4600000|  0%| F|  |TAMS 0x00000000f4500000, 0x00000000f4500000| Untracked 
| 838|0x00000000f4600000, 0x00000000f4600000, 0x00000000f4700000|  0%| F|  |TAMS 0x00000000f4600000, 0x00000000f4600000| Untracked 
| 839|0x00000000f4700000, 0x00000000f4700000, 0x00000000f4800000|  0%| F|  |TAMS 0x00000000f4700000, 0x00000000f4700000| Untracked 
| 840|0x00000000f4800000, 0x00000000f4800000, 0x00000000f4900000|  0%| F|  |TAMS 0x00000000f4800000, 0x00000000f4800000| Untracked 
| 841|0x00000000f4900000, 0x00000000f4900000, 0x00000000f4a00000|  0%| F|  |TAMS 0x00000000f4900000, 0x00000000f4900000| Untracked 
| 842|0x00000000f4a00000, 0x00000000f4a00000, 0x00000000f4b00000|  0%| F|  |TAMS 0x00000000f4a00000, 0x00000000f4a00000| Untracked 
| 843|0x00000000f4b00000, 0x00000000f4b00000, 0x00000000f4c00000|  0%| F|  |TAMS 0x00000000f4b00000, 0x00000000f4b00000| Untracked 
| 844|0x00000000f4c00000, 0x00000000f4c00000, 0x00000000f4d00000|  0%| F|  |TAMS 0x00000000f4c00000, 0x00000000f4c00000| Untracked 
| 845|0x00000000f4d00000, 0x00000000f4d00000, 0x00000000f4e00000|  0%| F|  |TAMS 0x00000000f4d00000, 0x00000000f4d00000| Untracked 
| 846|0x00000000f4e00000, 0x00000000f4e00000, 0x00000000f4f00000|  0%| F|  |TAMS 0x00000000f4e00000, 0x00000000f4e00000| Untracked 
| 847|0x00000000f4f00000, 0x00000000f4f00000, 0x00000000f5000000|  0%| F|  |TAMS 0x00000000f4f00000, 0x00000000f4f00000| Untracked 
| 848|0x00000000f5000000, 0x00000000f5000000, 0x00000000f5100000|  0%| F|  |TAMS 0x00000000f5000000, 0x00000000f5000000| Untracked 
| 849|0x00000000f5100000, 0x00000000f5100000, 0x00000000f5200000|  0%| F|  |TAMS 0x00000000f5100000, 0x00000000f5100000| Untracked 
| 850|0x00000000f5200000, 0x00000000f5200000, 0x00000000f5300000|  0%| F|  |TAMS 0x00000000f5200000, 0x00000000f5200000| Untracked 
| 851|0x00000000f5300000, 0x00000000f5300000, 0x00000000f5400000|  0%| F|  |TAMS 0x00000000f5300000, 0x00000000f5300000| Untracked 
| 852|0x00000000f5400000, 0x00000000f5400000, 0x00000000f5500000|  0%| F|  |TAMS 0x00000000f5400000, 0x00000000f5400000| Untracked 
| 853|0x00000000f5500000, 0x00000000f5500000, 0x00000000f5600000|  0%| F|  |TAMS 0x00000000f5500000, 0x00000000f5500000| Untracked 
| 854|0x00000000f5600000, 0x00000000f5600000, 0x00000000f5700000|  0%| F|  |TAMS 0x00000000f5600000, 0x00000000f5600000| Untracked 
| 855|0x00000000f5700000, 0x00000000f5700000, 0x00000000f5800000|  0%| F|  |TAMS 0x00000000f5700000, 0x00000000f5700000| Untracked 
| 856|0x00000000f5800000, 0x00000000f5800000, 0x00000000f5900000|  0%| F|  |TAMS 0x00000000f5800000, 0x00000000f5800000| Untracked 
| 857|0x00000000f5900000, 0x00000000f5900000, 0x00000000f5a00000|  0%| F|  |TAMS 0x00000000f5900000, 0x00000000f5900000| Untracked 
| 858|0x00000000f5a00000, 0x00000000f5a00000, 0x00000000f5b00000|  0%| F|  |TAMS 0x00000000f5a00000, 0x00000000f5a00000| Untracked 
| 859|0x00000000f5b00000, 0x00000000f5b00000, 0x00000000f5c00000|  0%| F|  |TAMS 0x00000000f5b00000, 0x00000000f5b00000| Untracked 
| 860|0x00000000f5c00000, 0x00000000f5c00000, 0x00000000f5d00000|  0%| F|  |TAMS 0x00000000f5c00000, 0x00000000f5c00000| Untracked 
| 861|0x00000000f5d00000, 0x00000000f5d00000, 0x00000000f5e00000|  0%| F|  |TAMS 0x00000000f5d00000, 0x00000000f5d00000| Untracked 
| 862|0x00000000f5e00000, 0x00000000f5e00000, 0x00000000f5f00000|  0%| F|  |TAMS 0x00000000f5e00000, 0x00000000f5e00000| Untracked 
| 863|0x00000000f5f00000, 0x00000000f5f00000, 0x00000000f6000000|  0%| F|  |TAMS 0x00000000f5f00000, 0x00000000f5f00000| Untracked 
| 864|0x00000000f6000000, 0x00000000f6000000, 0x00000000f6100000|  0%| F|  |TAMS 0x00000000f6000000, 0x00000000f6000000| Untracked 
| 865|0x00000000f6100000, 0x00000000f6100000, 0x00000000f6200000|  0%| F|  |TAMS 0x00000000f6100000, 0x00000000f6100000| Untracked 
| 866|0x00000000f6200000, 0x00000000f6200000, 0x00000000f6300000|  0%| F|  |TAMS 0x00000000f6200000, 0x00000000f6200000| Untracked 
| 867|0x00000000f6300000, 0x00000000f6300000, 0x00000000f6400000|  0%| F|  |TAMS 0x00000000f6300000, 0x00000000f6300000| Untracked 
| 868|0x00000000f6400000, 0x00000000f6400000, 0x00000000f6500000|  0%| F|  |TAMS 0x00000000f6400000, 0x00000000f6400000| Untracked 
| 869|0x00000000f6500000, 0x00000000f6500000, 0x00000000f6600000|  0%| F|  |TAMS 0x00000000f6500000, 0x00000000f6500000| Untracked 
| 870|0x00000000f6600000, 0x00000000f6600000, 0x00000000f6700000|  0%| F|  |TAMS 0x00000000f6600000, 0x00000000f6600000| Untracked 
| 871|0x00000000f6700000, 0x00000000f6700000, 0x00000000f6800000|  0%| F|  |TAMS 0x00000000f6700000, 0x00000000f6700000| Untracked 
| 872|0x00000000f6800000, 0x00000000f6800000, 0x00000000f6900000|  0%| F|  |TAMS 0x00000000f6800000, 0x00000000f6800000| Untracked 
| 873|0x00000000f6900000, 0x00000000f6900000, 0x00000000f6a00000|  0%| F|  |TAMS 0x00000000f6900000, 0x00000000f6900000| Untracked 
| 874|0x00000000f6a00000, 0x00000000f6a00000, 0x00000000f6b00000|  0%| F|  |TAMS 0x00000000f6a00000, 0x00000000f6a00000| Untracked 
| 875|0x00000000f6b00000, 0x00000000f6b00000, 0x00000000f6c00000|  0%| F|  |TAMS 0x00000000f6b00000, 0x00000000f6b00000| Untracked 
| 876|0x00000000f6c00000, 0x00000000f6c00000, 0x00000000f6d00000|  0%| F|  |TAMS 0x00000000f6c00000, 0x00000000f6c00000| Untracked 
| 877|0x00000000f6d00000, 0x00000000f6d00000, 0x00000000f6e00000|  0%| F|  |TAMS 0x00000000f6d00000, 0x00000000f6d00000| Untracked 
| 878|0x00000000f6e00000, 0x00000000f6e00000, 0x00000000f6f00000|  0%| F|  |TAMS 0x00000000f6e00000, 0x00000000f6e00000| Untracked 
| 879|0x00000000f6f00000, 0x00000000f6f00000, 0x00000000f7000000|  0%| F|  |TAMS 0x00000000f6f00000, 0x00000000f6f00000| Untracked 
| 880|0x00000000f7000000, 0x00000000f7000000, 0x00000000f7100000|  0%| F|  |TAMS 0x00000000f7000000, 0x00000000f7000000| Untracked 
| 881|0x00000000f7100000, 0x00000000f7100000, 0x00000000f7200000|  0%| F|  |TAMS 0x00000000f7100000, 0x00000000f7100000| Untracked 
| 882|0x00000000f7200000, 0x00000000f7200000, 0x00000000f7300000|  0%| F|  |TAMS 0x00000000f7200000, 0x00000000f7200000| Untracked 
| 883|0x00000000f7300000, 0x00000000f7300000, 0x00000000f7400000|  0%| F|  |TAMS 0x00000000f7300000, 0x00000000f7300000| Untracked 
| 884|0x00000000f7400000, 0x00000000f7400000, 0x00000000f7500000|  0%| F|  |TAMS 0x00000000f7400000, 0x00000000f7400000| Untracked 
| 885|0x00000000f7500000, 0x00000000f7500000, 0x00000000f7600000|  0%| F|  |TAMS 0x00000000f7500000, 0x00000000f7500000| Untracked 
| 886|0x00000000f7600000, 0x00000000f7600000, 0x00000000f7700000|  0%| F|  |TAMS 0x00000000f7600000, 0x00000000f7600000| Untracked 
| 887|0x00000000f7700000, 0x00000000f7700000, 0x00000000f7800000|  0%| F|  |TAMS 0x00000000f7700000, 0x00000000f7700000| Untracked 
| 888|0x00000000f7800000, 0x00000000f7800000, 0x00000000f7900000|  0%| F|  |TAMS 0x00000000f7800000, 0x00000000f7800000| Untracked 
| 889|0x00000000f7900000, 0x00000000f7900000, 0x00000000f7a00000|  0%| F|  |TAMS 0x00000000f7900000, 0x00000000f7900000| Untracked 
| 890|0x00000000f7a00000, 0x00000000f7a00000, 0x00000000f7b00000|  0%| F|  |TAMS 0x00000000f7a00000, 0x00000000f7a00000| Untracked 
| 891|0x00000000f7b00000, 0x00000000f7b00000, 0x00000000f7c00000|  0%| F|  |TAMS 0x00000000f7b00000, 0x00000000f7b00000| Untracked 
| 892|0x00000000f7c00000, 0x00000000f7c00000, 0x00000000f7d00000|  0%| F|  |TAMS 0x00000000f7c00000, 0x00000000f7c00000| Untracked 
| 893|0x00000000f7d00000, 0x00000000f7d00000, 0x00000000f7e00000|  0%| F|  |TAMS 0x00000000f7d00000, 0x00000000f7d00000| Untracked 
| 894|0x00000000f7e00000, 0x00000000f7e00000, 0x00000000f7f00000|  0%| F|  |TAMS 0x00000000f7e00000, 0x00000000f7e00000| Untracked 
| 895|0x00000000f7f00000, 0x00000000f7f00000, 0x00000000f8000000|  0%| F|  |TAMS 0x00000000f7f00000, 0x00000000f7f00000| Untracked 
| 896|0x00000000f8000000, 0x00000000f80ca9b0, 0x00000000f8100000| 79%| S|CS|TAMS 0x00000000f8000000, 0x00000000f8000000| Complete 

Card table byte_map: [0x000001a7e61c0000,0x000001a7e63c0000] _byte_map_base: 0x000001a7e5bc0000

Marking Bits (Prev, Next): (CMBitMap*) 0x000001a7d1b30ed0, (CMBitMap*) 0x000001a7d1b30f10
 Prev Bits: [0x000001a7e65c0000, 0x000001a7e75c0000)
 Next Bits: [0x000001a7e75c0000, 0x000001a7e85c0000)

Polling page: 0x000001a7cfab0000

Metaspace:

Usage:
  Non-class:     28.96 MB used.
      Class:      2.95 MB used.
       Both:     31.92 MB used.

Virtual space:
  Non-class space:       64.00 MB reserved,      29.75 MB ( 46%) committed,  1 nodes.
      Class space:        1.00 GB reserved,       3.44 MB ( <1%) committed,  1 nodes.
             Both:        1.06 GB reserved,      33.19 MB (  3%) committed. 

Chunk freelists:
   Non-Class:  2.05 MB
       Class:  710.00 KB
        Both:  2.74 MB

MaxMetaspaceSize: unlimited
CompressedClassSpaceSize: 1.00 GB
Initial GC threshold: 21.00 MB
Current GC threshold: 55.75 MB
CDS: on
MetaspaceReclaimPolicy: balanced
 - commit_granule_bytes: 65536.
 - commit_granule_words: 8192.
 - virtual_space_node_default_size: 8388608.
 - enlarge_chunks_in_place: 1.
 - new_chunks_are_fully_committed: 0.
 - uncommit_free_chunks: 1.
 - use_allocation_guard: 0.


Internal statistics:

num_allocs_failed_limit: 3.
num_arena_births: 1154.
num_arena_deaths: 560.
num_vsnodes_births: 2.
num_vsnodes_deaths: 0.
num_space_committed: 535.
num_space_uncommitted: 4.
num_chunks_returned_to_freelist: 735.
num_chunks_taken_from_freelist: 2763.
num_chunk_merges: 225.
num_chunk_splits: 1638.
num_chunks_enlarged: 914.
num_inconsistent_stats: 0.

CodeHeap 'non-profiled nmethods': size=120000Kb used=11981Kb max_used=11981Kb free=108018Kb
 bounds [0x000001a7dea90000, 0x000001a7df660000, 0x000001a7e5fc0000]
CodeHeap 'profiled nmethods': size=120000Kb used=17364Kb max_used=18447Kb free=102635Kb
 bounds [0x000001a7d6fc0000, 0x000001a7d8200000, 0x000001a7de4f0000]
CodeHeap 'non-nmethods': size=5760Kb used=1387Kb max_used=1448Kb free=4372Kb
 bounds [0x000001a7de4f0000, 0x000001a7de760000, 0x000001a7dea90000]
 total_blobs=9627 nmethods=9001 adapters=535
 compilation: enabled
              stopped_count=0, restarted_count=0
 full_count=0

Compilation events (20 events):
Event: 332287.974 Thread 0x000001a7eaa3a4c0 12868   !   3       org.python.pydev.pydev_lsp.PyDevTextDocumentService::registerDelayedCodeActionMarker (136 bytes)
Event: 332287.984 Thread 0x000001a7eaa3a4c0 nmethod 12868 0x000001a7d799c510 code [0x000001a7d799c760, 0x000001a7d799d1d8]
Event: 332352.525 Thread 0x000001a7eaa3a4c0 12869       3       org.eclipse.core.internal.resources.LocalMetaArea::getMarkersLocationFor (47 bytes)
Event: 332352.600 Thread 0x000001a7eaa3a4c0 nmethod 12869 0x000001a7d6ff4510 code [0x000001a7d6ff4760, 0x000001a7d6ff4f68]
Event: 332352.601 Thread 0x000001a7eaa3a4c0 12870       3       org.eclipse.core.internal.resources.LocalMetaArea::getSyncInfoLocationFor (47 bytes)
Event: 332352.603 Thread 0x000001a7eaa3a4c0 nmethod 12870 0x000001a7d702d890 code [0x000001a7d702dae0, 0x000001a7d702e2e8]
Event: 332418.773 Thread 0x000001a7eaa3a4c0 12871       3       sun.nio.fs.NativeBuffers$1::threadTerminated (34 bytes)
Event: 332418.809 Thread 0x000001a7eaa3a4c0 nmethod 12871 0x000001a7d77a8f10 code [0x000001a7d77a9120, 0x000001a7d77a9888]
Event: 332535.843 Thread 0x000001a7eaa3a4c0 12872       1       org.eclipse.core.internal.resources.refresh.win32.Win32Monitor$ChainedHandle::getNext (5 bytes)
Event: 332535.892 Thread 0x000001a7eaa3a4c0 nmethod 12872 0x000001a7def5d210 code [0x000001a7def5d3a0, 0x000001a7def5d458]
Event: 332757.298 Thread 0x000001a7eaa3a4c0 12874       3       java.util.concurrent.CompletableFuture$AltResult::<init> (10 bytes)
Event: 332757.347 Thread 0x000001a7eaa3a4c0 nmethod 12874 0x000001a7d78c0590 code [0x000001a7d78c0740, 0x000001a7d78c08f8]
Event: 332757.347 Thread 0x000001a7eaa3a4c0 12875       3       org.python.pydev.core.wrap_paragraph.Paragrapher::wrapText (100 bytes)
Event: 332757.480 Thread 0x000001a7eaa3a4c0 nmethod 12875 0x000001a7d7ef4a10 code [0x000001a7d7ef4de0, 0x000001a7d7ef69f8]
Event: 332758.602 Thread 0x000001a7eaa33fc0 12876  s    4       org.eclipse.core.internal.jobs.OrderedLock::enqueue (52 bytes)
Event: 332760.443 Thread 0x000001a7eaa33fc0 nmethod 12876 0x000001a7df159210 code [0x000001a7df1594a0, 0x000001a7df15aa78]
Event: 332760.449 Thread 0x000001a7eaa33fc0 12877       4       org.eclipse.core.internal.jobs.InternalJob::schedule (16 bytes)
Event: 332762.063 Thread 0x000001a7eaa33fc0 nmethod 12877 0x000001a7df091010 code [0x000001a7df0911e0, 0x000001a7df0916d0]
Event: 332915.991 Thread 0x000001a7eaa33fc0 12878       4       java.util.ArrayDeque::poll (5 bytes)
Event: 332916.204 Thread 0x000001a7eaa33fc0 nmethod 12878 0x000001a7def5ce90 code [0x000001a7def5d020, 0x000001a7def5d138]

GC Heap History (20 events):
Event: 332900.075 GC heap before
{Heap before GC invocations=445 (full 55):
 garbage-first heap   total 1048576K, used 853194K [0x00000000c0000000, 0x0000000100000000)
  region size 1024K, 0 young (0K), 0 survivors (0K)
 Metaspace       used 32683K, committed 33984K, reserved 1114112K
  class space    used 3023K, committed 3520K, reserved 1048576K
}
Event: 332903.297 GC heap after
{Heap after GC invocations=446 (full 56):
 garbage-first heap   total 1048576K, used 853145K [0x00000000c0000000, 0x0000000100000000)
  region size 1024K, 0 young (0K), 0 survivors (0K)
 Metaspace       used 32683K, committed 33984K, reserved 1114112K
  class space    used 3023K, committed 3520K, reserved 1048576K
}
Event: 332906.413 GC heap before
{Heap before GC invocations=446 (full 56):
 garbage-first heap   total 1048576K, used 853145K [0x00000000c0000000, 0x0000000100000000)
  region size 1024K, 0 young (0K), 0 survivors (0K)
 Metaspace       used 32683K, committed 33984K, reserved 1114112K
  class space    used 3023K, committed 3520K, reserved 1048576K
}
Event: 332906.420 GC heap after
{Heap after GC invocations=447 (full 56):
 garbage-first heap   total 1048576K, used 853145K [0x00000000c0000000, 0x0000000100000000)
  region size 1024K, 0 young (0K), 0 survivors (0K)
 Metaspace       used 32683K, committed 33984K, reserved 1114112K
  class space    used 3023K, committed 3520K, reserved 1048576K
}
Event: 332907.625 GC heap before
{Heap before GC invocations=447 (full 56):
 garbage-first heap   total 1048576K, used 853145K [0x00000000c0000000, 0x0000000100000000)
  region size 1024K, 0 young (0K), 0 survivors (0K)
 Metaspace       used 32683K, committed 33984K, reserved 1114112K
  class space    used 3023K, committed 3520K, reserved 1048576K
}
Event: 332907.648 GC heap after
{Heap after GC invocations=448 (full 56):
 garbage-first heap   total 1048576K, used 853145K [0x00000000c0000000, 0x0000000100000000)
  region size 1024K, 0 young (0K), 0 survivors (0K)
 Metaspace       used 32683K, committed 33984K, reserved 1114112K
  class space    used 3023K, committed 3520K, reserved 1048576K
}
Event: 332907.648 GC heap before
{Heap before GC invocations=448 (full 56):
 garbage-first heap   total 1048576K, used 853145K [0x00000000c0000000, 0x0000000100000000)
  region size 1024K, 0 young (0K), 0 survivors (0K)
 Metaspace       used 32683K, committed 33984K, reserved 1114112K
  class space    used 3023K, committed 3520K, reserved 1048576K
}
Event: 332909.113 GC heap after
{Heap after GC invocations=449 (full 57):
 garbage-first heap   total 1048576K, used 547992K [0x00000000c0000000, 0x0000000100000000)
  region size 1024K, 0 young (0K), 0 survivors (0K)
 Metaspace       used 32683K, committed 33984K, reserved 1114112K
  class space    used 3023K, committed 3520K, reserved 1048576K
}
Event: 332909.122 GC heap before
{Heap before GC invocations=449 (full 57):
 garbage-first heap   total 1048576K, used 547992K [0x00000000c0000000, 0x0000000100000000)
  region size 1024K, 0 young (0K), 0 survivors (0K)
 Metaspace       used 32683K, committed 33984K, reserved 1114112K
  class space    used 3023K, committed 3520K, reserved 1048576K
}
Event: 332910.516 GC heap after
{Heap after GC invocations=450 (full 58):
 garbage-first heap   total 1048576K, used 547990K [0x00000000c0000000, 0x0000000100000000)
  region size 1024K, 0 young (0K), 0 survivors (0K)
 Metaspace       used 32683K, committed 33984K, reserved 1114112K
  class space    used 3023K, committed 3520K, reserved 1048576K
}
Event: 332914.673 GC heap before
{Heap before GC invocations=450 (full 58):
 garbage-first heap   total 1048576K, used 549014K [0x00000000c0000000, 0x0000000100000000)
  region size 1024K, 3 young (3072K), 0 survivors (0K)
 Metaspace       used 32683K, committed 33984K, reserved 1114112K
  class space    used 3023K, committed 3520K, reserved 1048576K
}
Event: 332914.739 GC heap after
{Heap after GC invocations=451 (full 58):
 garbage-first heap   total 1048576K, used 548250K [0x00000000c0000000, 0x0000000100000000)
  region size 1024K, 1 young (1024K), 1 survivors (1024K)
 Metaspace       used 32683K, committed 33984K, reserved 1114112K
  class space    used 3023K, committed 3520K, reserved 1048576K
}
Event: 332914.739 GC heap before
{Heap before GC invocations=451 (full 58):
 garbage-first heap   total 1048576K, used 548250K [0x00000000c0000000, 0x0000000100000000)
  region size 1024K, 1 young (1024K), 1 survivors (1024K)
 Metaspace       used 32683K, committed 33984K, reserved 1114112K
  class space    used 3023K, committed 3520K, reserved 1048576K
}
Event: 332914.777 GC heap after
{Heap after GC invocations=452 (full 58):
 garbage-first heap   total 1048576K, used 548280K [0x00000000c0000000, 0x0000000100000000)
  region size 1024K, 1 young (1024K), 1 survivors (1024K)
 Metaspace       used 32683K, committed 33984K, reserved 1114112K
  class space    used 3023K, committed 3520K, reserved 1048576K
}
Event: 332914.777 GC heap before
{Heap before GC invocations=452 (full 58):
 garbage-first heap   total 1048576K, used 548280K [0x00000000c0000000, 0x0000000100000000)
  region size 1024K, 1 young (1024K), 1 survivors (1024K)
 Metaspace       used 32683K, committed 33984K, reserved 1114112K
  class space    used 3023K, committed 3520K, reserved 1048576K
}
Event: 332915.389 GC heap after
{Heap after GC invocations=453 (full 59):
 garbage-first heap   total 918528K, used 273575K [0x00000000c0000000, 0x0000000100000000)
  region size 1024K, 0 young (0K), 0 survivors (0K)
 Metaspace       used 32683K, committed 33984K, reserved 1114112K
  class space    used 3023K, committed 3520K, reserved 1048576K
}
Event: 332929.456 GC heap before
{Heap before GC invocations=453 (full 59):
 garbage-first heap   total 918528K, used 559271K [0x00000000c0000000, 0x0000000100000000)
  region size 1024K, 12 young (12288K), 0 survivors (0K)
 Metaspace       used 32683K, committed 33984K, reserved 1114112K
  class space    used 3023K, committed 3520K, reserved 1048576K
}
Event: 332929.986 GC heap after
{Heap after GC invocations=454 (full 59):
 garbage-first heap   total 918528K, used 548775K [0x00000000c0000000, 0x0000000100000000)
  region size 1024K, 1 young (1024K), 1 survivors (1024K)
 Metaspace       used 32683K, committed 33984K, reserved 1114112K
  class space    used 3023K, committed 3520K, reserved 1048576K
}
Event: 332930.044 GC heap before
{Heap before GC invocations=454 (full 59):
 garbage-first heap   total 918528K, used 548775K [0x00000000c0000000, 0x0000000100000000)
  region size 1024K, 1 young (1024K), 1 survivors (1024K)
 Metaspace       used 32683K, committed 33984K, reserved 1114112K
  class space    used 3023K, committed 3520K, reserved 1048576K
}
Event: 332930.055 GC heap after
{Heap after GC invocations=455 (full 59):
 garbage-first heap   total 918528K, used 548818K [0x00000000c0000000, 0x0000000100000000)
  region size 1024K, 1 young (1024K), 1 survivors (1024K)
 Metaspace       used 32683K, committed 33984K, reserved 1114112K
  class space    used 3023K, committed 3520K, reserved 1048576K
}

Dll operation events (10 events):
Event: 0.218 Loaded shared library C:\Users\PC\.pydev_vscode\java19\jdk-19.0.2+7-jre\bin\java.dll
Event: 0.466 Loaded shared library C:\Users\PC\.pydev_vscode\java19\jdk-19.0.2+7-jre\bin\jsvml.dll
Event: 1.334 Loaded shared library C:\Users\PC\.pydev_vscode\java19\jdk-19.0.2+7-jre\bin\net.dll
Event: 1.347 Loaded shared library C:\Users\PC\.pydev_vscode\java19\jdk-19.0.2+7-jre\bin\nio.dll
Event: 1.371 Loaded shared library C:\Users\PC\.pydev_vscode\java19\jdk-19.0.2+7-jre\bin\zip.dll
Event: 1.768 Loaded shared library C:\Users\PC\.pydev_vscode\java19\jdk-19.0.2+7-jre\bin\jimage.dll
Event: 4.354 Loaded shared library C:\Users\PC\.vscode\extensions\fabioz.vscode-pydev-0.16.0\server\plugins\org.eclipse.equinox.launcher.win32.win32.x86_64_1.2.900.v20240213-1244\eclipse_11900.dll
Event: 11.630 Loaded shared library C:\Users\PC\.vscode\extensions\fabioz.vscode-pydev-0.16.0\server\config_win\org.eclipse.osgi\13\0\.cp\os\win32\x86_64\localfile_1_0_0.dll
Event: 12.031 Loaded shared library C:\Users\PC\.vscode\extensions\fabioz.vscode-pydev-0.16.0\server\config_win\org.eclipse.osgi\16\0\.cp\os\win32\x86_64\win32refresh.dll
Event: 49.539 Loaded shared library C:\Users\PC\.pydev_vscode\java19\jdk-19.0.2+7-jre\bin\extnet.dll

Deoptimization events (20 events):
Event: 332223.667 Thread 0x000001a7ef0ec9b0 DEOPT PACKING pc=0x000001a7dec32de0 sp=0x0000000b062fe990
Event: 332223.674 Thread 0x000001a7ef0ec9b0 DEOPT UNPACKING pc=0x000001a7de557543 sp=0x0000000b062fde30 mode 1
Event: 332223.773 Thread 0x000001a7ef0ec9b0 Uncommon trap: trap_request=0xffffffc6 fr.pc=0x000001a7df3b03b4 relative=0x0000000000000bd4
Event: 332223.774 Thread 0x000001a7ef0ec9b0 Uncommon trap: reason=bimorphic_or_optimized_type_check action=maybe_recompile pc=0x000001a7df3b03b4 method=sun.nio.cs.StreamEncoder.implFlush()V @ 15 c2
Event: 332223.774 Thread 0x000001a7ef0ec9b0 DEOPT PACKING pc=0x000001a7df3b03b4 sp=0x0000000b062fe6f0
Event: 332223.774 Thread 0x000001a7ef0ec9b0 DEOPT UNPACKING pc=0x000001a7de556da3 sp=0x0000000b062fe598 mode 2
Event: 332287.934 Thread 0x000001a7ef0ef980 Uncommon trap: trap_request=0xffffff45 fr.pc=0x000001a7df13c9fc relative=0x0000000000000f9c
Event: 332287.937 Thread 0x000001a7ef0ef980 Uncommon trap: reason=unstable_if action=reinterpret pc=0x000001a7df13c9fc method=org.python.pydev.core.wrap_paragraph.Paragrapher.wrapText(Ljava/lang/String;I)Ljava/util/List; @ 31 c2
Event: 332287.940 Thread 0x000001a7ef0ef980 DEOPT PACKING pc=0x000001a7df13c9fc sp=0x0000000b05ffec90
Event: 332287.942 Thread 0x000001a7ef0ef980 DEOPT UNPACKING pc=0x000001a7de556da3 sp=0x0000000b05ffec70 mode 2
Event: 332757.581 Thread 0x000001a7ef0f2950 DEOPT PACKING pc=0x000001a7d7ef67e8 sp=0x0000000b068fe910
Event: 332757.586 Thread 0x000001a7ef0f2950 DEOPT UNPACKING pc=0x000001a7de557543 sp=0x0000000b068fde48 mode 0
Event: 332906.494 Thread 0x000001a7ef0f2950 DEOPT PACKING pc=0x000001a7dec32de0 sp=0x0000000b068fe910
Event: 332906.986 Thread 0x000001a7ef0f2950 DEOPT UNPACKING pc=0x000001a7de557543 sp=0x0000000b068fddb0 mode 1
Event: 332910.744 Thread 0x000001a7ef0ee440 DEOPT PACKING pc=0x000001a7dec32de0 sp=0x0000000b064fe920
Event: 332910.747 Thread 0x000001a7ef0ee440 DEOPT UNPACKING pc=0x000001a7de557543 sp=0x0000000b064fddc0 mode 1
Event: 332913.317 Thread 0x000001a7ef0f2950 Uncommon trap: trap_request=0xffffffc6 fr.pc=0x000001a7df3b3840 relative=0x0000000000000b60
Event: 332913.331 Thread 0x000001a7ef0f2950 Uncommon trap: reason=bimorphic_or_optimized_type_check action=maybe_recompile pc=0x000001a7df3b3840 method=sun.nio.cs.StreamEncoder.implFlush()V @ 15 c2
Event: 332913.446 Thread 0x000001a7ef0f2950 DEOPT PACKING pc=0x000001a7df3b3840 sp=0x0000000b068fe600
Event: 332913.707 Thread 0x000001a7ef0f2950 DEOPT UNPACKING pc=0x000001a7de556da3 sp=0x0000000b068fe510 mode 2

Classes loaded (20 events):
Event: 36332.863 Loading class sun/util/logging/resources/logging_fr
Event: 36332.866 Loading class sun/util/logging/resources/logging_fr done
Event: 36332.868 Loading class sun/util/logging/resources/logging_fr_FR
Event: 36332.868 Loading class sun/util/logging/resources/logging_fr_FR done
Event: 36332.868 Loading class sun/util/logging/resources/logging_fr_FR
Event: 36332.868 Loading class sun/util/logging/resources/logging_fr_FR done
Event: 36332.895 Loading class java/util/Formatter$DateTime
Event: 36332.904 Loading class java/util/Formatter$DateTime done
Event: 36332.907 Loading class java/time/ZonedDateTime$1
Event: 36332.907 Loading class java/time/ZonedDateTime$1 done
Event: 36523.964 Loading class java/util/PropertyResourceBundle
Event: 36523.974 Loading class java/util/PropertyResourceBundle done
Event: 36524.012 Loading class sun/util/PropertyResourceBundleCharset
Event: 36524.037 Loading class sun/util/PropertyResourceBundleCharset done
Event: 36524.044 Loading class sun/util/PropertyResourceBundleCharset$PropertiesFileDecoder
Event: 36524.060 Loading class sun/util/PropertyResourceBundleCharset$PropertiesFileDecoder done
Event: 122405.704 Loading class java/io/FileReader
Event: 122405.712 Loading class java/io/FileReader done
Event: 257738.061 Loading class java/lang/ProcessBuilder$Redirect
Event: 257738.201 Loading class java/lang/ProcessBuilder$Redirect done

Classes unloaded (20 events):
Event: 331890.237 Thread 0x000001a7eaa181c0 Unloading class 0x0000000800f31800 'java/lang/invoke/LambdaForm$MH+0x0000000800f31800'
Event: 331890.237 Thread 0x000001a7eaa181c0 Unloading class 0x0000000800f15400 'java/lang/invoke/LambdaForm$MH+0x0000000800f15400'
Event: 331936.603 Thread 0x000001a7eaa181c0 Unloading class 0x0000000800f83400 'java/lang/invoke/LambdaForm$MH+0x0000000800f83400'
Event: 331936.603 Thread 0x000001a7eaa181c0 Unloading class 0x0000000800f81000 'java/lang/invoke/LambdaForm$BMH+0x0000000800f81000'
Event: 331936.603 Thread 0x000001a7eaa181c0 Unloading class 0x0000000800f68400 'java/lang/invoke/LambdaForm$MH+0x0000000800f68400'
Event: 331936.603 Thread 0x000001a7eaa181c0 Unloading class 0x0000000800f14c00 'java/lang/invoke/LambdaForm$MH+0x0000000800f14c00'
Event: 331936.603 Thread 0x000001a7eaa181c0 Unloading class 0x0000000800f24800 'java/lang/invoke/LambdaForm$MH+0x0000000800f24800'
Event: 331936.604 Thread 0x000001a7eaa181c0 Unloading class 0x0000000800ec8800 'java/lang/invoke/LambdaForm$MH+0x0000000800ec8800'
Event: 332089.956 Thread 0x000001a7eaa181c0 Unloading class 0x0000000800f24800 'java/lang/invoke/LambdaForm$BMH+0x0000000800f24800'
Event: 332089.959 Thread 0x000001a7eaa181c0 Unloading class 0x0000000800f81000 'java/lang/invoke/LambdaForm$MH+0x0000000800f81000'
Event: 332136.965 Thread 0x000001a7eaa181c0 Unloading class 0x0000000800ec8800 'java/lang/invoke/LambdaForm$MH+0x0000000800ec8800'
Event: 332136.967 Thread 0x000001a7eaa181c0 Unloading class 0x0000000800f14c00 'java/lang/invoke/LambdaForm$MH+0x0000000800f14c00'
Event: 332136.967 Thread 0x000001a7eaa181c0 Unloading class 0x0000000800f68400 'java/lang/invoke/LambdaForm$MH+0x0000000800f68400'
Event: 332136.967 Thread 0x000001a7eaa181c0 Unloading class 0x0000000800f83400 'java/lang/invoke/LambdaForm$MH+0x0000000800f83400'
Event: 332787.586 Thread 0x000001a7eaa181c0 Unloading class 0x0000000800f24800 'java/lang/invoke/LambdaForm$BMH+0x0000000800f24800'
Event: 332787.588 Thread 0x000001a7eaa181c0 Unloading class 0x0000000800f14c00 'java/lang/invoke/LambdaForm$MH+0x0000000800f14c00'
Event: 332892.592 Thread 0x000001a7eaa181c0 Unloading class 0x0000000800f81000 'java/lang/invoke/LambdaForm$MH+0x0000000800f81000'
Event: 332892.593 Thread 0x000001a7eaa181c0 Unloading class 0x0000000800f83400 'java/lang/invoke/LambdaForm$MH+0x0000000800f83400'
Event: 332892.594 Thread 0x000001a7eaa181c0 Unloading class 0x0000000800f68400 'java/lang/invoke/LambdaForm$MH+0x0000000800f68400'
Event: 332892.595 Thread 0x000001a7eaa181c0 Unloading class 0x0000000800ec8800 'java/lang/invoke/LambdaForm$MH+0x0000000800ec8800'

Classes redefined (0 events):
No events

Internal exceptions (20 events):
Event: 331610.330 Thread 0x000001a7ef0ef980 Exception <a 'java/lang/NoSuchMethodError'{0x00000000ff09b108}: 'void java.lang.invoke.DelegatingMethodHandle$Holder.reinvoke_L(java.lang.Object, java.lang.Object, int)'> (0x00000000ff09b108) 
thrown [s\src\hotspot\share\interpreter\linkResolver.cpp, line 774]
Event: 331708.100 Thread 0x000001a7ef0ec9b0 Exception <a 'java/lang/OutOfMemoryError'{0x00000000c018ef70}> (0x00000000c018ef70) 
thrown [s\src\hotspot\share\gc\shared\memAllocator.cpp, line 136]
Event: 331709.018 Thread 0x000001a7ef0ec9b0 Implicit null exception at 0x000001a7deddf15b to 0x000001a7deddf994
Event: 331709.116 Thread 0x000001a7ef0ec9b0 Exception <a 'java/lang/NoSuchMethodError'{0x00000000ffb18448}: 'void java.lang.invoke.DelegatingMethodHandle$Holder.reinvoke_L(java.lang.Object, java.lang.Object, int)'> (0x00000000ffb18448) 
thrown [s\src\hotspot\share\interpreter\linkResolver.cpp, line 774]
Event: 331732.687 Thread 0x000001a7ef0f0ec0 Exception <a 'java/lang/OutOfMemoryError'{0x00000000c018ef70}> (0x00000000c018ef70) 
thrown [s\src\hotspot\share\gc\shared\memAllocator.cpp, line 136]
Event: 331754.002 Thread 0x000001a7ef0ef980 Exception <a 'java/lang/OutOfMemoryError'{0x00000000c018ef70}> (0x00000000c018ef70) 
thrown [s\src\hotspot\share\gc\shared\memAllocator.cpp, line 136]
Event: 331783.387 Thread 0x000001a7ef0ec9b0 Exception <a 'java/lang/OutOfMemoryError'{0x00000000c018ef70}> (0x00000000c018ef70) 
thrown [s\src\hotspot\share\gc\shared\memAllocator.cpp, line 136]
Event: 331886.293 Thread 0x000001a7ef0ec9b0 Exception <a 'java/lang/OutOfMemoryError'{0x00000000c018ef70}> (0x00000000c018ef70) 
thrown [s\src\hotspot\share\gc\shared\memAllocator.cpp, line 136]
Event: 331887.982 Thread 0x000001a7ef0f0ec0 Exception <a 'java/lang/OutOfMemoryError'{0x00000000c018ef70}> (0x00000000c018ef70) 
thrown [s\src\hotspot\share\gc\shared\memAllocator.cpp, line 136]
Event: 331888.510 Thread 0x000001a7ef0f0ec0 Exception <a 'java/lang/NoSuchMethodError'{0x00000000ffbe0ec0}: 'void java.lang.invoke.DelegatingMethodHandle$Holder.reinvoke_L(java.lang.Object, java.lang.Object, int)'> (0x00000000ffbe0ec0) 
thrown [s\src\hotspot\share\interpreter\linkResolver.cpp, line 774]
Event: 331888.513 Thread 0x000001a7ef0ec9b0 Exception <a 'java/lang/NoSuchMethodError'{0x00000000ffb5ce00}: 'void java.lang.invoke.DelegatingMethodHandle$Holder.reinvoke_L(java.lang.Object, java.lang.Object, int)'> (0x00000000ffb5ce00) 
thrown [s\src\hotspot\share\interpreter\linkResolver.cpp, line 774]
Event: 331937.292 Thread 0x000001a7ef0ef980 Exception <a 'java/lang/OutOfMemoryError'{0x00000000c018ef70}> (0x00000000c018ef70) 
thrown [s\src\hotspot\share\gc\shared\memAllocator.cpp, line 136]
Event: 331958.089 Thread 0x000001a7ef0ec9b0 Exception <a 'java/lang/OutOfMemoryError'{0x00000000c018ef70}> (0x00000000c018ef70) 
thrown [s\src\hotspot\share\gc\shared\memAllocator.cpp, line 136]
Event: 332034.437 Thread 0x000001a7ef0ef980 Exception <a 'java/lang/NoSuchMethodError'{0x00000000ff91cbe8}: 'void java.lang.invoke.DelegatingMethodHandle$Holder.reinvoke_L(java.lang.Object, java.lang.Object, int)'> (0x00000000ff91cbe8) 
thrown [s\src\hotspot\share\interpreter\linkResolver.cpp, line 774]
Event: 332138.408 Thread 0x000001a7ef0f0ec0 Exception <a 'java/lang/OutOfMemoryError'{0x00000000c018ef70}> (0x00000000c018ef70) 
thrown [s\src\hotspot\share\gc\shared\memAllocator.cpp, line 136]
Event: 332149.910 Thread 0x000001a7ef0ef980 Exception <a 'java/lang/OutOfMemoryError'{0x00000000c018ef70}> (0x00000000c018ef70) 
thrown [s\src\hotspot\share\gc\shared\memAllocator.cpp, line 136]
Event: 332223.610 Thread 0x000001a7ef0ec9b0 Exception <a 'java/lang/OutOfMemoryError'{0x00000000c018ef70}> (0x00000000c018ef70) 
thrown [s\src\hotspot\share\gc\shared\memAllocator.cpp, line 136]
Event: 332287.630 Thread 0x000001a7ef0ef980 Exception <a 'java/lang/NoSuchMethodError'{0x00000000ffe5a928}: 'void java.lang.invoke.DelegatingMethodHandle$Holder.reinvoke_L(java.lang.Object, java.lang.Object, int)'> (0x00000000ffe5a928) 
thrown [s\src\hotspot\share\interpreter\linkResolver.cpp, line 774]
Event: 332903.330 Thread 0x000001a7ef0f2950 Exception <a 'java/lang/OutOfMemoryError'{0x00000000c018ef70}> (0x00000000c018ef70) 
thrown [s\src\hotspot\share\gc\shared\memAllocator.cpp, line 136]
Event: 332910.699 Thread 0x000001a7ef0ee440 Exception <a 'java/lang/OutOfMemoryError'{0x00000000c018ef70}> (0x00000000c018ef70) 
thrown [s\src\hotspot\share\gc\shared\memAllocator.cpp, line 136]

VM Operations (20 events):
Event: 332893.489 Executing VM operation: G1CollectForAllocation done
Event: 332893.490 Executing VM operation: G1TryInitiateConcMark
Event: 332895.943 Executing VM operation: G1TryInitiateConcMark done
Event: 332895.951 Executing VM operation: G1CollectForAllocation
Event: 332903.311 Executing VM operation: G1CollectForAllocation done
Event: 332903.334 Executing VM operation: G1TryInitiateConcMark
Event: 332906.421 Executing VM operation: G1TryInitiateConcMark done
Event: 332906.422 Executing VM operation: G1CollectForAllocation
Event: 332910.521 Executing VM operation: G1CollectForAllocation done
Event: 332913.530 Executing VM operation: Cleanup
Event: 332913.709 Executing VM operation: Cleanup done
Event: 332914.663 Executing VM operation: G1TryInitiateConcMark
Event: 332914.739 Executing VM operation: G1TryInitiateConcMark done
Event: 332914.739 Executing VM operation: G1CollectForAllocation
Event: 332915.391 Executing VM operation: G1CollectForAllocation done
Event: 332918.424 Executing VM operation: Cleanup
Event: 332918.646 Executing VM operation: Cleanup done
Event: 332929.448 Executing VM operation: G1TryInitiateConcMark
Event: 332929.995 Executing VM operation: G1TryInitiateConcMark done
Event: 332930.005 Executing VM operation: G1CollectForAllocation

Events (20 events):
Event: 332048.461 Thread 0x000001a7ef0ec9b0 Thread exited: 0x000001a7ef0ec9b0
Event: 332053.980 Thread 0x000001a7ef0edef0 Thread added: 0x000001a7ef0edef0
Event: 332055.950 Thread 0x000001a7ef0f2950 Thread added: 0x000001a7ef0f2950
Event: 332056.103 Thread 0x000001a7ef0f2950 Thread exited: 0x000001a7ef0f2950
Event: 332063.400 Thread 0x000001a7ef0ec9b0 Thread added: 0x000001a7ef0ec9b0
Event: 332119.931 Thread 0x000001a7ef0edef0 Thread exited: 0x000001a7ef0edef0
Event: 332158.097 Thread 0x000001a7ef0ee440 Thread exited: 0x000001a7ef0ee440
Event: 332265.091 Thread 0x000001a7ef0edef0 Thread added: 0x000001a7ef0edef0
Event: 332266.846 Thread 0x000001a7ef0f1960 Thread added: 0x000001a7ef0f1960
Event: 332283.830 Thread 0x000001a7ef0ec9b0 Thread exited: 0x000001a7ef0ec9b0
Event: 332358.437 Thread 0x000001a7ef0ef980 Thread exited: 0x000001a7ef0ef980
Event: 332418.775 Thread 0x000001a7ef0f0ec0 Thread exited: 0x000001a7ef0f0ec0
Event: 332532.818 Thread 0x000001a7ef0f0970 Thread exited: 0x000001a7ef0f0970
Event: 332754.836 Thread 0x000001a7ef0ec9b0 Thread added: 0x000001a7ef0ec9b0
Event: 332756.370 Thread 0x000001a7ef0ee440 Thread added: 0x000001a7ef0ee440
Event: 332756.576 Thread 0x000001a7ef0ee440 Thread exited: 0x000001a7ef0ee440
Event: 332756.667 Thread 0x000001a7ef0ef430 Thread added: 0x000001a7ef0ef430
Event: 332756.995 Thread 0x000001a7ef0f0970 Thread added: 0x000001a7ef0f0970
Event: 332757.221 Thread 0x000001a7ef0ee440 Thread added: 0x000001a7ef0ee440
Event: 332757.359 Thread 0x000001a7ef0f2950 Thread added: 0x000001a7ef0f2950


Dynamic libraries:
0x00007ff7dd0c0000 - 0x00007ff7dd0ce000 	C:\Users\PC\.pydev_vscode\java19\jdk-19.0.2+7-jre\bin\java.exe
0x00007ff8346d0000 - 0x00007ff8348c8000 	C:\Windows\SYSTEM32\ntdll.dll
0x00007ff802a40000 - 0x00007ff802a61000 	C:\Program Files\Avast Software\Avast\aswhook.dll
0x00007ff833120000 - 0x00007ff8331e2000 	C:\Windows\System32\KERNEL32.DLL
0x00007ff831de0000 - 0x00007ff8320d6000 	C:\Windows\System32\KERNELBASE.dll
0x00007ff832420000 - 0x00007ff832520000 	C:\Windows\System32\ucrtbase.dll
0x00007ff82ab30000 - 0x00007ff82ab47000 	C:\Users\PC\.pydev_vscode\java19\jdk-19.0.2+7-jre\bin\jli.dll
0x00007ff82ab10000 - 0x00007ff82ab29000 	C:\Users\PC\.pydev_vscode\java19\jdk-19.0.2+7-jre\bin\VCRUNTIME140.dll
0x00007ff833e10000 - 0x00007ff833fb1000 	C:\Windows\System32\USER32.dll
0x00007ff832300000 - 0x00007ff832322000 	C:\Windows\System32\win32u.dll
0x00007ff834250000 - 0x00007ff83427b000 	C:\Windows\System32\GDI32.dll
0x00007ff8325d0000 - 0x00007ff8326e9000 	C:\Windows\System32\gdi32full.dll
0x00007ff832380000 - 0x00007ff83241d000 	C:\Windows\System32\msvcp_win.dll
0x00007ff820e00000 - 0x00007ff82109b000 	C:\Windows\WinSxS\amd64_microsoft.windows.common-controls_6595b64144ccf1df_6.0.19041.6456_none_60b8a6cb71f64256\COMCTL32.dll
0x00007ff834290000 - 0x00007ff83432e000 	C:\Windows\System32\msvcrt.dll
0x00007ff833fc0000 - 0x00007ff833fef000 	C:\Windows\System32\IMM32.DLL
0x00007ff82ab00000 - 0x00007ff82ab0c000 	C:\Users\PC\.pydev_vscode\java19\jdk-19.0.2+7-jre\bin\vcruntime140_1.dll
0x00007fffbc400000 - 0x00007fffbc491000 	C:\Users\PC\.pydev_vscode\java19\jdk-19.0.2+7-jre\bin\msvcp140.dll
0x00007fffba030000 - 0x00007fffbad21000 	C:\Users\PC\.pydev_vscode\java19\jdk-19.0.2+7-jre\bin\server\jvm.dll
0x00007ff833660000 - 0x00007ff833711000 	C:\Windows\System32\ADVAPI32.dll
0x00007ff833d70000 - 0x00007ff833e0f000 	C:\Windows\System32\sechost.dll
0x00007ff8337a0000 - 0x00007ff8338c0000 	C:\Windows\System32\RPCRT4.dll
0x00007ff832240000 - 0x00007ff832267000 	C:\Windows\System32\bcrypt.dll
0x00007ff81e550000 - 0x00007ff81e559000 	C:\Windows\SYSTEM32\WSOCK32.dll
0x00007ff833ba0000 - 0x00007ff833c0b000 	C:\Windows\System32\WS2_32.dll
0x00007ff8243d0000 - 0x00007ff8243da000 	C:\Windows\SYSTEM32\VERSION.dll
0x00007ff81ebc0000 - 0x00007ff81ebe7000 	C:\Windows\SYSTEM32\WINMM.dll
0x00007ff830530000 - 0x00007ff830542000 	C:\Windows\SYSTEM32\kernel.appcore.dll
0x00007ff82aaf0000 - 0x00007ff82aafa000 	C:\Users\PC\.pydev_vscode\java19\jdk-19.0.2+7-jre\bin\jimage.dll
0x00007ff82f980000 - 0x00007ff82fb81000 	C:\Windows\SYSTEM32\DBGHELP.DLL
0x00007ff823df0000 - 0x00007ff823e24000 	C:\Windows\SYSTEM32\dbgcore.DLL
0x00007ff832270000 - 0x00007ff8322f2000 	C:\Windows\System32\bcryptPrimitives.dll
0x00007ff82aac0000 - 0x00007ff82aae6000 	C:\Users\PC\.pydev_vscode\java19\jdk-19.0.2+7-jre\bin\java.dll
0x00007fffbb720000 - 0x00007fffbb7f6000 	C:\Users\PC\.pydev_vscode\java19\jdk-19.0.2+7-jre\bin\jsvml.dll
0x00007ff832750000 - 0x00007ff832ec0000 	C:\Windows\System32\SHELL32.dll
0x00007ff82fc80000 - 0x00007ff830425000 	C:\Windows\SYSTEM32\windows.storage.dll
0x00007ff834330000 - 0x00007ff834684000 	C:\Windows\System32\combase.dll
0x00007ff8315d0000 - 0x00007ff8315fb000 	C:\Windows\SYSTEM32\Wldp.dll
0x00007ff833a60000 - 0x00007ff833b2d000 	C:\Windows\System32\OLEAUT32.dll
0x00007ff833cc0000 - 0x00007ff833d6d000 	C:\Windows\System32\SHCORE.dll
0x00007ff8326f0000 - 0x00007ff83274b000 	C:\Windows\System32\shlwapi.dll
0x00007ff831c90000 - 0x00007ff831cb4000 	C:\Windows\SYSTEM32\profapi.dll
0x00007ff829e10000 - 0x00007ff829e23000 	C:\Users\PC\.pydev_vscode\java19\jdk-19.0.2+7-jre\bin\net.dll
0x00007ff825970000 - 0x00007ff825a7a000 	C:\Windows\SYSTEM32\WINHTTP.dll
0x00007ff8313b0000 - 0x00007ff83141a000 	C:\Windows\system32\mswsock.dll
0x00007ff829df0000 - 0x00007ff829e06000 	C:\Users\PC\.pydev_vscode\java19\jdk-19.0.2+7-jre\bin\nio.dll
0x00007ff80aad0000 - 0x00007ff80aae8000 	C:\Users\PC\.pydev_vscode\java19\jdk-19.0.2+7-jre\bin\zip.dll
0x00007ff8097f0000 - 0x00007ff80982e000 	C:\Users\PC\.vscode\extensions\fabioz.vscode-pydev-0.16.0\server\plugins\org.eclipse.equinox.launcher.win32.win32.x86_64_1.2.900.v20240213-1244\eclipse_11900.dll
0x00007ff832fe0000 - 0x00007ff83310b000 	C:\Windows\System32\ole32.dll
0x0000000180000000 - 0x0000000180012000 	C:\Users\PC\.vscode\extensions\fabioz.vscode-pydev-0.16.0\server\config_win\org.eclipse.osgi\13\0\.cp\os\win32\x86_64\localfile_1_0_0.dll
0x00007ff800060000 - 0x00007ff80007b000 	C:\Users\PC\.vscode\extensions\fabioz.vscode-pydev-0.16.0\server\config_win\org.eclipse.osgi\16\0\.cp\os\win32\x86_64\win32refresh.dll
0x00007ff831540000 - 0x00007ff83154c000 	C:\Windows\SYSTEM32\CRYPTBASE.DLL
0x00007ff831610000 - 0x00007ff831628000 	C:\Windows\SYSTEM32\CRYPTSP.dll
0x00007ff830cf0000 - 0x00007ff830d28000 	C:\Windows\system32\rsaenh.dll
0x00007ff831ba0000 - 0x00007ff831bce000 	C:\Windows\SYSTEM32\USERENV.dll
0x00007ff8310b0000 - 0x00007ff8310eb000 	C:\Windows\SYSTEM32\IPHLPAPI.DLL
0x00007ff834280000 - 0x00007ff834288000 	C:\Windows\System32\NSI.dll
0x00007ff828520000 - 0x00007ff828537000 	C:\Windows\SYSTEM32\dhcpcsvc6.DLL
0x00007ff828500000 - 0x00007ff82851d000 	C:\Windows\SYSTEM32\dhcpcsvc.DLL
0x00007ff8310f0000 - 0x00007ff8311ba000 	C:\Windows\SYSTEM32\DNSAPI.dll
0x00007ff82aba0000 - 0x00007ff82aba8000 	C:\Users\PC\.pydev_vscode\java19\jdk-19.0.2+7-jre\bin\extnet.dll

dbghelp: loaded successfully - version: 4.0.5 - missing functions: none
symbol engine: initialized successfully - sym options: 0x614 - pdb path: .;C:\Users\PC\.pydev_vscode\java19\jdk-19.0.2+7-jre\bin;C:\Windows\SYSTEM32;C:\Program Files\Avast Software\Avast;C:\Windows\WinSxS\amd64_microsoft.windows.common-controls_6595b64144ccf1df_6.0.19041.6456_none_60b8a6cb71f64256;C:\Users\PC\.pydev_vscode\java19\jdk-19.0.2+7-jre\bin\server;C:\Users\PC\.vscode\extensions\fabioz.vscode-pydev-0.16.0\server\plugins\org.eclipse.equinox.launcher.win32.win32.x86_64_1.2.900.v20240213-1244;C:\Users\PC\.vscode\extensions\fabioz.vscode-pydev-0.16.0\server\config_win\org.eclipse.osgi\13\0\.cp\os\win32\x86_64;C:\Users\PC\.vscode\extensions\fabioz.vscode-pydev-0.16.0\server\config_win\org.eclipse.osgi\16\0\.cp\os\win32\x86_64

VM Arguments:
jvm_args: --add-modules=ALL-SYSTEM --add-opens=java.base/java.util=ALL-UNNAMED --add-opens=java.base/java.lang=ALL-UNNAMED -Declipse.application=org.python.pydev.pydev_lsp.application -Dosgi.bundles.defaultStartLevel=4 -Declipse.product=org.python.pydev.pydev_lsp.product -Xmx1G -XX:+UseG1GC -XX:+UseStringDeduplication 
java_command: c:\Users\PC\.vscode\extensions\fabioz.vscode-pydev-0.16.0\server\plugins\org.eclipse.equinox.launcher_1.6.700.v20240213-1244.jar -configuration c:\Users\PC\.vscode\extensions\fabioz.vscode-pydev-0.16.0\server\config_win -data c:\Users\PC\AppData\Roaming\Code\User\workspaceStorage\80d58d974b7f6cef2790780eb1b7b012\fabioz.vscode-pydev\pydev_ws
java_class_path (initial): c:\Users\PC\.vscode\extensions\fabioz.vscode-pydev-0.16.0\server\plugins\org.eclipse.equinox.launcher_1.6.700.v20240213-1244.jar
Launcher Type: SUN_STANDARD

[Global flags]
     intx CICompilerCount                          = 3                                         {product} {ergonomic}
     uint ConcGCThreads                            = 1                                         {product} {ergonomic}
     uint G1ConcRefinementThreads                  = 4                                         {product} {ergonomic}
   size_t G1HeapRegionSize                         = 1048576                                   {product} {ergonomic}
    uintx GCDrainStackTargetSize                   = 64                                        {product} {ergonomic}
   size_t InitialHeapSize                          = 67108864                                  {product} {ergonomic}
   size_t MarkStackSize                            = 4194304                                   {product} {ergonomic}
   size_t MaxHeapSize                              = 1073741824                                {product} {command line}
   size_t MaxNewSize                               = 643825664                                 {product} {ergonomic}
   size_t MinHeapDeltaBytes                        = 1048576                                   {product} {ergonomic}
   size_t MinHeapSize                              = 8388608                                   {product} {ergonomic}
    uintx NonNMethodCodeHeapSize                   = 5832780                                {pd product} {ergonomic}
    uintx NonProfiledCodeHeapSize                  = 122912730                              {pd product} {ergonomic}
    uintx ProfiledCodeHeapSize                     = 122912730                              {pd product} {ergonomic}
    uintx ReservedCodeCacheSize                    = 251658240                              {pd product} {ergonomic}
     bool SegmentedCodeCache                       = true                                      {product} {ergonomic}
   size_t SoftMaxHeapSize                          = 1073741824                             {manageable} {ergonomic}
     bool UseCompressedClassPointers               = true                           {product lp64_product} {ergonomic}
     bool UseCompressedOops                        = true                           {product lp64_product} {ergonomic}
     bool UseG1GC                                  = true                                      {product} {command line}
     bool UseLargePagesIndividualAllocation        = false                                  {pd product} {ergonomic}
     bool UseStringDeduplication                   = true                                      {product} {command line}

Logging:
Log output configuration:
 #0: stdout all=warning uptime,level,tags foldmultilines=false
 #1: stderr all=off uptime,level,tags foldmultilines=false

Environment Variables:
JAVA_HOME="C:\Program Files\Eclipse Adoptium\jdk-11.0.29.7-hotspot"
PATH=C:\Users\PC\AppData\Local\Programs\Microsoft VS Code;C:\Program Files\Eclipse Adoptium\jdk-11.0.29.7-hotspot\bin;C:\Program Files\Eclipse Adoptium\jdk-25.0.1.8-hotspot\bin;C:\Program Files\Common Files\Oracle\Java\javapath;C:\Python314\Scripts\;C:\Python314\;C:\Windows\system32;C:\Windows;C:\Windows\System32\Wbem;C:\Windows\System32\WindowsPowerShell\v1.0\;C:\Windows\System32\OpenSSH\;C:\Program Files\dotnet\;C:\Program Files\nodejs\;C:\ProgramData\chocolatey\bin;C:\Program Files\Eclipse Adoptium\jdk-11.0.29.7-hotspot\bin;"C:\Users\PC\Downloads\apache-maven-3.9.12-bin\apache-maven-3.9.12\bin"\bin;C:\Program Files\Git\cmd;C:\Program Files\Docker\Docker\resources\bin;C:\Program Files\GitHub CLI\;C:\Program Files\cursor\resources\app\bin;C:\Users\PC\AppData\Local\Microsoft\WindowsApps;C:\Users\PC\AppData\Local\Programs\Microsoft VS Code\bin;C:\Users\PC\AppData\Roaming\npm;C:\Users\PC\Downloads\postgresql-18.1-1-windows-x64-binaries\pgsql\bin;C:\Users\PC\AppData\Local\GitHubDesktop\bin;"C:\Program Files\Eclipse Adoptium\jdk-11.0.29.7-hotspot"\bin;C:\Users\PC\.dotnet\tools;C:\Users\PC\AppData\Local\Programs\Zed\bin
USERNAME=PC
OS=Windows_NT
PROCESSOR_IDENTIFIER=Intel64 Family 6 Model 61 Stepping 4, GenuineIntel
TMP=C:\Users\PC\AppData\Local\Temp
TEMP=C:\Users\PC\AppData\Local\Temp



---------------  S Y S T E M  ---------------

OS:
 Windows 10 , 64 bit Build 19041 (10.0.19041.5915)
OS uptime: 3 days 20:35 hours
Hyper-V role detected

CPU: total 4 (initial active 4) (2 cores per cpu, 2 threads per core) family 6 model 61 stepping 4 microcode 0x2d, cx8, cmov, fxsr, ht, mmx, 3dnowpref, sse, sse2, sse3, ssse3, sse4.1, sse4.2, popcnt, lzcnt, tsc, tscinvbit, avx, avx2, aes, erms, clmul, bmi1, bmi2, rtm, adx, fma, vzeroupper, clflush, hv, rdtscp

Memory: 4k page, system-wide physical 3979M (207M free)
TotalPageFile size 16267M (AvailPageFile size 136M)
current process WorkingSet (physical memory assigned to process): 605M, peak: 1095M
current process commit charge ("private bytes"): 1124M, peak: 1268M

vm_info: OpenJDK 64-Bit Server VM (19.0.2+7) for windows-amd64 JRE (19.0.2+7), built on 2023-01-17T00:00:00Z by "temurin" with MS VC++ 16.7 (VS2019)

END.
